{"type":"FeatureCollection","features":[{"type":"Feature","geometry":{"type":"Polygon","coordinates":[[[-118.11245,39.56145],[-118.11316,39.56164],[-118.1154,39.56327],[-118.11873,39.56376],[-118.11543,39.56322],[-118.11273,39.56142],[-118.11144,39.56164],[-118.11072,39.56136],[-118.10994,39.56184],[-118.10933,39.56142],[-118.108,39.56141],[-118.10736,39.561],[-118.1057,39.56077],[-118.10393,39.55932],[-118.10226,39.55871],[-118.10054,39.55753],[-118.09861,39.55691],[-118.0976,39.55545],[-118.09577,39.55403],[-118.09498,39.55274],[-118.09448,39.54938],[-118.09297,39.5475],[-118.09067,39.54536],[-118.08669,39.54041],[-118.08351,39.53807],[-118.07922,39.53308],[-118.07549,39.53058],[-118.07277,39.52721],[-118.07543,39.53062],[-118.07917,39.53312],[-118.08345,39.5381],[-118.08663,39.54044],[-118.09061,39.54539],[-118.09291,39.54753],[-118.09442,39.5494],[-118.09491,39.55276],[-118.09571,39.55405],[-118.09755,39.55548],[-118.09854,39.5569],[-118.09728,39.55634],[-118.09674,39.55545],[-118.09474,39.55437],[-118.09252,39.55159],[-118.09226,39.55076],[-118.09104,39.54948],[-118.08812,39.54726],[-118.08649,39.54642],[-118.08451,39.54427],[-118.0843,39.54347],[-118.08337,39.54316],[-118.08217,39.54219],[-118.08174,39.54051],[-118.08016,39.53924],[-118.07832,39.53847],[-118.07733,39.53738],[-118.07736,39.53678],[-118.07568,39.53577],[-118.07415,39.53367],[-118.07112,39.5323],[-118.06983,39.53042],[-118.06751,39.52849],[-118.0668,39.52634],[-118.06467,39.52495],[-118.06408,39.52411],[-118.06227,39.52326],[-118.06104,39.52216],[-118.05884,39.52157],[-118.05858,39.52041],[-118.05674,39.51979],[-118.05365,39.51739],[-118.05332,39.51618],[-118.05276,39.51568],[-118.05017,39.51492],[-118.04821,39.51487],[-118.04636,39.51434],[-118.04606,39.51221],[-118.04541,39.51194],[-118.04487,39.51085],[-118.04374,39.51054],[-118.04331,39.50941],[-118.04233,39.5085],[-118.04325,39.50943],[-118.04368,39.51058],[-118.04482,39.51089],[-118.04536,39.51198],[-118.046,39.51224],[-118.04631,39.51437],[-118.04819,39.51493],[-118.05015,39.51498],[-118.0515,39.51558],[-118.05272,39.51573],[-118.05326,39.5162],[-118.05359,39.51742],[-118.0567,39.51983],[-118.05852,39.52044],[-118.05878,39.5216],[-118.061,39.5222],[-118.06222,39.5233],[-118.06403,39.52415],[-118.06461,39.52499],[-118.06675,39.52638],[-118.06751,39.5286],[-118.06977,39.53045],[-118.07107,39.53233],[-118.07409,39.53371],[-118.07561,39.53576],[-118.07231,39.53466],[-118.07079,39.53339],[-118.06844,39.53286],[-118.06774,39.53241],[-118.06773,39.53191],[-118.0659,39.52992],[-118.06511,39.52841],[-118.06204,39.52607],[-118.06139,39.52476],[-118.05869,39.52324],[-118.05682,39.52126],[-118.05863,39.52327],[-118.06133,39.52479],[-118.06198,39.5261],[-118.06506,39.52845],[-118.06584,39.52995],[-118.06765,39.53193],[-118.06769,39.53244],[-118.06841,39.53291],[-118.07076,39.53344],[-118.07227,39.53471],[-118.07563,39.53581],[-118.07708,39.53665],[-118.07727,39.5374],[-118.07827,39.53851],[-118.08012,39.53929],[-118.08168,39.54054],[-118.08214,39.54212],[-118.08114,39.54141],[-118.07924,39.54115],[-118.07595,39.53911],[-118.07473,39.53791],[-118.06596,39.53454],[-118.06093,39.53093],[-118.05697,39.52933],[-118.05647,39.52823],[-118.05468,39.52677],[-118.05188,39.5234],[-118.04815,39.52018],[-118.04762,39.5187],[-118.04701,39.51799],[-118.04291,39.5145],[-118.04121,39.5139],[-118.04019,39.51243],[-118.03891,39.51137],[-118.03885,39.5107],[-118.04022,39.50987],[-118.0392,39.50832],[-118.04,39.50803],[-118.0405,39.50714],[-118.03994,39.508],[-118.0391,39.50845],[-118.03976,39.50912],[-118.04007,39.5101],[-118.03864,39.51091],[-118.04113,39.51388],[-118.03915,39.51293],[-118.03795,39.51275],[-118.03682,39.51187],[-118.03588,39.50972],[-118.0365,39.50886],[-118.03645,39.50838],[-118.03684,39.50819],[-118.03665,39.5078],[-118.03725,39.50678],[-118.03624,39.50634],[-118.03599,39.50482],[-118.03617,39.50636],[-118.03718,39.50679],[-118.03658,39.50779],[-118.03677,39.50817],[-118.03639,39.50836],[-118.03643,39.50885],[-118.03587,39.50964],[-118.03423,39.50724],[-118.03294,39.50639],[-118.03278,39.50592],[-118.03287,39.50335],[-118.03396,39.50239],[-118.03517,39.5021],[-118.03519,39.50169],[-118.03448,39.50095],[-118.03316,39.50041],[-118.03263,39.49986],[-118.03312,39.50045],[-118.03442,39.50098],[-118.03517,39.50186],[-118.03392,39.50235],[-118.03281,39.50332],[-118.03286,39.50636],[-118.03147,39.5063],[-118.03094,39.50603],[-118.03071,39.50521],[-118.03074,39.50411],[-118.03118,39.50387],[-118.03101,39.50337],[-118.02882,39.50277],[-118.02851,39.50224],[-118.02705,39.50138],[-118.02654,39.50075],[-118.02656,39.49918],[-118.02598,39.49824],[-118.02649,39.49919],[-118.0266,39.50098],[-118.02846,39.50227],[-118.02877,39.50281],[-118.03095,39.50339],[-118.0311,39.50385],[-118.03062,39.50435],[-118.03088,39.50606],[-118.03289,39.50643],[-118.03411,39.50721],[-118.03577,39.50953],[-118.03676,39.51189],[-118.03788,39.51277],[-118.03473,39.51116],[-118.03422,39.51006],[-118.03316,39.50923],[-118.03156,39.50943],[-118.0309,39.50892],[-118.03154,39.50948],[-118.03335,39.50937],[-118.03416,39.51009],[-118.03453,39.51108],[-118.03647,39.51193],[-118.03759,39.51285],[-118.03618,39.51299],[-118.03561,39.51351],[-118.03412,39.51336],[-118.03102,39.51109],[-118.02815,39.51118],[-118.02716,39.50953],[-118.02789,39.50777],[-118.02717,39.50607],[-118.02607,39.50505],[-118.02504,39.50511],[-118.02466,39.50551],[-118.02339,39.50528],[-118.02258,39.50451],[-118.02296,39.50301],[-118.02202,39.50208],[-118.02103,39.50172],[-118.02142,39.50058],[-118.02114,39.49913],[-118.02073,39.4988],[-118.02075,39.49693],[-118.02046,39.49632],[-118.02097,39.49569],[-118.02132,39.49322],[-118.01956,39.49137],[-118.01955,39.49025],[-118.0191,39.48959],[-118.02009,39.48741],[-118.01903,39.4896],[-118.01948,39.49026],[-118.01949,39.49139],[-118.02122,39.49307],[-118.0209,39.49568],[-118.02041,39.49627],[-118.01946,39.4959],[-118.01946,39.49372],[-118.01914,39.49331],[-118.01682,39.49364],[-118.01602,39.49297],[-118.01585,39.49174],[-118.01633,39.48983],[-118.01578,39.4869],[-118.01605,39.48661],[-118.01621,39.48483],[-118.0155,39.48263],[-118.01614,39.48484],[-118.01571,39.48689],[-118.01626,39.48983],[-118.01578,39.49174],[-118.01595,39.49299],[-118.0168,39.4937],[-118.0191,39.49336],[-118.01939,39.49373],[-118.01939,39.4959],[-118.01714,39.49674],[-118.0162,39.49568],[-118.01556,39.49575],[-118.01539,39.49468],[-118.0139,39.49441],[-118.01281,39.49312],[-118.00933,39.49153],[-118.0084,39.49072],[-118.00805,39.48987],[-118.0085,39.48924],[-118.00821,39.48857],[-118.00934,39.48735],[-118.00947,39.48671],[-118.00989,39.48657],[-118.01082,39.48395],[-118.01046,39.48426],[-118.00983,39.48655],[-118.00941,39.48667],[-118.00928,39.48732],[-118.00829,39.48821],[-118.00842,39.48924],[-118.00803,39.48979],[-118.00804,39.48909],[-118.00762,39.48862],[-118.00689,39.48903],[-118.00598,39.4885],[-118.00672,39.48711],[-118.00584,39.48607],[-118.00504,39.48601],[-118.00567,39.48401],[-118.00632,39.48317],[-118.00626,39.48264],[-118.00496,39.48117],[-118.00529,39.48044],[-118.00513,39.47989],[-118.00701,39.47829],[-118.00506,39.47988],[-118.00495,39.48154],[-118.00619,39.48265],[-118.00625,39.48316],[-118.0056,39.484],[-118.00507,39.48622],[-118.00425,39.48631],[-118.00396,39.48581],[-118.00211,39.48466],[-118.00022,39.48509],[-117.99895,39.48487],[-117.99756,39.4829],[-117.99884,39.48161],[-117.99756,39.48279],[-117.9989,39.48491],[-118.00022,39.48514],[-118.00209,39.48471],[-118.00435,39.48642],[-118.00579,39.48611],[-118.00665,39.48712],[-118.00591,39.48848],[-118.00412,39.48895],[-118.00204,39.48835],[-118.00144,39.48852],[-118.00072,39.48938],[-117.99942,39.48936],[-118.00075,39.48943],[-118.00148,39.48857],[-118.00205,39.48841],[-118.00411,39.489],[-118.00572,39.48851],[-118.00691,39.48908],[-118.00758,39.48867],[-118.00797,39.4891],[-118.00818,39.49038],[-118.00667,39.49023],[-118.0029,39.49144],[-118.00181,39.49135],[-117.99992,39.4906],[-117.99909,39.48994],[-117.99963,39.49047],[-118.00204,39.49149],[-118.00537,39.4909],[-118.00695,39.49024],[-118.0082,39.49043],[-118.00861,39.49105],[-118.00361,39.49352],[-118.00222,39.49354],[-118.00123,39.49417],[-118.00224,39.49359],[-118.00365,39.49357],[-118.00863,39.4911],[-118.01029,39.49189],[-118.00962,39.49234],[-118.00992,39.49319],[-118.00885,39.49347],[-118.00858,39.49409],[-118.00765,39.49393],[-118.0071,39.49419],[-118.00656,39.49537],[-118.00583,39.49584],[-118.00563,39.49638],[-118.00662,39.49539],[-118.00715,39.49422],[-118.00766,39.49398],[-118.0086,39.49414],[-118.00891,39.49351],[-118.00988,39.49337],[-118.00977,39.49212],[-118.0105,39.49193],[-118.01302,39.49335],[-118.01385,39.49445],[-118.01534,39.49471],[-118.0155,39.49578],[-118.01617,39.49573],[-118.01702,39.49678],[-118.01943,39.49595],[-118.02014,39.49609],[-118.02068,39.49693],[-118.02066,39.49881],[-118.02107,39.49915],[-118.02135,39.50058],[-118.021,39.50105],[-118.01676,39.4998],[-118.01282,39.50012],[-118.01166,39.49914],[-118.0128,39.50017],[-118.01675,39.49985],[-118.02099,39.50111],[-118.02103,39.50188],[-118.02258,39.50258],[-118.02289,39.50303],[-118.0228,39.50352],[-118.02162,39.5031],[-118.0206,39.50348],[-118.01864,39.50293],[-118.01609,39.50347],[-118.01864,39.50298],[-118.02059,39.50353],[-118.02189,39.50321],[-118.02278,39.50357],[-118.02264,39.50481],[-118.02003,39.5048],[-118.01951,39.50536],[-118.01854,39.50572],[-118.01632,39.50433],[-118.01429,39.50403],[-118.01629,39.50438],[-118.01853,39.50577],[-118.01956,39.5054],[-118.02006,39.50486],[-118.02272,39.50483],[-118.02365,39.50548],[-118.02465,39.50557],[-118.02517,39.50513],[-118.02636,39.50519],[-118.0271,39.5061],[-118.02782,39.50777],[-118.02708,39.50942],[-118.02619,39.50898],[-118.02607,39.50821],[-118.02471,39.50723],[-118.02209,39.50822],[-118.02156,39.50805],[-118.02209,39.50827],[-118.02419,39.50728],[-118.02492,39.50738],[-118.02599,39.50824],[-118.02614,39.50902],[-118.02732,39.50973],[-118.02808,39.51119],[-118.02596,39.51197],[-118.02574,39.51161],[-118.0244,39.51195],[-118.02382,39.51123],[-118.0228,39.51084],[-118.0212,39.50871],[-118.02274,39.51087],[-118.0246,39.51197],[-118.02494,39.51299],[-118.0243,39.5135],[-118.02182,39.5129],[-118.021,39.51156],[-118.02067,39.51149],[-118.02052,39.5105],[-118.01958,39.50856],[-118.02061,39.51153],[-118.02094,39.51159],[-118.02174,39.51291],[-118.02117,39.513],[-118.01956,39.51166],[-118.01911,39.51049],[-118.01767,39.50955],[-118.01737,39.50873],[-118.01762,39.50958],[-118.01905,39.51052],[-118.0195,39.51169],[-118.02113,39.51305],[-118.02238,39.51297],[-118.02429,39.51356],[-118.02504,39.51309],[-118.02456,39.51389],[-118.0222,39.51528],[-118.01859,39.51541],[-118.01786,39.5142],[-118.01592,39.51354],[-118.01622,39.51242],[-118.0157,39.51184],[-118.01267,39.51106],[-118.01263,39.51061],[-118.01302,39.51025],[-118.01294,39.50935],[-118.01087,39.50734],[-118.01114,39.50544],[-118.01078,39.50487],[-118.01024,39.50486],[-118.00897,39.50393],[-118.00917,39.50191],[-118.00867,39.49998],[-118.00642,39.49903],[-118.00385,39.49725],[-117.99954,39.4963],[-117.99806,39.49541],[-117.99951,39.49635],[-118.00382,39.4973],[-118.00638,39.49908],[-118.00861,39.50001],[-118.00909,39.50191],[-118.0089,39.50394],[-118.01021,39.5049],[-118.01073,39.50492],[-118.01107,39.50546],[-118.01079,39.50735],[-118.01288,39.50937],[-118.01295,39.51023],[-118.01256,39.51059],[-118.0126,39.51108],[-118.01566,39.51189],[-118.01615,39.51242],[-118.01584,39.51354],[-118.01441,39.5136],[-118.01242,39.51304],[-118.0119,39.51178],[-118.01096,39.51063],[-118.01072,39.50932],[-118.00813,39.50636],[-118.00626,39.50522],[-118.00451,39.5048],[-118.00321,39.50339],[-118.00203,39.50304],[-118.0008,39.50141],[-117.99904,39.50079],[-117.99533,39.49814],[-117.99204,39.49827],[-117.99118,39.4987],[-117.99206,39.49832],[-117.99531,39.49819],[-117.99898,39.50081],[-117.99822,39.50093],[-117.99683,39.50204],[-117.99826,39.50097],[-117.99984,39.50104],[-118.00075,39.50145],[-118.00198,39.50308],[-118.00316,39.50344],[-118.00393,39.50438],[-118.00204,39.50498],[-118.00045,39.5051],[-118.00026,39.50446],[-117.99853,39.50333],[-117.9957,39.5026],[-117.9941,39.50153],[-117.99338,39.50142],[-117.99568,39.50266],[-117.99848,39.50338],[-118.00021,39.5045],[-118.00039,39.50513],[-117.99852,39.50577],[-117.99699,39.50592],[-117.99594,39.50514],[-117.99432,39.50461],[-117.99591,39.50519],[-117.99693,39.50594],[-117.99603,39.50661],[-117.99402,39.50681],[-117.99143,39.50583],[-117.99159,39.50545],[-117.99082,39.50379],[-117.99087,39.50239],[-117.99075,39.50379],[-117.99152,39.50545],[-117.99136,39.50585],[-117.99206,39.50626],[-117.98751,39.50744],[-117.99212,39.50629],[-117.994,39.50686],[-117.99608,39.50666],[-117.99617,39.50782],[-117.9945,39.50928],[-117.99477,39.51026],[-117.99457,39.5093],[-117.99623,39.50785],[-117.99604,39.50681],[-117.99679,39.50607],[-118.00399,39.50442],[-118.00472,39.50497],[-118.00682,39.50554],[-118.00807,39.5064],[-118.00864,39.50721],[-118.00525,39.50708],[-118.00335,39.50789],[-118.00273,39.50787],[-118.00126,39.50904],[-118.00035,39.50926],[-117.99892,39.5089],[-118.00035,39.50932],[-118.00128,39.50909],[-118.00228,39.50856],[-118.00225,39.50825],[-118.00277,39.50792],[-118.00336,39.50795],[-118.00526,39.50713],[-118.00873,39.5073],[-118.01065,39.50934],[-118.01087,39.51053],[-118.00966,39.51038],[-118.00919,39.50983],[-118.00798,39.50931],[-118.00574,39.50951],[-118.00532,39.51027],[-118.00399,39.51082],[-118.00246,39.51077],[-118.00478,39.51066],[-118.00597,39.50952],[-118.00842,39.50944],[-118.00963,39.51043],[-118.01066,39.51039],[-118.01184,39.5118],[-118.01237,39.51308],[-118.01476,39.51363],[-118.01241,39.51497],[-118.0104,39.51489],[-118.00903,39.51521],[-118.0082,39.51475],[-118.00761,39.51396],[-118.00606,39.51341],[-118.00461,39.51213],[-118.00507,39.51278],[-118.00624,39.51358],[-118.00757,39.514],[-118.00815,39.51479],[-118.00901,39.51527],[-118.01041,39.51495],[-118.01242,39.51502],[-118.01332,39.51471],[-118.01398,39.51403],[-118.0154,39.51358],[-118.0175,39.51404],[-118.01811,39.5145],[-118.01856,39.51546],[-118.02222,39.51533],[-118.02497,39.51365],[-118.02511,39.51307],[-118.02474,39.51181],[-118.02572,39.51166],[-118.02597,39.51203],[-118.02812,39.51123],[-118.03056,39.51106],[-118.03149,39.51138],[-118.03395,39.51338],[-118.03563,39.51356],[-118.03621,39.51304],[-118.03803,39.51281],[-118.04244,39.51426],[-118.04696,39.51802],[-118.04755,39.51872],[-118.04809,39.5202],[-118.05182,39.52343],[-118.05462,39.5268],[-118.05641,39.52825],[-118.0569,39.52932],[-118.05407,39.52913],[-118.05228,39.5283],[-118.05129,39.52758],[-118.04943,39.52524],[-118.04728,39.5236],[-118.04711,39.52276],[-118.04502,39.52177],[-118.04437,39.52101],[-118.04274,39.52076],[-118.03855,39.52088],[-118.0335,39.52026],[-118.02843,39.51634],[-118.02611,39.51639],[-118.0262,39.51726],[-118.02542,39.51788],[-118.02433,39.51695],[-118.02388,39.51715],[-118.02325,39.51691],[-118.02171,39.51835],[-118.02137,39.51795],[-118.01949,39.51814],[-118.0184,39.51733],[-118.01768,39.51767],[-118.01586,39.51726],[-118.01353,39.51633],[-118.01585,39.51732],[-118.01768,39.51773],[-118.01838,39.51738],[-118.01946,39.5182],[-118.02136,39.51801],[-118.02171,39.51842],[-118.02328,39.51696],[-118.02389,39.51721],[-118.0243,39.517],[-118.02543,39.51793],[-118.02627,39.51727],[-118.02614,39.51644],[-118.02841,39.51639],[-118.03344,39.52029],[-118.02986,39.52047],[-118.02778,39.51918],[-118.02614,39.51994],[-118.02439,39.51943],[-118.02324,39.51967],[-118.02439,39.51949],[-118.02615,39.52],[-118.02776,39.51923],[-118.02963,39.52048],[-118.03057,39.52061],[-118.03365,39.52031],[-118.03854,39.52093],[-118.04274,39.52081],[-118.04434,39.52106],[-118.04498,39.52181],[-118.04705,39.52279],[-118.04722,39.52362],[-118.0481,39.52424],[-118.04408,39.52423],[-118.04239,39.52376],[-118.0408,39.52431],[-118.03919,39.52375],[-118.0372,39.52425],[-118.03421,39.52363],[-118.03005,39.52457],[-118.0284,39.52459],[-118.02554,39.52311],[-118.02517,39.52346],[-118.02376,39.52355],[-118.02028,39.52116],[-118.01816,39.52079],[-118.02025,39.52121],[-118.02372,39.5236],[-118.02519,39.52351],[-118.02552,39.52317],[-118.02838,39.52464],[-118.03006,39.52463],[-118.03421,39.52368],[-118.0372,39.52431],[-118.03919,39.5238],[-118.04079,39.52437],[-118.04239,39.52381],[-118.04408,39.52428],[-118.04813,39.52428],[-118.04938,39.52527],[-118.05123,39.52761],[-118.05262,39.52859],[-118.05405,39.52918],[-118.05673,39.52933],[-118.05787,39.52991],[-118.05942,39.53018],[-118.06278,39.53213],[-118.06592,39.53458],[-118.07469,39.53796],[-118.0759,39.53915],[-118.0792,39.54119],[-118.08111,39.54146],[-118.08334,39.5432],[-118.08398,39.5433],[-118.08445,39.54429],[-118.08624,39.54627],[-118.09099,39.54951],[-118.0922,39.55078],[-118.09245,39.55162],[-118.09468,39.55441],[-118.09669,39.55548],[-118.09772,39.55671],[-118.1005,39.55758],[-118.10222,39.55875],[-118.10389,39.55936],[-118.10567,39.56082],[-118.10733,39.56104],[-118.10798,39.56146],[-118.10931,39.56147],[-118.10993,39.56189],[-118.11074,39.56141],[-118.11144,39.56169],[-118.11245,39.56145]]]},"properties":{"Wetlands.ATTRIBUTE":"R4SBJ","Wetlands.WETLAND_TYPE":"Riverine","Wetlands.ACRES":103.58896136918146}},{"type":"Feature","geometry":{"type":"Polygon","coordinates":[[[-118.05937,39.58095],[-118.06098,39.58145],[-118.06249,39.58241],[-118.06331,39.58309],[-118.06363,39.58383],[-118.06501,39.58471],[-118.06553,39.58563],[-118.06999,39.58856],[-118.07152,39.59036],[-118.07185,39.59118],[-118.07306,39.59215],[-118.07329,39.5949],[-118.07495,39.59765],[-118.07501,39.59863],[-118.07569,39.59919],[-118.07617,39.60018],[-118.07666,39.60152],[-118.07646,39.60253],[-118.07693,39.60408],[-118.07854,39.6061],[-118.07699,39.60406],[-118.07653,39.60253],[-118.07673,39.60152],[-118.07624,39.60017],[-118.07575,39.59917],[-118.07507,39.59861],[-118.07502,39.59762],[-118.07336,39.59488],[-118.07313,39.59212],[-118.07191,39.59115],[-118.07159,39.59034],[-118.07004,39.58852],[-118.06558,39.5856],[-118.06507,39.58468],[-118.06369,39.58379],[-118.06337,39.58307],[-118.06237,39.58224],[-118.06101,39.5814],[-118.05818,39.58048],[-118.05302,39.57948],[-118.05196,39.57878],[-118.04971,39.57816],[-118.04708,39.57796],[-118.0426,39.5752],[-118.03925,39.5743],[-118.03326,39.57131],[-118.0323,39.57124],[-118.03323,39.57135],[-118.03922,39.57435],[-118.04256,39.57525],[-118.04706,39.57801],[-118.0497,39.57821],[-118.05193,39.57883],[-118.053,39.57953],[-118.05937,39.58095]]]},"properties":{"Wetlands.ATTRIBUTE":"R4SBJ","Wetlands.WETLAND_TYPE":"Riverine","Wetlands.ACRES":9.1651726299049443}},{"type":"Feature","geometry":{"type":"Polygon","coordinates":[[[-118.09267,39.6144],[-118.09267,39.61448],[-118.09272,39.61449],[-118.09267,39.6144]]]},"properties":{"Wetlands.ATTRIBUTE":"R4SBJ","Wetlands.WETLAND_TYPE":"Riverine","Wetlands.ACRES":0.014467409388993812}},{"type":"Feature","geometry":{"type":"Polygon","coordinates":[[[-118.05382,39.6187],[-118.05392,39.61927],[-118.05517,39.62029],[-118.05756,39.62427],[-118.05846,39.62663],[-118.05763,39.62425],[-118.05524,39.62027],[-118.05387,39.61909],[-118.05398,39.61835],[-118.05866,39.62129],[-118.06048,39.62448],[-118.06007,39.62328],[-118.05872,39.62126],[-118.05315,39.61786],[-118.05239,39.61707],[-118.05089,39.61304],[-118.04908,39.61],[-118.04703,39.60907],[-118.04449,39.60477],[-118.04381,39.60412],[-118.04181,39.60321],[-118.041,39.60188],[-118.03938,39.60089],[-118.03721,39.60052],[-118.03639,39.59984],[-118.03443,39.59922],[-118.02359,39.59896],[-118.02234,39.59933],[-118.01714,39.59958],[-118.0149,39.60005],[-118.01138,39.59926],[-118.00724,39.60005],[-118.00604,39.5995],[-118.00548,39.59893],[-118.00529,39.59812],[-118.00348,39.59664],[-117.99929,39.5959],[-117.99748,39.5939],[-117.99879,39.5957],[-117.99751,39.59562],[-117.99574,39.59362],[-117.99724,39.59553],[-117.99918,39.59591],[-117.99802,39.59626],[-117.995,39.59548],[-117.99801,39.59631],[-117.99928,39.59596],[-118.00344,39.59669],[-118.00523,39.59814],[-118.00541,39.59895],[-118.00598,39.59953],[-118.00689,39.59992],[-118.00541,39.60023],[-118.00497,39.60058],[-118.00491,39.60143],[-118.00404,39.60201],[-118.00189,39.60136],[-117.99982,39.60144],[-117.99847,39.59851],[-117.99974,39.60144],[-117.99854,39.60169],[-117.99676,39.59981],[-117.99603,39.59777],[-117.99413,39.59643],[-117.99597,39.59781],[-117.99669,39.59984],[-117.99848,39.60171],[-117.99638,39.60274],[-117.99572,39.60208],[-117.99333,39.60102],[-117.99172,39.59906],[-117.99007,39.59772],[-117.99323,39.60097],[-117.9901,39.60018],[-117.99449,39.60151],[-117.99631,39.60276],[-117.99418,39.60274],[-117.99249,39.60352],[-117.99111,39.60237],[-117.98908,39.60162],[-117.99107,39.60242],[-117.99242,39.60354],[-117.99044,39.60474],[-117.98837,39.60454],[-117.98812,39.60411],[-117.98861,39.60195],[-117.98805,39.60423],[-117.98871,39.60467],[-117.98794,39.6048],[-117.9865,39.60371],[-117.98593,39.602],[-117.98603,39.60123],[-117.98702,39.60044],[-117.98741,39.59883],[-117.98673,39.60082],[-117.98588,39.60136],[-117.98499,39.59986],[-117.985,39.59804],[-117.9845,39.59704],[-117.98491,39.59794],[-117.9849,39.59978],[-117.98524,39.60047],[-117.98283,39.59773],[-117.98547,39.60078],[-117.98644,39.60374],[-117.98764,39.60476],[-117.98505,39.60479],[-117.98431,39.60374],[-117.98274,39.60349],[-117.98121,39.60276],[-117.97942,39.60087],[-117.97902,39.59984],[-117.97931,39.60081],[-117.98063,39.60241],[-117.98251,39.60348],[-117.98427,39.60378],[-117.9848,39.60469],[-117.9854,39.60491],[-117.98262,39.60568],[-117.9793,39.60186],[-117.97858,39.60144],[-117.98009,39.60265],[-117.98062,39.60364],[-117.9773,39.60172],[-117.9806,39.60369],[-117.98256,39.60572],[-117.98033,39.60696],[-117.97907,39.60612],[-117.97896,39.60494],[-117.97798,39.60427],[-117.9789,39.60496],[-117.979,39.60615],[-117.98027,39.60699],[-117.97947,39.60723],[-117.9763,39.60614],[-117.97643,39.60285],[-117.97606,39.60541],[-117.97632,39.60625],[-117.97314,39.6048],[-117.97257,39.60412],[-117.97253,39.60297],[-117.97508,39.60202],[-117.97251,39.60291],[-117.97246,39.60218],[-117.97304,39.60079],[-117.97541,39.59798],[-117.97454,39.59868],[-117.9736,39.60009],[-117.97418,39.59852],[-117.97338,39.59755],[-117.97411,39.59853],[-117.97239,39.60218],[-117.97269,39.60447],[-117.96932,39.60309],[-117.96759,39.60318],[-117.96202,39.60055],[-117.96083,39.60042],[-117.96199,39.6006],[-117.96461,39.60202],[-117.96308,39.60172],[-117.96094,39.60201],[-117.9638,39.60189],[-117.96753,39.60321],[-117.96453,39.6058],[-117.96759,39.60323],[-117.9693,39.60314],[-117.9699,39.60343],[-117.96875,39.60359],[-117.96761,39.60522],[-117.9672,39.60683],[-117.96775,39.60512],[-117.96882,39.60362],[-117.96941,39.6034],[-117.97203,39.60409],[-117.97566,39.6061],[-117.9729,39.60737],[-117.97572,39.60613],[-117.9789,39.60724],[-117.97708,39.60817],[-117.97536,39.6081],[-117.97429,39.60896],[-117.9739,39.60986],[-117.97317,39.60997],[-117.97209,39.61102],[-117.97321,39.61001],[-117.97396,39.60989],[-117.97435,39.60898],[-117.97541,39.60814],[-117.97669,39.6081],[-117.97701,39.60822],[-117.97697,39.60913],[-117.97581,39.61224],[-117.97693,39.60957],[-117.97703,39.60829],[-117.97817,39.60758],[-117.97991,39.60722],[-117.9835,39.60553],[-117.97973,39.60766],[-117.97994,39.60967],[-117.97982,39.60756],[-117.98249,39.60622],[-117.98264,39.60828],[-117.98031,39.61109],[-117.98204,39.60937],[-117.98294,39.61119],[-117.98208,39.60932],[-117.98276,39.60812],[-117.9826,39.60615],[-117.98547,39.60493],[-117.9891,39.60467],[-117.9886,39.60572],[-117.98685,39.6067],[-117.98562,39.60819],[-117.9869,39.60673],[-117.98827,39.60608],[-117.98807,39.60704],[-117.98622,39.60869],[-117.98611,39.60953],[-117.98677,39.60809],[-117.98814,39.60706],[-117.9891,39.60475],[-117.99043,39.60479],[-117.98978,39.61039],[-117.98731,39.61137],[-117.9898,39.61045],[-117.98977,39.61091],[-117.98756,39.61216],[-117.98992,39.61075],[-117.99004,39.61097],[-117.98947,39.6116],[-117.98925,39.61315],[-117.98957,39.61153],[-117.99002,39.61108],[-117.99096,39.61332],[-117.98985,39.6104],[-117.99025,39.60756],[-117.99263,39.60942],[-117.9933,39.61099],[-117.99269,39.60939],[-117.99026,39.6075],[-117.99048,39.60485],[-117.99283,39.60332],[-117.99405,39.60287],[-117.99392,39.60347],[-117.99438,39.60431],[-117.99463,39.60588],[-117.9942,39.60695],[-117.9942,39.60847],[-117.99427,39.60696],[-117.9947,39.60588],[-117.99445,39.60429],[-117.99399,39.60347],[-117.9942,39.60279],[-117.99631,39.60282],[-117.99946,39.60151],[-117.99905,39.60262],[-117.99982,39.60334],[-117.99981,39.60436],[-117.99904,39.60499],[-117.99988,39.60437],[-117.99988,39.60332],[-117.99912,39.60262],[-117.99955,39.60152],[-118.00172,39.60139],[-118.00406,39.60206],[-118.00497,39.60146],[-118.00504,39.6006],[-118.00609,39.59996],[-118.00863,39.59997],[-118.01156,39.59932],[-118.0149,39.6001],[-118.01715,39.59964],[-118.02236,39.59939],[-118.02359,39.59901],[-118.03442,39.59927],[-118.03635,39.59989],[-118.03718,39.60057],[-118.03946,39.60099],[-118.04133,39.60221],[-118.04195,39.6034],[-118.04402,39.60434],[-118.04697,39.6091],[-118.04902,39.61002],[-118.05015,39.61168],[-118.05134,39.61432],[-118.05016,39.61328],[-118.04687,39.61145],[-118.04504,39.61061],[-118.04282,39.61047],[-118.0412,39.60898],[-118.03997,39.60878],[-118.03886,39.60797],[-118.03637,39.60805],[-118.02744,39.60381],[-118.02483,39.60309],[-118.02157,39.60273],[-118.02004,39.60186],[-118.01871,39.60166],[-118.02001,39.6019],[-118.02155,39.60278],[-118.0248,39.60314],[-118.02741,39.60386],[-118.03634,39.6081],[-118.03883,39.60802],[-118.03993,39.60883],[-118.04117,39.60902],[-118.04279,39.61052],[-118.04502,39.61066],[-118.04619,39.61118],[-118.05012,39.61332],[-118.05133,39.61438],[-118.052,39.61659],[-118.05298,39.61778],[-118.05162,39.61671],[-118.04779,39.61544],[-118.04605,39.61549],[-118.04172,39.61474],[-118.04095,39.61432],[-118.0373,39.61406],[-118.03311,39.61126],[-118.03123,39.61037],[-118.03024,39.61051],[-118.02887,39.60924],[-118.02631,39.60789],[-118.02507,39.60761],[-118.02199,39.60458],[-118.01989,39.6033],[-118.02193,39.60461],[-118.02503,39.60766],[-118.02628,39.60795],[-118.02882,39.60928],[-118.03021,39.61056],[-118.03121,39.61042],[-118.03308,39.61131],[-118.03727,39.61411],[-118.04093,39.61437],[-118.0417,39.61479],[-118.04605,39.61555],[-118.04777,39.61549],[-118.0517,39.61681],[-118.05392,39.61831],[-118.05382,39.6187]]]},"properties":{"Wetlands.ATTRIBUTE":"R4SBJ","Wetlands.WETLAND_TYPE":"Riverine","Wetlands.ACRES":56.18131842320615}},{"type":"Feature","geometry":{"type":"Polygon","coordinates":[[[-118.04707,39.622],[-118.05299,39.62389],[-118.05571,39.6264],[-118.0566,39.62778],[-118.05576,39.62637],[-118.05276,39.62369],[-118.0462,39.62172],[-118.03912,39.61749],[-118.03534,39.61656],[-118.03092,39.6141],[-118.02916,39.61225],[-118.0264,39.61079],[-118.02352,39.60747],[-118.02204,39.6066],[-118.02033,39.60625],[-118.01917,39.60561],[-118.01579,39.603],[-118.0135,39.60281],[-118.0124,39.60304],[-118.00974,39.60221],[-118.00795,39.60234],[-118.00716,39.60301],[-118.00619,39.60298],[-118.00596,39.6036],[-118.00454,39.6038],[-118.00461,39.60565],[-118.00403,39.60615],[-118.00421,39.60683],[-118.003,39.60752],[-118.00274,39.60867],[-118.00189,39.60857],[-118.00097,39.60954],[-117.99548,39.61044],[-118.00099,39.60959],[-118.00192,39.60862],[-118.00278,39.60871],[-118.00306,39.60755],[-118.00428,39.60684],[-118.0041,39.60617],[-118.00468,39.60566],[-118.00461,39.60382],[-118.006,39.60365],[-118.00622,39.60303],[-118.00718,39.60306],[-118.00798,39.6024],[-118.00974,39.60227],[-118.01239,39.6031],[-118.01351,39.60287],[-118.01577,39.60305],[-118.01913,39.60565],[-118.0203,39.6063],[-118.02201,39.60665],[-118.02348,39.60751],[-118.02635,39.61082],[-118.02911,39.61229],[-118.03088,39.61414],[-118.0353,39.61661],[-118.03908,39.61754],[-118.04201,39.61911],[-118.044,39.62065],[-118.04707,39.622]]]},"properties":{"Wetlands.ATTRIBUTE":"R4SBJ","Wetlands.WETLAND_TYPE":"Riverine","Wetlands.ACRES":10.529353661634211}},{"type":"Feature","geometry":{"type":"Polygon","coordinates":[[[-118.0321,39.61699],[-118.0338,39.61841],[-118.03566,39.61911],[-118.03653,39.61908],[-118.03783,39.61987],[-118.03924,39.62026],[-118.04046,39.62164],[-118.04229,39.62282],[-118.04614,39.62384],[-118.04745,39.62492],[-118.04936,39.62727],[-118.05236,39.62957],[-118.04941,39.62723],[-118.04751,39.6249],[-118.04618,39.6238],[-118.04232,39.62278],[-118.04052,39.6216],[-118.03927,39.62021],[-118.03786,39.61982],[-118.03656,39.61902],[-118.03567,39.61905],[-118.03383,39.61836],[-118.0321,39.61699]]]},"properties":{"Wetlands.ATTRIBUTE":"R4SBJ","Wetlands.WETLAND_TYPE":"Riverine","Wetlands.ACRES":3.4793903381395608}},{"type":"Feature","geometry":{"type":"Polygon","coordinates":[[[-118.1653,39.62654],[-118.16588,39.62647],[-118.16714,39.62731],[-118.16853,39.6277],[-118.17194,39.63],[-118.17768,39.6308],[-118.17353,39.63036],[-118.17148,39.62979],[-118.16904,39.62793],[-118.16717,39.62726],[-118.16589,39.62641],[-118.16319,39.62665],[-118.15826,39.62977],[-118.15606,39.63027],[-118.1547,39.63096],[-118.14887,39.63198],[-118.15473,39.63101],[-118.15608,39.63032],[-118.1583,39.62981],[-118.16323,39.6267],[-118.1653,39.62654]]]},"properties":{"Wetlands.ATTRIBUTE":"R4SBJ","Wetlands.WETLAND_TYPE":"Riverine","Wetlands.ACRES":4.1682203737419243}},{"type":"Feature","geometry":{"type":"Polygon","coordinates":[[[-118.17496,39.65339],[-118.17175,39.65366],[-118.17038,39.65235],[-118.16919,39.65212],[-118.16853,39.65125],[-118.16511,39.64988],[-118.16331,39.6482],[-118.16425,39.64854],[-118.16559,39.64967],[-118.16821,39.65022],[-118.16959,39.64985],[-118.17163,39.64983],[-118.17426,39.64884],[-118.1787,39.64989],[-118.18403,39.65018],[-118.17871,39.64984],[-118.17425,39.64878],[-118.17161,39.64978],[-118.16958,39.6498],[-118.16822,39.65016],[-118.16562,39.64962],[-118.16429,39.6485],[-118.16224,39.64766],[-118.16104,39.64632],[-118.15997,39.64638],[-118.16061,39.64608],[-118.1615,39.64459],[-118.16261,39.64421],[-118.16674,39.64439],[-118.16804,39.64495],[-118.17324,39.64455],[-118.17527,39.64488],[-118.17827,39.64394],[-118.18545,39.64364],[-118.18624,39.64306],[-118.18672,39.64349],[-118.18718,39.64314],[-118.19031,39.64463],[-118.19392,39.64521],[-118.19452,39.64557],[-118.19545,39.64545],[-118.19547,39.64514],[-118.19725,39.64498],[-118.19879,39.6453],[-118.19969,39.64515],[-118.19991,39.64581],[-118.20054,39.64597],[-118.20254,39.64444],[-118.20459,39.64455],[-118.20526,39.64404],[-118.20598,39.64439],[-118.20924,39.64394],[-118.21069,39.64273],[-118.21443,39.64352],[-118.21822,39.64307],[-118.21418,39.64345],[-118.2107,39.64268],[-118.2107,39.64219],[-118.21279,39.641],[-118.21552,39.64065],[-118.21732,39.64086],[-118.21932,39.6396],[-118.22138,39.63981],[-118.2227,39.6396],[-118.22336,39.64002],[-118.22695,39.64073],[-118.22338,39.63997],[-118.22272,39.63955],[-118.22138,39.63975],[-118.2193,39.63955],[-118.21729,39.64081],[-118.21551,39.64059],[-118.2126,39.641],[-118.21073,39.64205],[-118.21064,39.6427],[-118.20954,39.64381],[-118.20598,39.64433],[-118.20526,39.64398],[-118.20458,39.6445],[-118.20251,39.64439],[-118.20053,39.64591],[-118.19997,39.64578],[-118.19971,39.6451],[-118.1988,39.64525],[-118.19727,39.64493],[-118.19545,39.64508],[-118.19538,39.64541],[-118.19454,39.64551],[-118.19395,39.64516],[-118.19034,39.64458],[-118.18808,39.64373],[-118.18722,39.64309],[-118.18673,39.64343],[-118.18625,39.64301],[-118.18468,39.64371],[-118.17826,39.64389],[-118.17527,39.64483],[-118.17323,39.64449],[-118.16805,39.64489],[-118.16676,39.64433],[-118.1626,39.64416],[-118.16145,39.64455],[-118.16024,39.64624],[-118.15837,39.64602],[-118.15546,39.64624],[-118.15339,39.64706],[-118.15259,39.64777],[-118.15138,39.64784],[-118.1498,39.64844],[-118.15262,39.64782],[-118.15343,39.64711],[-118.15548,39.64629],[-118.15837,39.64607],[-118.15947,39.6464],[-118.161,39.64637],[-118.16173,39.64732],[-118.16363,39.64847],[-118.16507,39.64992],[-118.16849,39.65129],[-118.16914,39.65215],[-118.16976,39.65249],[-118.17035,39.6524],[-118.17173,39.65371],[-118.17496,39.65339]]]},"properties":{"Wetlands.ATTRIBUTE":"R4SBJ","Wetlands.WETLAND_TYPE":"Riverine","Wetlands.ACRES":17.792344319611438}},{"type":"Feature","geometry":{"type":"Polygon","coordinates":[[[-118.07869,39.62686],[-118.07833,39.62948],[-118.07623,39.63177],[-118.07566,39.63293],[-118.0764,39.63554],[-118.07634,39.63659],[-118.07538,39.63816],[-118.07656,39.63931],[-118.07927,39.64024],[-118.07952,39.64101],[-118.07826,39.64417],[-118.07779,39.64744],[-118.07907,39.64927],[-118.07882,39.64987],[-118.07918,39.65098],[-118.07816,39.65338],[-118.07777,39.656],[-118.07728,39.65679],[-118.07783,39.65602],[-118.07823,39.6534],[-118.07925,39.65098],[-118.07889,39.64987],[-118.07914,39.64926],[-118.07786,39.64744],[-118.07833,39.64418],[-118.07959,39.64101],[-118.07933,39.6402],[-118.0766,39.63926],[-118.07545,39.63816],[-118.07642,39.6366],[-118.07647,39.63554],[-118.07574,39.63294],[-118.07629,39.6318],[-118.0784,39.6295],[-118.07876,39.62687],[-118.08112,39.62511],[-118.08334,39.62211],[-118.08743,39.61835],[-118.08758,39.61663],[-118.08868,39.61593],[-118.08941,39.61446],[-118.09366,39.61229],[-118.09509,39.61227],[-118.09784,39.611],[-118.10053,39.61037],[-118.10171,39.60856],[-118.10163,39.60917],[-118.10265,39.6122],[-118.10258,39.61352],[-118.10189,39.61534],[-118.10249,39.61809],[-118.10364,39.62002],[-118.10359,39.62176],[-118.10224,39.62387],[-118.1003,39.626],[-118.0991,39.62921],[-118.09901,39.63292],[-118.09836,39.63438],[-118.09663,39.63572],[-118.09842,39.63441],[-118.09908,39.63294],[-118.09917,39.62922],[-118.10037,39.62602],[-118.1023,39.6239],[-118.10363,39.6218],[-118.10384,39.62202],[-118.10303,39.62342],[-118.10271,39.6252],[-118.10326,39.62746],[-118.10409,39.62874],[-118.10428,39.6306],[-118.10492,39.63209],[-118.10455,39.63517],[-118.10549,39.63171],[-118.10698,39.63005],[-118.1076,39.62796],[-118.10893,39.62667],[-118.10958,39.62412],[-118.11075,39.62268],[-118.11201,39.61854],[-118.11189,39.61676],[-118.11231,39.61517],[-118.113,39.61459],[-118.11452,39.61159],[-118.115,39.61123],[-118.11602,39.60632],[-118.11743,39.60451],[-118.11807,39.60264],[-118.11851,39.59911],[-118.11713,39.59657],[-118.11876,39.59801],[-118.11982,39.59996],[-118.11952,39.60174],[-118.11962,39.60361],[-118.12091,39.60838],[-118.12006,39.61168],[-118.119,39.61322],[-118.11853,39.61452],[-118.11757,39.61553],[-118.11733,39.61716],[-118.11606,39.61922],[-118.11607,39.61967],[-118.11155,39.62559],[-118.11142,39.62674],[-118.10991,39.62927],[-118.10948,39.632],[-118.10899,39.63276],[-118.10874,39.63464],[-118.10816,39.63552],[-118.10881,39.63465],[-118.10997,39.62929],[-118.11148,39.62676],[-118.11162,39.62561],[-118.11614,39.61969],[-118.11613,39.61924],[-118.1174,39.61717],[-118.11763,39.61556],[-118.11859,39.61455],[-118.12012,39.61169],[-118.12054,39.60935],[-118.12185,39.6058],[-118.12147,39.604],[-118.12012,39.60089],[-118.12021,39.59542],[-118.1213,39.59366],[-118.12131,39.59267],[-118.12092,39.59107],[-118.1194,39.58948],[-118.11871,39.58638],[-118.1182,39.5856],[-118.11801,39.58369],[-118.11688,39.58216],[-118.11672,39.58106],[-118.11588,39.58017],[-118.11473,39.5798],[-118.1129,39.57818],[-118.11088,39.57481],[-118.1086,39.57293],[-118.10551,39.56949],[-118.1033,39.56773],[-118.10215,39.56722],[-118.10053,39.56571],[-118.09995,39.56464],[-118.0961,39.56218],[-118.09485,39.56048],[-118.09313,39.55929],[-118.09263,39.55833],[-118.08956,39.55632],[-118.08863,39.55536],[-118.0848,39.55323],[-118.0836,39.55184],[-118.07823,39.54937],[-118.07612,39.54707],[-118.07044,39.54489],[-118.0682,39.54346],[-118.068,39.54269],[-118.06601,39.54162],[-118.06459,39.54016],[-118.06407,39.53887],[-118.06236,39.53791],[-118.06202,39.53713],[-118.06084,39.53618],[-118.05982,39.5348],[-118.05725,39.53446],[-118.05391,39.53264],[-118.04915,39.53146],[-118.04829,39.53088],[-118.04686,39.5291],[-118.045,39.52805],[-118.04171,39.52853],[-118.04046,39.52782],[-118.0379,39.52793],[-118.0363,39.52699],[-118.03787,39.52798],[-118.04044,39.52787],[-118.04169,39.52858],[-118.04497,39.5281],[-118.04682,39.52913],[-118.04823,39.53091],[-118.04911,39.5315],[-118.05388,39.53269],[-118.05723,39.53451],[-118.05978,39.53485],[-118.06053,39.53579],[-118.05954,39.53517],[-118.05677,39.53515],[-118.05021,39.5342],[-118.04759,39.53342],[-118.04695,39.5328],[-118.04502,39.53323],[-118.04229,39.5324],[-118.03909,39.53255],[-118.0378,39.53227],[-118.03688,39.53256],[-118.03489,39.53192],[-118.03335,39.53278],[-118.03258,39.53287],[-118.03163,39.53262],[-118.03083,39.53157],[-118.02937,39.53143],[-118.02861,39.53065],[-118.02707,39.53021],[-118.02325,39.53092],[-118.02132,39.52981],[-118.01862,39.5257],[-118.02127,39.52984],[-118.02323,39.53097],[-118.027,39.53025],[-118.02857,39.5307],[-118.02934,39.53148],[-118.0308,39.53161],[-118.03157,39.53265],[-118.03215,39.53288],[-118.03338,39.53283],[-118.0349,39.53197],[-118.03687,39.53261],[-118.03781,39.53232],[-118.03909,39.5326],[-118.0422,39.53244],[-118.045,39.53329],[-118.04607,39.533],[-118.04855,39.53433],[-118.05039,39.53469],[-118.05223,39.53442],[-118.05294,39.53475],[-118.05675,39.5352],[-118.05972,39.53529],[-118.06177,39.53694],[-118.06231,39.53794],[-118.06401,39.5389],[-118.06459,39.54007],[-118.06349,39.53989],[-118.06288,39.53923],[-118.06193,39.53899],[-118.06094,39.53955],[-118.05947,39.53975],[-118.05387,39.53954],[-118.05233,39.53914],[-118.04787,39.53973],[-118.04654,39.54059],[-118.04311,39.54117],[-118.04204,39.54097],[-118.03914,39.54122],[-118.03547,39.54092],[-118.03357,39.54],[-118.03545,39.54097],[-118.03914,39.54128],[-118.04204,39.54103],[-118.04312,39.54122],[-118.04657,39.54064],[-118.04789,39.53978],[-118.05233,39.5392],[-118.05387,39.53959],[-118.05948,39.5398],[-118.06097,39.5396],[-118.06193,39.53904],[-118.06284,39.53928],[-118.06347,39.53994],[-118.06428,39.54005],[-118.0661,39.54177],[-118.06794,39.54272],[-118.06815,39.54349],[-118.06988,39.54469],[-118.07315,39.54608],[-118.07639,39.54907],[-118.07777,39.5499],[-118.07844,39.55091],[-118.07848,39.55164],[-118.08014,39.55286],[-118.08232,39.55647],[-118.08353,39.55791],[-118.08481,39.55878],[-118.08577,39.56024],[-118.08574,39.5609],[-118.08683,39.56246],[-118.08678,39.56373],[-118.08821,39.56514],[-118.08932,39.56715],[-118.09076,39.5688],[-118.0915,39.57131],[-118.08924,39.56912],[-118.08877,39.56694],[-118.08653,39.5651],[-118.08531,39.5627],[-118.08536,39.56212],[-118.08315,39.55893],[-118.08215,39.55651],[-118.0802,39.55539],[-118.08017,39.55481],[-118.07927,39.55417],[-118.07871,39.55264],[-118.07468,39.55028],[-118.07249,39.55008],[-118.07087,39.54891],[-118.0698,39.54883],[-118.06922,39.5484],[-118.06482,39.54776],[-118.06391,39.54793],[-118.06135,39.54716],[-118.05915,39.54752],[-118.05406,39.54597],[-118.05177,39.54449],[-118.04568,39.54367],[-118.05175,39.54454],[-118.05403,39.54602],[-118.05913,39.54757],[-118.06134,39.54721],[-118.0639,39.54798],[-118.0648,39.54782],[-118.06919,39.54845],[-118.06977,39.54888],[-118.07083,39.54896],[-118.07246,39.55013],[-118.07472,39.55036],[-118.07865,39.55267],[-118.0792,39.55419],[-118.08011,39.55483],[-118.08013,39.55541],[-118.08209,39.55654],[-118.08296,39.55855],[-118.08208,39.55777],[-118.0809,39.55765],[-118.07888,39.55639],[-118.07815,39.55652],[-118.07511,39.55557],[-118.07349,39.55392],[-118.06866,39.55148],[-118.06699,39.55154],[-118.06246,39.55047],[-118.06156,39.54995],[-118.05989,39.54981],[-118.05641,39.54888],[-118.06697,39.55159],[-118.06862,39.55153],[-118.07344,39.55396],[-118.07508,39.55562],[-118.07814,39.55657],[-118.07885,39.55644],[-118.08086,39.5577],[-118.08204,39.55781],[-118.08371,39.55951],[-118.08534,39.56259],[-118.08366,39.56201],[-118.08175,39.56056],[-118.07728,39.56021],[-118.07521,39.55935],[-118.07011,39.55859],[-118.06869,39.5578],[-118.066,39.55735],[-118.0598,39.55339],[-118.05865,39.55339],[-118.0562,39.55187],[-118.05471,39.5517],[-118.05297,39.55006],[-118.05147,39.54929],[-118.0466,39.54804],[-118.04471,39.54791],[-118.04226,39.54713],[-118.04002,39.54561],[-118.03606,39.54449],[-118.03504,39.54378],[-118.0304,39.54306],[-118.02802,39.54206],[-118.02716,39.54223],[-118.02626,39.54129],[-118.02553,39.54105],[-118.02524,39.54032],[-118.0239,39.53967],[-118.02079,39.53705],[-118.02059,39.53624],[-118.01895,39.5346],[-118.00748,39.53231],[-118.00652,39.53115],[-118.00594,39.5311],[-118.00352,39.52934],[-117.99829,39.52779],[-117.99711,39.52687],[-117.99648,39.52677],[-117.99637,39.52595],[-117.99557,39.52446],[-117.99513,39.52427],[-117.99506,39.52378],[-117.99437,39.52317],[-117.99331,39.52298],[-117.99434,39.52322],[-117.995,39.5238],[-117.99504,39.52426],[-117.9955,39.52448],[-117.99631,39.52597],[-117.99643,39.52681],[-117.99707,39.52692],[-117.99826,39.52784],[-118.00349,39.52939],[-118.0059,39.53115],[-118.00648,39.53119],[-118.0074,39.53231],[-118.00506,39.53165],[-118.00199,39.52955],[-117.99937,39.52904],[-117.99837,39.52933],[-117.99659,39.52835],[-117.99577,39.52701],[-117.99412,39.52599],[-117.99357,39.52498],[-117.99262,39.52452],[-117.99167,39.52474],[-117.99142,39.52405],[-117.99017,39.52342],[-117.98991,39.52343],[-117.99137,39.52409],[-117.99163,39.52478],[-117.99261,39.52457],[-117.99352,39.52502],[-117.99405,39.52601],[-117.99459,39.52636],[-117.99361,39.52672],[-117.99144,39.5267],[-117.99007,39.52706],[-117.98882,39.52633],[-117.98842,39.52533],[-117.98777,39.52493],[-117.98744,39.52412],[-117.98647,39.52323],[-117.98771,39.52496],[-117.98836,39.52536],[-117.98875,39.52633],[-117.9882,39.52594],[-117.98685,39.52621],[-117.98661,39.5253],[-117.98549,39.5256],[-117.98505,39.52426],[-117.98454,39.52419],[-117.98443,39.52371],[-117.98223,39.52408],[-117.97715,39.52218],[-117.97586,39.5225],[-117.97764,39.52232],[-117.9821,39.5241],[-117.97837,39.52394],[-117.9768,39.52423],[-117.97371,39.5253],[-117.97838,39.52399],[-117.98138,39.52431],[-117.97628,39.52706],[-117.97051,39.52765],[-117.97229,39.52769],[-117.97631,39.52711],[-117.98052,39.5247],[-117.98408,39.52373],[-117.98446,39.52384],[-117.9845,39.52424],[-117.98499,39.52429],[-117.98544,39.52564],[-117.98657,39.52535],[-117.98682,39.52626],[-117.98819,39.526],[-117.98944,39.52665],[-117.9887,39.52651],[-117.98817,39.52681],[-117.98848,39.52719],[-117.98841,39.52776],[-117.98606,39.52779],[-117.98545,39.52947],[-117.98412,39.52926],[-117.98243,39.52801],[-117.98037,39.52751],[-117.9776,39.52756],[-117.97613,39.52819],[-117.97573,39.52867],[-117.97617,39.52823],[-117.9786,39.52744],[-117.98163,39.52777],[-117.98346,39.52882],[-117.9815,39.52979],[-117.97966,39.53016],[-117.98,39.53025],[-117.98353,39.52885],[-117.98409,39.52931],[-117.98549,39.52952],[-117.9855,39.52909],[-117.98598,39.52874],[-117.98591,39.52801],[-117.98626,39.52775],[-117.98844,39.5278],[-117.98855,39.52719],[-117.98824,39.52683],[-117.98869,39.52657],[-117.99029,39.52713],[-117.99465,39.52641],[-117.9957,39.52704],[-117.99646,39.52821],[-117.9945,39.52726],[-117.99306,39.52806],[-117.99405,39.52738],[-117.99484,39.52733],[-117.99592,39.52819],[-117.99697,39.52853],[-117.99541,39.52852],[-117.99238,39.5301],[-117.99543,39.52857],[-117.99705,39.52857],[-117.99834,39.52938],[-117.99938,39.52909],[-118.00196,39.52959],[-118.0023,39.53007],[-118.00531,39.53174],[-118.00467,39.53166],[-118.00229,39.53023],[-118.00131,39.53008],[-118.00024,39.53186],[-117.99777,39.53318],[-117.9967,39.53304],[-117.99543,39.53231],[-117.99424,39.53229],[-117.99357,39.53147],[-117.99177,39.53188],[-117.99067,39.53103],[-117.99184,39.53194],[-117.99354,39.53152],[-117.9944,39.53234],[-117.99339,39.53254],[-117.99294,39.53339],[-117.99017,39.53226],[-117.99291,39.53343],[-117.99092,39.53409],[-117.99274,39.53364],[-117.99328,39.53326],[-117.99344,39.53258],[-117.99486,39.53229],[-117.99668,39.53309],[-117.99779,39.53323],[-117.99855,39.53298],[-118.00029,39.53189],[-118.00132,39.53013],[-118.00226,39.53028],[-118.00464,39.53171],[-118.00709,39.53238],[-118.01891,39.53465],[-118.02053,39.53627],[-118.02073,39.53708],[-118.02385,39.53971],[-118.02519,39.54035],[-118.02547,39.54108],[-118.02621,39.54133],[-118.02713,39.54228],[-118.028,39.54212],[-118.03037,39.54311],[-118.03501,39.54383],[-118.03603,39.54454],[-118.03999,39.54566],[-118.04223,39.54718],[-118.04469,39.54797],[-118.04658,39.54809],[-118.05143,39.54933],[-118.05292,39.5501],[-118.05467,39.55174],[-118.05617,39.55192],[-118.05862,39.55344],[-118.05977,39.55344],[-118.06596,39.5574],[-118.06867,39.55785],[-118.07009,39.55864],[-118.07518,39.5594],[-118.07726,39.56026],[-118.08171,39.56061],[-118.08275,39.56118],[-118.08362,39.56205],[-118.08523,39.56268],[-118.08647,39.56512],[-118.08899,39.56743],[-118.08918,39.56915],[-118.0911,39.57116],[-118.09388,39.5733],[-118.09745,39.57512],[-118.0988,39.57547],[-118.10019,39.57561],[-118.1017,39.57519],[-118.10333,39.57536],[-118.10797,39.57843],[-118.10796,39.57973],[-118.10842,39.58108],[-118.10827,39.58227],[-118.10981,39.58461],[-118.10954,39.58605],[-118.11053,39.58754],[-118.11066,39.58872],[-118.11031,39.58975],[-118.11049,39.59031],[-118.1099,39.59182],[-118.11011,39.59259],[-118.10905,39.59604],[-118.10896,39.595],[-118.10813,39.59337],[-118.10845,39.59252],[-118.10764,39.59156],[-118.10766,39.58941],[-118.10581,39.58777],[-118.10494,39.58501],[-118.10232,39.58184],[-118.10193,39.57917],[-118.09976,39.57764],[-118.09892,39.57751],[-118.09713,39.57648],[-118.0933,39.57497],[-118.09243,39.57427],[-118.09232,39.57336],[-118.09124,39.57222],[-118.08761,39.57004],[-118.08682,39.5683],[-118.0824,39.56576],[-118.0814,39.56574],[-118.07878,39.56473],[-118.07484,39.56422],[-118.07215,39.56283],[-118.07029,39.56245],[-118.06912,39.56168],[-118.06473,39.56087],[-118.05974,39.55829],[-118.0614,39.55943],[-118.06517,39.56109],[-118.06636,39.56107],[-118.0691,39.56173],[-118.07026,39.5625],[-118.07212,39.56288],[-118.07482,39.56427],[-118.07876,39.56478],[-118.08137,39.56579],[-118.08272,39.56595],[-118.08678,39.56834],[-118.08755,39.57007],[-118.0912,39.57242],[-118.08959,39.57271],[-118.08446,39.57112],[-118.07991,39.57075],[-118.07667,39.56916],[-118.07526,39.56903],[-118.07223,39.56742],[-118.0705,39.56705],[-118.06749,39.56586],[-118.0669,39.56529],[-118.06443,39.5645],[-118.05971,39.56129],[-118.059,39.56044],[-118.0565,39.55915],[-118.05137,39.55446],[-118.04951,39.55399],[-118.04793,39.55295],[-118.04684,39.5528],[-118.04557,39.55202],[-118.04392,39.55165],[-118.04115,39.54988],[-118.0395,39.54962],[-118.0376,39.54856],[-118.03708,39.54873],[-118.03583,39.54779],[-118.03451,39.54746],[-118.0336,39.54683],[-118.03447,39.5475],[-118.0362,39.54807],[-118.03706,39.54878],[-118.03759,39.54862],[-118.03947,39.54967],[-118.04112,39.54992],[-118.04388,39.5517],[-118.04554,39.55207],[-118.04682,39.55285],[-118.0479,39.55299],[-118.04948,39.55403],[-118.05133,39.5545],[-118.05645,39.55919],[-118.05897,39.56048],[-118.05965,39.56132],[-118.06439,39.56455],[-118.06688,39.56534],[-118.06746,39.56591],[-118.07047,39.5671],[-118.07219,39.56746],[-118.07523,39.56908],[-118.07664,39.56921],[-118.07989,39.5708],[-118.08445,39.57117],[-118.08958,39.57276],[-118.09123,39.57248],[-118.09226,39.57338],[-118.09236,39.57429],[-118.09325,39.57501],[-118.09709,39.57653],[-118.09889,39.57756],[-118.09973,39.57769],[-118.10179,39.5791],[-118.10225,39.58187],[-118.10487,39.58503],[-118.10574,39.58779],[-118.1076,39.58943],[-118.10757,39.59157],[-118.10838,39.59253],[-118.10806,39.59338],[-118.10889,39.59502],[-118.10902,39.59611],[-118.10767,39.59922],[-118.10485,39.60145],[-118.10378,39.60299],[-118.10294,39.60273],[-118.10311,39.59971],[-118.10217,39.59804],[-118.10116,39.59699],[-118.0997,39.59369],[-118.09971,39.59241],[-118.09838,39.58895],[-118.09503,39.58545],[-118.09352,39.58313],[-118.09189,39.58224],[-118.09365,39.58334],[-118.09497,39.58548],[-118.09831,39.58897],[-118.09964,39.59242],[-118.09955,39.59351],[-118.10108,39.597],[-118.09862,39.59584],[-118.0984,39.59522],[-118.0964,39.59359],[-118.09479,39.59136],[-118.09365,39.5903],[-118.09307,39.5895],[-118.09289,39.58808],[-118.09207,39.58725],[-118.09126,39.58549],[-118.09127,39.58376],[-118.0903,39.58242],[-118.08686,39.58043],[-118.08558,39.57896],[-118.08453,39.57854],[-118.0836,39.57728],[-118.08173,39.57618],[-118.08015,39.57599],[-118.07193,39.57245],[-118.06899,39.56975],[-118.07168,39.57238],[-118.07621,39.5745],[-118.07717,39.57601],[-118.0789,39.57729],[-118.07966,39.57891],[-118.08188,39.58053],[-118.08377,39.58315],[-118.08488,39.58401],[-118.085,39.58532],[-118.08613,39.58713],[-118.08658,39.58851],[-118.08145,39.58486],[-118.08032,39.58291],[-118.07686,39.58017],[-118.07705,39.57941],[-118.07597,39.5774],[-118.07236,39.57477],[-118.07046,39.5738],[-118.06954,39.57203],[-118.06853,39.57152],[-118.06858,39.57095],[-118.06802,39.57048],[-118.06568,39.56962],[-118.06407,39.5685],[-118.06299,39.5683],[-118.06175,39.56733],[-118.05871,39.56587],[-118.05595,39.56505],[-118.05438,39.56373],[-118.0526,39.56293],[-118.05025,39.56127],[-118.04731,39.55832],[-118.0449,39.557],[-118.04293,39.55669],[-118.0355,39.55096],[-118.03356,39.55027],[-118.02954,39.54718],[-118.02894,39.5463],[-118.0273,39.54572],[-118.02633,39.54502],[-118.02362,39.54194],[-118.01814,39.54138],[-118.017,39.54079],[-118.01504,39.54038],[-118.01376,39.53935],[-118.01278,39.53946],[-118.01192,39.53878],[-118.01102,39.53886],[-118.01087,39.53832],[-118.0096,39.538],[-118.00918,39.53835],[-118.0084,39.53836],[-118.0077,39.53782],[-118.00608,39.53817],[-118.00587,39.53786],[-118.00456,39.53767],[-118.00394,39.53713],[-117.99931,39.53767],[-117.99736,39.53744],[-117.99684,39.53769],[-117.99607,39.53713],[-117.99264,39.53632],[-117.99249,39.53587],[-117.99194,39.53559],[-117.99018,39.53575],[-117.98783,39.53436],[-117.98882,39.53294],[-117.98849,39.53203],[-117.98742,39.53139],[-117.9825,39.53115],[-117.98046,39.53207],[-117.97998,39.5329],[-117.97899,39.53292],[-117.97814,39.53281],[-117.9776,39.53213],[-117.97706,39.5303],[-117.97739,39.53181],[-117.97805,39.5328],[-117.97665,39.53249],[-117.97575,39.53145],[-117.9751,39.53164],[-117.97423,39.53137],[-117.97307,39.53008],[-117.9741,39.53135],[-117.97504,39.53168],[-117.97435,39.53207],[-117.97159,39.53116],[-117.97461,39.53211],[-117.97359,39.5335],[-117.97227,39.53405],[-117.97105,39.53363],[-117.97085,39.53289],[-117.96879,39.5317],[-117.96953,39.52967],[-117.96869,39.53165],[-117.97033,39.53262],[-117.96962,39.53262],[-117.96856,39.53317],[-117.96766,39.53291],[-117.96764,39.53208],[-117.96561,39.53093],[-117.95918,39.5313],[-117.9656,39.53098],[-117.96766,39.53219],[-117.96757,39.53291],[-117.9685,39.53328],[-117.96764,39.53407],[-117.96602,39.5348],[-117.96575,39.53558],[-117.96379,39.5355],[-117.96321,39.53508],[-117.96112,39.5347],[-117.96318,39.53512],[-117.96377,39.53555],[-117.96591,39.53555],[-117.9647,39.53609],[-117.96477,39.5368],[-117.96536,39.53746],[-117.96493,39.53808],[-117.9628,39.5386],[-117.96135,39.53825],[-117.96042,39.53928],[-117.95924,39.53927],[-117.95589,39.53584],[-117.9552,39.53422],[-117.95542,39.53516],[-117.95613,39.5362],[-117.95374,39.53514],[-117.95542,39.53579],[-117.95784,39.53781],[-117.95191,39.53878],[-117.95788,39.53786],[-117.95896,39.53922],[-117.96043,39.53933],[-117.96038,39.53973],[-117.95822,39.54195],[-117.95989,39.5401],[-117.96041,39.53978],[-117.96079,39.5402],[-117.96104,39.54206],[-117.96207,39.5433],[-117.96119,39.5448],[-117.96064,39.54512],[-117.95907,39.54526],[-117.95524,39.54431],[-117.95327,39.5436],[-117.95246,39.54252],[-117.95168,39.54217],[-117.9524,39.54255],[-117.95319,39.54361],[-117.95212,39.54386],[-117.95064,39.54494],[-117.94919,39.54469],[-117.94717,39.54378],[-117.94796,39.54416],[-117.9433,39.5433],[-117.94179,39.5435],[-117.94062,39.5432],[-117.93729,39.54322],[-117.93381,39.54217],[-117.93542,39.5429],[-117.93727,39.54328],[-117.94061,39.54325],[-117.94179,39.54356],[-117.9433,39.54335],[-117.94842,39.54424],[-117.94951,39.54483],[-117.94841,39.54505],[-117.94307,39.54488],[-117.95066,39.54499],[-117.95215,39.54391],[-117.95324,39.54365],[-117.95842,39.5452],[-117.95996,39.54532],[-117.96114,39.54491],[-117.96177,39.5441],[-117.96204,39.54524],[-117.96019,39.54664],[-117.95982,39.54772],[-117.95816,39.5491],[-117.95989,39.54774],[-117.96025,39.54666],[-117.9621,39.54527],[-117.96181,39.54405],[-117.96207,39.543],[-117.96292,39.54333],[-117.96429,39.54479],[-117.96297,39.54329],[-117.96202,39.54293],[-117.96113,39.54209],[-117.96097,39.54041],[-117.96045,39.53949],[-117.96137,39.5383],[-117.96288,39.53864],[-117.96523,39.53795],[-117.96543,39.53745],[-117.96471,39.53627],[-117.96596,39.5356],[-117.96607,39.53483],[-117.96768,39.53412],[-117.96859,39.53322],[-117.9698,39.53263],[-117.9706,39.53278],[-117.971,39.53367],[-117.9718,39.53393],[-117.97058,39.53419],[-117.96963,39.53514],[-117.96836,39.53858],[-117.96851,39.5394],[-117.96582,39.54253],[-117.9673,39.54101],[-117.96809,39.54304],[-117.96735,39.54094],[-117.96768,39.54015],[-117.96857,39.53942],[-117.96843,39.53858],[-117.96961,39.53531],[-117.97038,39.53442],[-117.97186,39.53396],[-117.97247,39.5341],[-117.97285,39.53631],[-117.97236,39.53787],[-117.97274,39.53845],[-117.97242,39.53762],[-117.97289,39.53636],[-117.97449,39.53771],[-117.97289,39.53626],[-117.97254,39.53409],[-117.97365,39.53353],[-117.97512,39.5317],[-117.97572,39.5315],[-117.97695,39.5327],[-117.9799,39.53296],[-117.98029,39.5323],[-117.9812,39.53172],[-117.98335,39.5311],[-117.98648,39.53141],[-117.98315,39.5318],[-117.98166,39.53356],[-117.98005,39.53454],[-117.97897,39.5365],[-117.98011,39.53457],[-117.98171,39.53359],[-117.9832,39.53184],[-117.9869,39.53137],[-117.9877,39.53149],[-117.98842,39.53205],[-117.98875,39.53295],[-117.9878,39.53414],[-117.98673,39.53438],[-117.98554,39.53376],[-117.98388,39.53492],[-117.98167,39.5354],[-117.98391,39.53497],[-117.98579,39.53381],[-117.98671,39.53443],[-117.98779,39.5342],[-117.99015,39.5358],[-117.99192,39.53564],[-117.99243,39.5359],[-117.99206,39.53701],[-117.98991,39.53743],[-117.98883,39.53804],[-117.99091,39.5372],[-117.992,39.5371],[-117.99251,39.53632],[-117.99604,39.53718],[-117.99682,39.53774],[-117.99737,39.53749],[-117.99931,39.53772],[-118.00394,39.53718],[-118.00452,39.53771],[-118.00583,39.53791],[-118.00605,39.53823],[-118.00768,39.53788],[-118.00838,39.53842],[-118.0092,39.53841],[-118.00959,39.53806],[-118.01058,39.53825],[-118.01099,39.53891],[-118.01188,39.53883],[-118.01291,39.53954],[-118.01373,39.5394],[-118.01501,39.54043],[-118.01697,39.54084],[-118.01811,39.54143],[-118.02359,39.54199],[-118.02628,39.54506],[-118.02726,39.54577],[-118.02889,39.54634],[-118.02949,39.54722],[-118.03351,39.55031],[-118.03546,39.551],[-118.03822,39.55314],[-118.03441,39.5513],[-118.03207,39.5511],[-118.02897,39.55134],[-118.02365,39.55041],[-118.02132,39.5497],[-118.0196,39.54884],[-118.01842,39.54734],[-118.01702,39.54656],[-118.01522,39.54496],[-118.01512,39.5445],[-118.01314,39.54293],[-118.01146,39.54232],[-118.00949,39.54078],[-118.00864,39.54072],[-118.0075,39.54135],[-118.00625,39.54159],[-118.00414,39.54058],[-118.00344,39.53981],[-118.0014,39.54014],[-118.00075,39.53982],[-118.00013,39.54012],[-117.99956,39.53954],[-117.99842,39.53944],[-117.99764,39.53869],[-117.99485,39.53929],[-117.99075,39.53958],[-117.98933,39.54001],[-117.98701,39.53935],[-117.98623,39.53827],[-117.9844,39.53761],[-117.98269,39.53768],[-117.97829,39.53896],[-117.9753,39.53884],[-117.97831,39.53901],[-117.98383,39.53764],[-117.98546,39.53789],[-117.98671,39.53877],[-117.98683,39.53922],[-117.98543,39.53998],[-117.98291,39.54011],[-117.98103,39.54077],[-117.97963,39.54176],[-117.98107,39.54082],[-117.98294,39.54015],[-117.98432,39.54011],[-117.98097,39.54297],[-117.98318,39.54142],[-117.98441,39.54012],[-117.98546,39.54002],[-117.98686,39.53927],[-117.98869,39.53999],[-117.98971,39.54005],[-117.99064,39.53965],[-117.99487,39.53934],[-117.99763,39.53875],[-117.99838,39.53948],[-117.99953,39.5396],[-118.00011,39.54017],[-118.00075,39.53988],[-118.00139,39.5402],[-118.00341,39.53986],[-118.0041,39.54062],[-118.00623,39.54164],[-118.00923,39.54074],[-118.01142,39.54237],[-118.01309,39.54296],[-118.01506,39.54453],[-118.01516,39.54499],[-118.01697,39.54659],[-118.01837,39.54737],[-118.01953,39.54883],[-118.01673,39.54699],[-118.01612,39.54602],[-118.0119,39.54505],[-118.01035,39.54259],[-118.00863,39.54197],[-118.00787,39.54207],[-118.0066,39.54357],[-118.00546,39.54297],[-118.00447,39.54316],[-118.00018,39.54223],[-117.99877,39.54133],[-117.99332,39.54103],[-117.99165,39.54143],[-117.98905,39.54058],[-117.98549,39.54178],[-117.98943,39.54063],[-117.99164,39.54148],[-117.99377,39.54108],[-117.99506,39.54137],[-117.99876,39.54138],[-117.9992,39.54169],[-117.99489,39.54316],[-117.99927,39.54174],[-118.00015,39.54228],[-118.00243,39.54287],[-118.00473,39.54324],[-118.00545,39.54302],[-118.006,39.54335],[-118.00559,39.54329],[-118.00502,39.54389],[-118.00394,39.54381],[-118.00278,39.54323],[-118.00117,39.5442],[-117.99621,39.54416],[-117.99772,39.54426],[-118.00133,39.54423],[-118.00278,39.54328],[-118.00393,39.54386],[-118.00503,39.54394],[-118.00562,39.54334],[-118.00681,39.54362],[-118.00791,39.54211],[-118.00861,39.54202],[-118.01029,39.54263],[-118.01187,39.54511],[-118.01608,39.54607],[-118.01655,39.5469],[-118.01853,39.54834],[-118.01773,39.54834],[-118.0158,39.54747],[-118.01451,39.54785],[-118.0126,39.54734],[-118.00917,39.54502],[-118.00569,39.5453],[-118.00681,39.54543],[-118.00915,39.54508],[-118.01257,39.54739],[-118.0145,39.5479],[-118.01578,39.54753],[-118.01683,39.5478],[-118.01769,39.54839],[-118.01863,39.5484],[-118.02208,39.54998],[-118.01747,39.55052],[-118.01595,39.55008],[-118.01517,39.55032],[-118.01277,39.5501],[-118.01171,39.54937],[-118.00872,39.54889],[-118.00684,39.54776],[-118.00687,39.54715],[-118.0054,39.54622],[-118.00266,39.54647],[-118.00104,39.54613],[-117.99904,39.54643],[-117.99654,39.5457],[-117.99565,39.5452],[-117.99502,39.54434],[-117.99276,39.54383],[-117.98923,39.54413],[-117.98891,39.54486],[-117.98787,39.54493],[-117.98648,39.54372],[-117.98553,39.54348],[-117.98416,39.54387],[-117.98579,39.54354],[-117.98644,39.54376],[-117.98766,39.54491],[-117.98607,39.54526],[-117.98457,39.54604],[-117.98353,39.54599],[-117.97893,39.54697],[-117.97859,39.54637],[-117.97843,39.54472],[-117.97773,39.54406],[-117.97606,39.54361],[-117.97757,39.54405],[-117.97831,39.54465],[-117.97852,39.54638],[-117.97594,39.54564],[-117.97347,39.54418],[-117.97369,39.54374],[-117.97319,39.54411],[-117.97605,39.54575],[-117.97853,39.54643],[-117.97868,39.54682],[-117.97686,39.54641],[-117.97538,39.54741],[-117.97433,39.54747],[-117.9729,39.54678],[-117.97118,39.54652],[-117.97287,39.54683],[-117.97432,39.54752],[-117.97541,39.54746],[-117.97688,39.54647],[-117.97886,39.54699],[-117.978,39.54717],[-117.97765,39.54756],[-117.97658,39.55135],[-117.97508,39.55161],[-117.97379,39.5511],[-117.97508,39.55167],[-117.9766,39.55141],[-117.97705,39.55267],[-117.97665,39.55137],[-117.97804,39.54721],[-117.98355,39.54604],[-117.98457,39.54609],[-117.9847,39.54726],[-117.98278,39.54923],[-117.98357,39.54877],[-117.98467,39.54742],[-117.98463,39.54607],[-117.98534,39.54566],[-117.98739,39.54499],[-117.98894,39.54491],[-117.98925,39.54419],[-117.99275,39.54389],[-117.99499,39.54439],[-117.99559,39.54524],[-117.9965,39.54574],[-117.99902,39.54648],[-118.00105,39.54619],[-118.00264,39.54653],[-118.00536,39.54627],[-118.0068,39.54717],[-118.00678,39.54778],[-118.00868,39.54894],[-118.01168,39.54942],[-118.01275,39.55015],[-118.01518,39.55037],[-118.01595,39.55013],[-118.01747,39.55057],[-118.02234,39.54996],[-118.02363,39.55046],[-118.02928,39.55142],[-118.03337,39.55398],[-118.03534,39.55437],[-118.03964,39.55683],[-118.04347,39.55994],[-118.04698,39.56173],[-118.04741,39.56258],[-118.04958,39.56416],[-118.05025,39.56567],[-118.05173,39.567],[-118.05443,39.56867],[-118.05567,39.56879],[-118.05746,39.57043],[-118.05908,39.57107],[-118.06171,39.57352],[-118.06344,39.57379],[-118.06524,39.5749],[-118.06598,39.5755],[-118.06662,39.57697],[-118.06736,39.57772],[-118.06865,39.57852],[-118.07191,39.57909],[-118.07353,39.58021],[-118.07522,39.58091],[-118.07597,39.58182],[-118.07729,39.58258],[-118.08138,39.58624],[-118.08227,39.58756],[-118.08233,39.5883],[-118.08352,39.58867],[-118.08436,39.58941],[-118.08484,39.59039],[-118.08595,39.59108],[-118.08631,39.59237],[-118.08824,39.59401],[-118.09,39.5945],[-118.09019,39.59518],[-118.09175,39.59695],[-118.09192,39.59801],[-118.09478,39.59962],[-118.09606,39.60101],[-118.0992,39.60209],[-118.10373,39.60303],[-118.10237,39.60509],[-118.10195,39.60645],[-118.10198,39.60811],[-118.10129,39.60881],[-118.10088,39.61007],[-118.09781,39.61095],[-118.09506,39.61222],[-118.09398,39.61223],[-118.09542,39.61146],[-118.09589,39.60997],[-118.09553,39.60871],[-118.09439,39.60784],[-118.09461,39.60636],[-118.09391,39.60427],[-118.09235,39.60299],[-118.09192,39.60158],[-118.08685,39.59805],[-118.08658,39.5966],[-118.08511,39.59489],[-118.08488,39.5942],[-118.08309,39.59268],[-118.08035,39.58909],[-118.075,39.58555],[-118.07348,39.58513],[-118.07264,39.58384],[-118.06984,39.58291],[-118.06769,39.58141],[-118.06373,39.58027],[-118.06243,39.57882],[-118.0608,39.5782],[-118.05907,39.57718],[-118.05794,39.57601],[-118.05528,39.57483],[-118.05225,39.57281],[-118.04966,39.57008],[-118.04507,39.56771],[-118.04302,39.5672],[-118.04244,39.56603],[-118.04152,39.5655],[-118.04148,39.56503],[-118.04038,39.56416],[-118.03977,39.56423],[-118.03778,39.56271],[-118.03535,39.56181],[-118.03386,39.56062],[-118.0317,39.55964],[-118.03045,39.55942],[-118.02701,39.55789],[-118.02125,39.55667],[-118.01786,39.55496],[-118.01701,39.5542],[-118.01434,39.55343],[-118.01347,39.55274],[-118.01004,39.55209],[-118.00813,39.55129],[-118.0067,39.55127],[-118.00612,39.55059],[-118.0043,39.55057],[-118.003,39.54967],[-118.00212,39.54946],[-118.00032,39.55043],[-117.99888,39.55055],[-117.99847,39.55017],[-117.99772,39.55036],[-117.99615,39.54923],[-117.99435,39.54861],[-117.99346,39.54792],[-117.99164,39.54873],[-117.98964,39.54864],[-117.98887,39.54817],[-117.98704,39.54827],[-117.98652,39.54877],[-117.9864,39.55079],[-117.98548,39.55185],[-117.98423,39.55158],[-117.98341,39.55185],[-117.98031,39.55181],[-117.98342,39.55191],[-117.98422,39.55164],[-117.98547,39.5519],[-117.98459,39.55312],[-117.98306,39.55343],[-117.98157,39.5542],[-117.98415,39.55332],[-117.98375,39.55472],[-117.98423,39.55331],[-117.98497,39.5529],[-117.98593,39.55122],[-117.9864,39.55094],[-117.98677,39.54851],[-117.98885,39.54822],[-117.98962,39.54869],[-117.99165,39.54878],[-117.99345,39.54798],[-117.99431,39.54866],[-117.99612,39.54928],[-117.99468,39.54964],[-117.99225,39.55113],[-117.99153,39.55098],[-117.99001,39.55134],[-117.99228,39.55118],[-117.99471,39.54969],[-117.99609,39.54934],[-117.99723,39.55021],[-117.9979,39.55044],[-117.99855,39.55023],[-117.99888,39.55061],[-118.00035,39.55048],[-118.00212,39.54952],[-118.00295,39.54971],[-118.00428,39.55062],[-118.00609,39.55063],[-118.00667,39.55132],[-118.00811,39.55134],[-118.01001,39.55214],[-118.01344,39.55279],[-118.01431,39.55348],[-118.01697,39.55425],[-118.01779,39.55498],[-118.01419,39.55538],[-118.0117,39.55528],[-118.00917,39.55619],[-118.00684,39.55612],[-118.00348,39.55535],[-118.00261,39.55567],[-118.00129,39.55534],[-118.00054,39.55472],[-118.00041,39.55367],[-117.9998,39.55285],[-117.99798,39.55272],[-117.99724,39.55279],[-117.99609,39.55347],[-117.99464,39.55351],[-117.99131,39.5548],[-117.9886,39.55497],[-117.99133,39.55485],[-117.99504,39.55345],[-117.99612,39.55352],[-117.99727,39.55284],[-117.99958,39.55279],[-118.0002,39.55342],[-118.00036,39.55423],[-117.99907,39.55403],[-117.99767,39.55523],[-117.9969,39.55508],[-117.99527,39.55578],[-117.99358,39.55515],[-117.99229,39.55549],[-117.99357,39.55521],[-117.99559,39.55578],[-117.99691,39.55514],[-117.99771,39.55527],[-117.99881,39.55422],[-117.99964,39.55406],[-118.00024,39.55417],[-118.00125,39.55538],[-118.0027,39.55573],[-118.0026,39.55636],[-118.00172,39.55661],[-118.00075,39.55621],[-117.99955,39.5564],[-117.99913,39.55769],[-117.99959,39.55644],[-118.00074,39.55626],[-118.00192,39.55662],[-118.00265,39.5564],[-118.00277,39.55573],[-118.00348,39.55541],[-118.00682,39.55618],[-118.00917,39.55624],[-118.01172,39.55533],[-118.01551,39.55537],[-118.01785,39.55502],[-118.02122,39.55671],[-118.02698,39.55794],[-118.03382,39.56067],[-118.03531,39.56186],[-118.03774,39.56276],[-118.03974,39.56428],[-118.04034,39.56421],[-118.04142,39.56506],[-118.04146,39.56553],[-118.04238,39.56606],[-118.04327,39.56743],[-118.04504,39.56776],[-118.04962,39.57012],[-118.05205,39.57273],[-118.05494,39.57469],[-118.05057,39.57232],[-118.04839,39.57153],[-118.04666,39.57147],[-118.04485,39.5707],[-118.04308,39.57062],[-118.04216,39.56978],[-118.03976,39.56946],[-118.03857,39.56882],[-118.03533,39.56874],[-118.03395,39.56818],[-118.03104,39.56805],[-118.02894,39.56742],[-118.02225,39.56296],[-118.02087,39.5624],[-118.01808,39.56205],[-118.0166,39.56112],[-118.01529,39.56088],[-118.01657,39.56117],[-118.01805,39.56211],[-118.02085,39.56246],[-118.02222,39.563],[-118.02891,39.56747],[-118.03103,39.5681],[-118.03393,39.56824],[-118.03532,39.5688],[-118.03855,39.56887],[-118.03973,39.56951],[-118.04222,39.56985],[-118.04306,39.57067],[-118.04483,39.57075],[-118.04665,39.57152],[-118.04837,39.57158],[-118.05054,39.57237],[-118.05463,39.57466],[-118.05789,39.57606],[-118.05902,39.57722],[-118.06076,39.57825],[-118.06119,39.5794],[-118.06245,39.58035],[-118.06298,39.58148],[-118.06791,39.58399],[-118.06987,39.5866],[-118.0701,39.58762],[-118.07104,39.58863],[-118.07305,39.58972],[-118.07454,39.59232],[-118.07551,39.59333],[-118.07565,39.59443],[-118.07621,39.59492],[-118.07768,39.59754],[-118.07771,39.59831],[-118.07845,39.59914],[-118.0784,39.60106],[-118.08141,39.60495],[-118.07847,39.60104],[-118.07852,39.59913],[-118.07778,39.59829],[-118.07774,39.59752],[-118.07627,39.5949],[-118.07571,39.59441],[-118.07557,39.59331],[-118.0746,39.5923],[-118.07311,39.58969],[-118.0711,39.58859],[-118.07016,39.58759],[-118.06993,39.58658],[-118.06796,39.58396],[-118.06303,39.58144],[-118.06251,39.58032],[-118.06126,39.57938],[-118.06083,39.57825],[-118.06239,39.57886],[-118.06416,39.58059],[-118.06766,39.58146],[-118.0698,39.58295],[-118.07261,39.58389],[-118.07343,39.58517],[-118.07495,39.5856],[-118.08029,39.58912],[-118.08303,39.59271],[-118.08481,39.59423],[-118.08505,39.59491],[-118.08652,39.59662],[-118.08679,39.59808],[-118.09191,39.60167],[-118.09229,39.60302],[-118.0939,39.6044],[-118.09409,39.60566],[-118.09454,39.60637],[-118.09432,39.60786],[-118.09558,39.60892],[-118.09582,39.60997],[-118.09535,39.61144],[-118.0926,39.6127],[-118.09298,39.61188],[-118.09439,39.61126],[-118.09439,39.61054],[-118.09115,39.60821],[-118.09036,39.60451],[-118.08937,39.60336],[-118.08826,39.60124],[-118.0858,39.5983],[-118.08284,39.59663],[-118.0799,39.5941],[-118.0827,39.5966],[-118.08574,39.59833],[-118.08819,39.60126],[-118.0893,39.60339],[-118.09015,39.60421],[-118.09109,39.60824],[-118.09414,39.61026],[-118.09433,39.61124],[-118.09292,39.61185],[-118.09251,39.61274],[-118.08921,39.61456],[-118.08862,39.6159],[-118.08752,39.61661],[-118.08737,39.61833],[-118.08328,39.62208],[-118.08107,39.62508],[-118.07873,39.62682],[-118.07693,39.62505],[-118.07546,39.6249],[-118.07277,39.62334],[-118.07073,39.61965],[-118.07073,39.61907],[-118.07119,39.61875],[-118.07142,39.61796],[-118.07099,39.61703],[-118.07154,39.6163],[-118.07144,39.61472],[-118.07184,39.61438],[-118.072,39.6135],[-118.07163,39.60963],[-118.07262,39.60767],[-118.07275,39.60648],[-118.07215,39.60539],[-118.07224,39.60444],[-118.07159,39.60325],[-118.07122,39.6004],[-118.06998,39.59752],[-118.06926,39.59451],[-118.06711,39.59111],[-118.06707,39.59009],[-118.06629,39.58914],[-118.06345,39.58718],[-118.06147,39.58686],[-118.05786,39.5852],[-118.05578,39.58357],[-118.05198,39.58289],[-118.05001,39.58218],[-118.04382,39.57888],[-118.04229,39.57852],[-118.03628,39.576],[-118.03516,39.5752],[-118.03142,39.57396],[-118.02554,39.56972],[-118.02167,39.56856],[-118.01797,39.56698],[-118.01458,39.56461],[-118.01437,39.56381],[-118.01365,39.56306],[-118.00867,39.56012],[-118.00753,39.56007],[-118.00424,39.561],[-118.00299,39.56094],[-117.99842,39.56003],[-117.99703,39.55843],[-117.99504,39.55822],[-117.99189,39.55908],[-117.99063,39.5602],[-117.98986,39.55953],[-117.98866,39.55928],[-117.98621,39.55641],[-117.9886,39.55931],[-117.98983,39.55958],[-117.9906,39.56024],[-117.99012,39.56124],[-117.98949,39.56188],[-117.9879,39.56182],[-117.98669,39.56127],[-117.98427,39.56166],[-117.98396,39.56134],[-117.98425,39.55964],[-117.98408,39.55855],[-117.98389,39.56135],[-117.9842,39.56169],[-117.98187,39.56202],[-117.98024,39.56148],[-117.98018,39.56074],[-117.98057,39.56006],[-117.98036,39.55938],[-117.9807,39.55836],[-117.98211,39.55735],[-117.98234,39.55686],[-117.98066,39.55831],[-117.97941,39.55588],[-117.98065,39.55845],[-117.9803,39.5593],[-117.98051,39.55996],[-117.98012,39.56065],[-117.98019,39.56144],[-117.97803,39.56043],[-117.97722,39.55967],[-117.97366,39.5588],[-117.97389,39.55829],[-117.97348,39.55678],[-117.97466,39.55544],[-117.97342,39.55676],[-117.97382,39.55828],[-117.97361,39.55884],[-117.97202,39.55862],[-117.97163,39.55757],[-117.97291,39.55482],[-117.97156,39.55756],[-117.97194,39.55862],[-117.97132,39.5585],[-117.9701,39.55795],[-117.96921,39.55426],[-117.97003,39.55341],[-117.97205,39.55314],[-117.97005,39.55334],[-117.96921,39.55409],[-117.96901,39.55229],[-117.96998,39.55136],[-117.97039,39.55027],[-117.96992,39.55133],[-117.96902,39.5522],[-117.96775,39.54973],[-117.96749,39.548],[-117.96746,39.54904],[-117.96802,39.55057],[-117.96579,39.5495],[-117.96682,39.55028],[-117.96802,39.55063],[-117.96864,39.55155],[-117.96896,39.55223],[-117.96935,39.55581],[-117.97003,39.55793],[-117.96768,39.5576],[-117.96646,39.55662],[-117.96597,39.55544],[-117.96498,39.55433],[-117.96299,39.55291],[-117.9618,39.55076],[-117.96124,39.55037],[-117.96293,39.55294],[-117.96492,39.55436],[-117.96591,39.55546],[-117.96639,39.55664],[-117.96414,39.55648],[-117.96644,39.55667],[-117.96764,39.55765],[-117.96942,39.55796],[-117.96688,39.5598],[-117.96554,39.55964],[-117.96352,39.55869],[-117.96223,39.5586],[-117.96144,39.55922],[-117.95934,39.55858],[-117.95839,39.55735],[-117.95783,39.5572],[-117.95786,39.55388],[-117.95778,39.55725],[-117.95673,39.55739],[-117.95386,39.55607],[-117.95357,39.55547],[-117.95393,39.55477],[-117.95388,39.55329],[-117.95161,39.55118],[-117.95069,39.55088],[-117.94618,39.55058],[-117.94508,39.54972],[-117.94393,39.54944],[-117.94065,39.54998],[-117.94392,39.5495],[-117.94504,39.54976],[-117.94608,39.55058],[-117.94234,39.55179],[-117.94391,39.55151],[-117.94589,39.55064],[-117.95067,39.55093],[-117.95185,39.55138],[-117.95382,39.55331],[-117.95386,39.55476],[-117.9535,39.55547],[-117.95379,39.5561],[-117.95166,39.55724],[-117.94867,39.55681],[-117.94697,39.55589],[-117.94405,39.55527],[-117.94117,39.55533],[-117.93928,39.55414],[-117.94115,39.55538],[-117.94404,39.55533],[-117.94645,39.5558],[-117.9486,39.55683],[-117.9467,39.55776],[-117.9432,39.55832],[-117.94673,39.55781],[-117.94867,39.55686],[-117.9514,39.55726],[-117.95073,39.5588],[-117.94806,39.56044],[-117.94605,39.56092],[-117.94403,39.55987],[-117.94517,39.56067],[-117.94631,39.56101],[-117.94823,39.56042],[-117.95079,39.55883],[-117.95146,39.55729],[-117.95252,39.557],[-117.95385,39.55613],[-117.95669,39.55744],[-117.95741,39.55738],[-117.95485,39.55873],[-117.95432,39.5597],[-117.95512,39.55862],[-117.95796,39.55728],[-117.9593,39.55862],[-117.96109,39.55921],[-117.95978,39.55987],[-117.95892,39.56115],[-117.95654,39.56162],[-117.95896,39.5612],[-117.95998,39.55978],[-117.96169,39.55926],[-117.96226,39.55865],[-117.96349,39.55874],[-117.96602,39.55982],[-117.96709,39.55981],[-117.96768,39.5612],[-117.96631,39.56172],[-117.96585,39.56336],[-117.96539,39.56376],[-117.95777,39.56557],[-117.95639,39.56498],[-117.95519,39.56353],[-117.95447,39.56321],[-117.95514,39.56357],[-117.95634,39.56502],[-117.95768,39.5656],[-117.95728,39.56572],[-117.95609,39.56574],[-117.95525,39.56512],[-117.95409,39.56517],[-117.95365,39.56548],[-117.95088,39.56488],[-117.94737,39.5655],[-117.94459,39.56441],[-117.94308,39.56304],[-117.94131,39.56242],[-117.94303,39.56309],[-117.94455,39.56445],[-117.94713,39.56551],[-117.95088,39.56494],[-117.95212,39.56541],[-117.95366,39.56553],[-117.95412,39.56522],[-117.95522,39.56517],[-117.95614,39.56581],[-117.95545,39.56618],[-117.95486,39.56825],[-117.95425,39.56864],[-117.95145,39.56869],[-117.94865,39.56925],[-117.94718,39.57064],[-117.94512,39.57186],[-117.9444,39.57183],[-117.94313,39.57092],[-117.94436,39.57188],[-117.94515,39.57191],[-117.94723,39.57068],[-117.94868,39.5693],[-117.95145,39.56874],[-117.95431,39.56868],[-117.95339,39.57067],[-117.9534,39.57195],[-117.95385,39.57322],[-117.95347,39.57194],[-117.95348,39.57057],[-117.95442,39.56863],[-117.95492,39.56827],[-117.95552,39.5662],[-117.95631,39.56578],[-117.96038,39.5651],[-117.96045,39.5661],[-117.96002,39.56745],[-117.96094,39.56803],[-117.96058,39.56878],[-117.95898,39.57032],[-117.96055,39.56892],[-117.96042,39.5697],[-117.96073,39.57036],[-117.95961,39.57213],[-117.96077,39.57041],[-117.96129,39.57146],[-117.96079,39.57278],[-117.96088,39.57348],[-117.96136,39.57146],[-117.96049,39.56969],[-117.96081,39.56839],[-117.96334,39.5698],[-117.96372,39.57039],[-117.96375,39.57149],[-117.96381,39.57051],[-117.96265,39.5692],[-117.96106,39.56863],[-117.961,39.56785],[-117.96011,39.56756],[-117.96052,39.5661],[-117.96044,39.56508],[-117.96095,39.56476],[-117.96252,39.56465],[-117.96276,39.56515],[-117.96254,39.56606],[-117.96331,39.56698],[-117.96261,39.56604],[-117.96283,39.56514],[-117.96258,39.56462],[-117.96511,39.56389],[-117.96451,39.56457],[-117.96436,39.56536],[-117.96498,39.56609],[-117.96569,39.56795],[-117.96505,39.56607],[-117.96443,39.56536],[-117.96457,39.56459],[-117.96586,39.56349],[-117.96608,39.56238],[-117.96689,39.5631],[-117.96776,39.5659],[-117.96695,39.56308],[-117.96612,39.56221],[-117.96646,39.56168],[-117.96775,39.56121],[-117.96716,39.55979],[-117.96961,39.55792],[-117.97147,39.55861],[-117.97242,39.55864],[-117.97034,39.56034],[-117.97249,39.55865],[-117.97346,39.55894],[-117.97223,39.56029],[-117.97231,39.56195],[-117.97198,39.56279],[-117.97238,39.56195],[-117.9723,39.56031],[-117.97367,39.55887],[-117.97745,39.55993],[-117.97772,39.56029],[-117.97693,39.56084],[-117.97635,39.56203],[-117.97699,39.56087],[-117.97777,39.56033],[-117.98015,39.56148],[-117.97728,39.56317],[-117.97669,39.5649],[-117.97734,39.5632],[-117.97897,39.56234],[-117.97937,39.5618],[-117.9802,39.56153],[-117.98232,39.56209],[-117.98195,39.56319],[-117.98098,39.56362],[-117.98054,39.56427],[-117.98139,39.56551],[-117.98105,39.56637],[-117.97977,39.56739],[-117.97789,39.56779],[-117.97703,39.56757],[-117.97789,39.56784],[-117.97976,39.56745],[-117.97848,39.56901],[-117.97536,39.56952],[-117.97477,39.56914],[-117.97223,39.5693],[-117.9697,39.5687],[-117.9673,39.56901],[-117.96616,39.56958],[-117.96732,39.56906],[-117.9697,39.56875],[-117.97321,39.56933],[-117.97064,39.57154],[-117.97113,39.57358],[-117.97071,39.57156],[-117.97305,39.56949],[-117.97475,39.5692],[-117.97535,39.56957],[-117.97651,39.56955],[-117.97852,39.56905],[-117.97943,39.56825],[-117.98094,39.56921],[-117.98184,39.56935],[-117.9826,39.57045],[-117.9825,39.57292],[-117.98267,39.57043],[-117.98188,39.56931],[-117.98097,39.56917],[-117.97947,39.56821],[-117.97989,39.56735],[-117.98092,39.56656],[-117.98178,39.56733],[-117.98369,39.56795],[-117.98319,39.56754],[-117.98182,39.56728],[-117.98098,39.56653],[-117.98148,39.566],[-117.98147,39.56559],[-117.98061,39.56428],[-117.98103,39.56366],[-117.98201,39.56322],[-117.98262,39.56194],[-117.98574,39.56155],[-117.98501,39.56274],[-117.98493,39.5639],[-117.98448,39.56465],[-117.98505,39.56582],[-117.98499,39.56726],[-117.98512,39.56582],[-117.98455,39.56465],[-117.985,39.56392],[-117.98517,39.56254],[-117.98612,39.56142],[-117.98677,39.56134],[-117.98784,39.56184],[-117.98747,39.56189],[-117.98721,39.56239],[-117.98798,39.56437],[-117.98742,39.56632],[-117.98751,39.56753],[-117.98749,39.56632],[-117.98805,39.56437],[-117.9873,39.56273],[-117.98741,39.56203],[-117.98952,39.56193],[-117.99018,39.56127],[-117.99043,39.56047],[-117.99174,39.55925],[-117.99459,39.55842],[-117.99419,39.55918],[-117.99262,39.56041],[-117.99215,39.56149],[-117.99224,39.56282],[-117.9929,39.56344],[-117.9923,39.56417],[-117.9917,39.56583],[-117.99189,39.56641],[-117.99166,39.5672],[-117.99096,39.5679],[-117.99173,39.56722],[-117.99196,39.56641],[-117.99177,39.56584],[-117.99236,39.56419],[-117.99297,39.56344],[-117.99231,39.56281],[-117.99222,39.56151],[-117.99268,39.56044],[-117.99424,39.55921],[-117.99466,39.55837],[-117.99682,39.55841],[-117.99759,39.55939],[-117.99706,39.55921],[-117.996,39.55949],[-117.99555,39.5601],[-117.99549,39.56083],[-117.99395,39.56201],[-117.99513,39.56128],[-117.9956,39.56077],[-117.99589,39.55969],[-117.99672,39.5593],[-117.99782,39.55947],[-117.99838,39.56008],[-118.00039,39.56053],[-117.99958,39.56075],[-117.99895,39.56174],[-117.99787,39.56201],[-117.99669,39.56353],[-117.99464,39.5638],[-117.9969,39.56347],[-117.99693,39.56404],[-117.99492,39.56647],[-117.99699,39.56405],[-117.99717,39.56289],[-117.99799,39.562],[-117.99899,39.56178],[-117.99986,39.56064],[-118.0013,39.56051],[-118.00425,39.56105],[-118.00754,39.56013],[-118.00864,39.56017],[-118.0136,39.56309],[-118.01431,39.56384],[-118.01453,39.56465],[-118.01818,39.56716],[-118.02375,39.56937],[-118.02549,39.56976],[-118.03114,39.57387],[-118.03513,39.57525],[-118.03625,39.57604],[-118.03975,39.57746],[-118.03653,39.5774],[-118.03431,39.57629],[-118.0323,39.57577],[-118.03011,39.57451],[-118.02466,39.57307],[-118.02322,39.57227],[-118.01724,39.56708],[-118.01168,39.56422],[-118.00892,39.56447],[-118.0082,39.56545],[-118.00681,39.56554],[-118.00601,39.56619],[-118.0019,39.5652],[-117.99889,39.56621],[-117.99687,39.56743],[-117.99892,39.56626],[-118.00192,39.56525],[-118.00618,39.56622],[-118.00683,39.56559],[-118.00823,39.5655],[-118.00895,39.56451],[-118.01117,39.56421],[-118.01719,39.56712],[-118.01928,39.56891],[-118.0161,39.56748],[-118.01345,39.56814],[-118.01147,39.56826],[-118.00893,39.56912],[-118.00719,39.56903],[-118.00406,39.56731],[-118.00662,39.56898],[-118.00893,39.56917],[-118.0115,39.56831],[-118.01346,39.56819],[-118.0161,39.56754],[-118.01946,39.56902],[-118.02086,39.57022],[-118.01781,39.56956],[-118.01425,39.56967],[-118.01096,39.56932],[-118.00848,39.57044],[-118.00634,39.5709],[-118.00521,39.57076],[-118.00287,39.56956],[-118.00138,39.56925],[-118.00039,39.57011],[-117.99949,39.57037],[-117.99711,39.56939],[-117.99474,39.57],[-117.99334,39.56943],[-117.99141,39.56946],[-117.99332,39.56948],[-117.99474,39.57005],[-117.99711,39.56945],[-117.99949,39.57043],[-118.00044,39.57016],[-118.00137,39.5693],[-118.00284,39.56961],[-118.00517,39.57081],[-118.00634,39.57096],[-118.00851,39.57049],[-118.01096,39.56937],[-118.01424,39.56973],[-118.0178,39.56961],[-118.01894,39.57006],[-118.02055,39.57018],[-118.02459,39.5731],[-118.01597,39.57487],[-118.01208,39.57358],[-118.00775,39.57462],[-118.00585,39.57475],[-118.00488,39.57522],[-118.00439,39.57516],[-118.00217,39.57344],[-118.00014,39.57344],[-118.00213,39.57349],[-118.00434,39.5752],[-118.00489,39.57527],[-118.00588,39.5748],[-118.00777,39.57467],[-118.01209,39.57363],[-118.01597,39.57493],[-118.0195,39.574],[-118.02474,39.57313],[-118.03007,39.57456],[-118.03226,39.57582],[-118.03427,39.57634],[-118.03615,39.57729],[-118.03278,39.57696],[-118.0286,39.5748],[-118.02362,39.57454],[-118.01974,39.57552],[-118.01242,39.57657],[-118.00951,39.57775],[-118.01244,39.57662],[-118.01977,39.57558],[-118.02362,39.5746],[-118.02859,39.57485],[-118.03276,39.57701],[-118.04033,39.57759],[-118.04226,39.57857],[-118.04379,39.57893],[-118.04997,39.58223],[-118.05196,39.58294],[-118.05575,39.58362],[-118.05781,39.58525],[-118.06144,39.58691],[-118.06341,39.58722],[-118.06648,39.58936],[-118.06705,39.59025],[-118.06704,39.59113],[-118.06919,39.59453],[-118.0695,39.5958],[-118.0664,39.59361],[-118.06585,39.59273],[-118.06483,39.59214],[-118.06241,39.58979],[-118.0612,39.58917],[-118.05959,39.58748],[-118.05593,39.58557],[-118.0522,39.58459],[-118.04763,39.58257],[-118.04341,39.58244],[-118.04104,39.58172],[-118.03896,39.58209],[-118.03609,39.58201],[-118.03352,39.58143],[-118.03081,39.58157],[-118.02493,39.58046],[-118.01587,39.57988],[-118.02492,39.58051],[-118.03079,39.58162],[-118.03351,39.58148],[-118.03608,39.58206],[-118.03896,39.58214],[-118.04104,39.58178],[-118.0434,39.58249],[-118.0476,39.58262],[-118.05217,39.58464],[-118.0559,39.58562],[-118.05956,39.58752],[-118.06114,39.58921],[-118.06235,39.58982],[-118.06478,39.59218],[-118.06579,39.59276],[-118.06634,39.59364],[-118.06941,39.5959],[-118.07115,39.60041],[-118.07152,39.60326],[-118.07217,39.60445],[-118.07218,39.6053],[-118.07048,39.60312],[-118.06731,39.60042],[-118.06659,39.59863],[-118.06496,39.59762],[-118.0645,39.59637],[-118.06356,39.59522],[-118.0622,39.59408],[-118.05965,39.59286],[-118.05889,39.59167],[-118.05623,39.58976],[-118.05612,39.58895],[-118.0527,39.5862],[-118.04917,39.58532],[-118.0471,39.58442],[-118.04914,39.58537],[-118.05267,39.58625],[-118.05605,39.58898],[-118.05617,39.58979],[-118.05883,39.5917],[-118.05959,39.59289],[-118.06216,39.59412],[-118.0635,39.59525],[-118.06444,39.5964],[-118.06505,39.59779],[-118.06277,39.59684],[-118.06107,39.59438],[-118.05761,39.59221],[-118.05662,39.59095],[-118.05547,39.59092],[-118.05449,39.58996],[-118.05143,39.58933],[-118.04909,39.58791],[-118.04842,39.58695],[-118.04761,39.58672],[-118.04738,39.58622],[-118.04606,39.58598],[-118.0438,39.58461],[-118.04038,39.58342],[-118.03313,39.58307],[-118.04036,39.58347],[-118.04376,39.58465],[-118.04602,39.58603],[-118.04735,39.58627],[-118.04756,39.58676],[-118.04836,39.58698],[-118.04903,39.58794],[-118.05141,39.58938],[-118.05446,39.59001],[-118.05544,39.59097],[-118.05657,39.59099],[-118.05755,39.59224],[-118.06101,39.59442],[-118.06272,39.59687],[-118.06646,39.59859],[-118.0669,39.59975],[-118.06555,39.5992],[-118.06221,39.59883],[-118.05984,39.59771],[-118.05867,39.59758],[-118.05551,39.5955],[-118.05462,39.59565],[-118.05219,39.59497],[-118.0506,39.59376],[-118.04695,39.59237],[-118.04511,39.59198],[-118.04284,39.59225],[-118.04067,39.59191],[-118.03903,39.59108],[-118.03597,39.59071],[-118.03362,39.58958],[-118.03194,39.58932],[-118.02915,39.58789],[-118.03191,39.58937],[-118.03359,39.58963],[-118.03412,39.59011],[-118.03594,39.59076],[-118.039,39.59113],[-118.04065,39.59196],[-118.04284,39.5923],[-118.0451,39.59204],[-118.04693,39.59242],[-118.05056,39.59381],[-118.05215,39.59501],[-118.05461,39.59571],[-118.05548,39.59555],[-118.05864,39.59763],[-118.05981,39.59776],[-118.06219,39.59888],[-118.06553,39.59925],[-118.06681,39.59986],[-118.07017,39.60291],[-118.07143,39.60466],[-118.07007,39.60333],[-118.0637,39.60079],[-118.06091,39.6005],[-118.05877,39.59975],[-118.05505,39.59988],[-118.05257,39.59926],[-118.05124,39.59839],[-118.05004,39.59806],[-118.04555,39.5981],[-118.04463,39.5977],[-118.04063,39.59706],[-118.0377,39.59582],[-118.03612,39.594],[-118.03273,39.59185],[-118.03076,39.59018],[-118.0287,39.58953],[-118.02643,39.58833],[-118.02468,39.58824],[-118.02384,39.58788],[-118.0226,39.58706],[-118.02014,39.58613],[-118.01777,39.58444],[-118.012,39.58304],[-118.00734,39.57965],[-118.00429,39.57902],[-118.00152,39.57911],[-118.00034,39.57875],[-117.99944,39.57797],[-117.99898,39.5767],[-117.99709,39.57534],[-117.99574,39.57483],[-117.99554,39.57408],[-117.99462,39.57402],[-117.99371,39.57323],[-117.99295,39.57351],[-117.9919,39.57271],[-117.9879,39.57145],[-117.99187,39.57276],[-117.99215,39.57322],[-117.993,39.57357],[-117.989,39.57412],[-117.99271,39.57378],[-117.98998,39.57561],[-117.99368,39.57328],[-117.99459,39.57407],[-117.99549,39.57412],[-117.99565,39.57483],[-117.99619,39.57511],[-117.99331,39.57611],[-117.99625,39.57514],[-117.99695,39.57535],[-117.99893,39.57674],[-117.99958,39.57829],[-118.00066,39.57891],[-117.9972,39.5794],[-117.99558,39.57829],[-117.99407,39.578],[-117.99572,39.57841],[-117.99718,39.57945],[-117.99921,39.57923],[-117.99844,39.57964],[-117.99802,39.58028],[-117.99689,39.58071],[-117.99434,39.58099],[-117.99293,39.58096],[-117.99272,39.57996],[-117.99212,39.57963],[-117.99166,39.57869],[-117.99206,39.57966],[-117.99265,39.57998],[-117.99286,39.58097],[-117.99156,39.58119],[-117.98926,39.58246],[-117.98705,39.58023],[-117.98665,39.57869],[-117.98699,39.58025],[-117.98934,39.5825],[-117.98813,39.58346],[-117.98541,39.58352],[-117.98453,39.58273],[-117.98319,39.57972],[-117.98198,39.57891],[-117.98131,39.57735],[-117.98042,39.57662],[-117.98125,39.57737],[-117.98192,39.57894],[-117.98313,39.57975],[-117.98465,39.58297],[-117.98538,39.58357],[-117.98691,39.58353],[-117.98559,39.58406],[-117.98497,39.5855],[-117.98385,39.58591],[-117.98178,39.58368],[-117.98131,39.58231],[-117.97981,39.58089],[-117.97825,39.57743],[-117.97975,39.58091],[-117.98124,39.58233],[-117.9817,39.58368],[-117.97922,39.58359],[-117.97616,39.58173],[-117.97468,39.58038],[-117.97368,39.57818],[-117.9751,39.58103],[-117.97919,39.58364],[-117.98174,39.58373],[-117.98339,39.58577],[-117.98137,39.58511],[-117.97767,39.58611],[-117.97625,39.58582],[-117.97602,39.58434],[-117.97456,39.58488],[-117.97305,39.58447],[-117.97268,39.58328],[-117.97058,39.58109],[-117.96942,39.57882],[-117.97038,39.58093],[-117.97256,39.58323],[-117.97299,39.5845],[-117.97446,39.58491],[-117.97349,39.58531],[-117.97288,39.58512],[-117.97206,39.58413],[-117.97036,39.58311],[-117.97201,39.58417],[-117.97276,39.58513],[-117.97343,39.58535],[-117.97227,39.5864],[-117.97161,39.58647],[-117.97045,39.58585],[-117.96878,39.58582],[-117.96726,39.58478],[-117.96734,39.58293],[-117.96648,39.58072],[-117.96612,39.57805],[-117.96641,39.58073],[-117.96727,39.58294],[-117.96716,39.58465],[-117.96754,39.58515],[-117.96714,39.58508],[-117.96662,39.58395],[-117.96661,39.58264],[-117.96603,39.58135],[-117.96294,39.57874],[-117.96491,39.58025],[-117.96629,39.582],[-117.96652,39.58388],[-117.9672,39.58521],[-117.96643,39.58561],[-117.96384,39.5847],[-117.9596,39.58435],[-117.95831,39.5838],[-117.95758,39.58227],[-117.95669,39.58125],[-117.95744,39.57977],[-117.95898,39.57877],[-117.95738,39.57974],[-117.95665,39.5812],[-117.95511,39.57847],[-117.95599,39.58051],[-117.95745,39.5822],[-117.95825,39.58383],[-117.95886,39.58413],[-117.95566,39.58416],[-117.95261,39.58282],[-117.95204,39.58229],[-117.95215,39.58029],[-117.95097,39.5781],[-117.95209,39.58031],[-117.95196,39.5822],[-117.95238,39.58277],[-117.95564,39.58422],[-117.95893,39.58415],[-117.96222,39.58482],[-117.96356,39.58471],[-117.96612,39.58562],[-117.96677,39.58557],[-117.96494,39.58734],[-117.96735,39.58519],[-117.96875,39.58587],[-117.97043,39.5859],[-117.97189,39.5865],[-117.97334,39.58546],[-117.97584,39.58434],[-117.97618,39.58474],[-117.97619,39.58586],[-117.97745,39.58613],[-117.97576,39.58857],[-117.96939,39.5887],[-117.96832,39.58959],[-117.9671,39.58995],[-117.96257,39.58903],[-117.96067,39.58911],[-117.95832,39.58994],[-117.95652,39.59005],[-117.95584,39.58985],[-117.95503,39.58863],[-117.95342,39.58767],[-117.95497,39.58866],[-117.95579,39.58989],[-117.95643,39.59008],[-117.95425,39.59023],[-117.9529,39.59086],[-117.94973,39.5887],[-117.95283,39.59088],[-117.95166,39.59121],[-117.94956,39.59072],[-117.95161,39.59125],[-117.95004,39.5928],[-117.94675,39.59338],[-117.94944,39.59309],[-117.94881,39.59372],[-117.94867,39.59464],[-117.94901,39.59356],[-117.95058,39.59256],[-117.95147,39.59143],[-117.95337,39.59079],[-117.95354,39.59343],[-117.95329,39.59119],[-117.95364,39.59063],[-117.95426,39.59029],[-117.95672,39.5901],[-117.95569,39.59237],[-117.95683,39.59007],[-117.95908,39.58982],[-117.95813,39.59136],[-117.95799,39.59269],[-117.9582,39.59137],[-117.95918,39.58979],[-117.96069,39.58917],[-117.96303,39.58913],[-117.96704,39.58998],[-117.96531,39.59223],[-117.96338,39.59268],[-117.96564,39.59202],[-117.96505,39.59385],[-117.96412,39.59484],[-117.96179,39.59603],[-117.95904,39.59528],[-117.95584,39.59603],[-117.95904,39.59533],[-117.96153,39.59608],[-117.9611,39.59676],[-117.95879,39.59817],[-117.96103,39.59689],[-117.9616,39.5961],[-117.96431,39.59477],[-117.96567,39.59263],[-117.96593,39.59407],[-117.96736,39.59638],[-117.96708,39.59546],[-117.966,39.59405],[-117.96567,39.59196],[-117.96674,39.59036],[-117.96842,39.59331],[-117.9668,39.59033],[-117.96842,39.5896],[-117.96915,39.58881],[-117.97247,39.5885],[-117.97465,39.58868],[-117.97355,39.58959],[-117.97299,39.59222],[-117.97007,39.59381],[-117.97267,39.59259],[-117.97331,39.59185],[-117.97366,39.58955],[-117.97461,39.58876],[-117.97596,39.58854],[-117.97637,39.59055],[-117.97515,39.59133],[-117.974,39.59262],[-117.97356,39.59352],[-117.97324,39.59614],[-117.97363,39.59353],[-117.97406,39.59264],[-117.9752,39.59136],[-117.97643,39.5906],[-117.97748,39.59159],[-117.97802,39.59359],[-117.97978,39.59595],[-117.97926,39.59484],[-117.97808,39.59357],[-117.97759,39.59164],[-117.97644,39.59054],[-117.97598,39.589],[-117.97753,39.58614],[-117.97878,39.58602],[-117.98107,39.5886],[-117.9823,39.58905],[-117.98265,39.59032],[-117.98234,39.59175],[-117.98268,39.59402],[-117.98324,39.59509],[-117.98275,39.59402],[-117.98241,39.59175],[-117.98264,39.58988],[-117.98398,39.5905],[-117.9852,39.59155],[-117.98403,39.59046],[-117.98263,39.58982],[-117.98231,39.58897],[-117.98113,39.58857],[-117.97886,39.586],[-117.98138,39.58517],[-117.9843,39.58592],[-117.98503,39.58553],[-117.98601,39.58382],[-117.98831,39.58345],[-117.99189,39.58113],[-117.99368,39.58098],[-117.99289,39.58167],[-117.99293,39.58284],[-117.99153,39.58331],[-117.99111,39.58614],[-117.98987,39.5874],[-117.99117,39.58616],[-117.99124,39.58571],[-117.99211,39.58633],[-117.99213,39.58671],[-117.99055,39.58828],[-117.99014,39.58929],[-117.98691,39.59133],[-117.99014,39.58936],[-117.99027,39.59057],[-117.9894,39.5916],[-117.98928,39.59223],[-117.98781,39.59384],[-117.98934,39.59226],[-117.98946,39.59162],[-117.99034,39.5906],[-117.9902,39.58931],[-117.99046,39.5885],[-117.9922,39.58673],[-117.99217,39.5863],[-117.9912,39.5855],[-117.99129,39.58435],[-117.99166,39.58327],[-117.99299,39.58287],[-117.99291,39.58182],[-117.99359,39.58109],[-117.99635,39.58083],[-117.99616,39.58132],[-117.99657,39.58203],[-117.99644,39.58255],[-117.99379,39.58481],[-117.99643,39.58265],[-117.99659,39.58488],[-117.99554,39.58593],[-117.99666,39.58489],[-117.99664,39.58202],[-117.99627,39.58094],[-117.99807,39.58032],[-117.9985,39.57967],[-117.9995,39.57907],[-118.0046,39.57916],[-118.00264,39.57973],[-118.00125,39.58205],[-117.99992,39.58267],[-118.00001,39.5832],[-117.99945,39.58365],[-118.00007,39.58321],[-117.99997,39.5827],[-118.00131,39.58209],[-118.00227,39.58019],[-118.00291,39.57962],[-118.00471,39.57919],[-118.00731,39.57969],[-118.01203,39.58311],[-118.00975,39.58406],[-118.00701,39.58364],[-118.00601,39.58428],[-118.00424,39.58457],[-118.00334,39.58531],[-118.00427,39.58462],[-118.00603,39.58433],[-118.00703,39.58369],[-118.00976,39.58411],[-118.0123,39.58307],[-118.01774,39.58449],[-118.0201,39.58617],[-118.02257,39.5871],[-118.02381,39.58793],[-118.02466,39.5883],[-118.0264,39.58837],[-118.02866,39.58958],[-118.03072,39.59023],[-118.03269,39.59189],[-118.03607,39.59403],[-118.03787,39.59598],[-118.04268,39.59762],[-118.04806,39.59832],[-118.0543,39.6013],[-118.05329,39.60132],[-118.05198,39.60076],[-118.04862,39.60094],[-118.04346,39.59919],[-118.04039,39.59903],[-118.03603,39.59801],[-118.03444,39.59729],[-118.03344,39.59644],[-118.02971,39.59492],[-118.02641,39.59427],[-118.02556,39.59364],[-118.02262,39.59258],[-118.02006,39.59215],[-118.01853,39.59079],[-118.01209,39.58833],[-118.0107,39.58722],[-118.00762,39.58652],[-118.00384,39.58741],[-118.00111,39.58733],[-117.99489,39.58913],[-117.99237,39.59056],[-117.99176,39.59168],[-117.9916,39.5929],[-117.99243,39.5906],[-117.99498,39.58917],[-117.99449,39.59053],[-117.99471,39.59205],[-117.99476,39.58978],[-117.99506,39.58914],[-117.99574,39.58889],[-117.99602,39.58888],[-117.9961,39.59044],[-117.99648,39.59121],[-117.99609,39.5889],[-117.99679,39.58853],[-117.99982,39.58785],[-117.99886,39.58936],[-117.99862,39.59216],[-117.99893,39.58938],[-118.00006,39.58777],[-118.00112,39.58738],[-118.00386,39.58747],[-118.00728,39.58654],[-118.01066,39.58726],[-118.01199,39.58833],[-118.00947,39.58816],[-118.00831,39.58878],[-118.00705,39.58855],[-118.00555,39.58972],[-118.00331,39.58931],[-118.00152,39.58974],[-118.00332,39.58936],[-118.00558,39.58977],[-118.00707,39.5886],[-118.00832,39.58883],[-118.00949,39.58821],[-118.01237,39.58841],[-118.01849,39.59083],[-118.02002,39.59219],[-118.02259,39.59263],[-118.02347,39.59309],[-118.01954,39.593],[-118.01077,39.5908],[-118.00882,39.59148],[-118.0034,39.59021],[-118.00306,39.59028],[-118.00881,39.59153],[-118.01015,39.59097],[-118.01177,39.59099],[-118.01943,39.59301],[-118.01435,39.59315],[-118.01155,39.59238],[-118.00868,39.59266],[-118.00733,39.59356],[-118.0058,39.59379],[-118.00515,39.59339],[-118.00251,39.59302],[-118.00512,39.59344],[-118.0058,39.59384],[-118.00736,39.59361],[-118.00871,39.59271],[-118.0118,39.59244],[-118.01418,39.59318],[-118.01599,39.5933],[-118.01508,39.59356],[-118.01192,39.59308],[-118.01019,39.59438],[-118.00917,39.59462],[-118.00882,39.59517],[-118.00908,39.59574],[-118.00803,39.59652],[-118.00826,39.59719],[-118.0081,39.59653],[-118.00915,39.59576],[-118.00889,39.59517],[-118.00923,39.59465],[-118.01022,39.59443],[-118.01196,39.59313],[-118.01507,39.59361],[-118.01804,39.59298],[-118.02353,39.59312],[-118.02512,39.59352],[-118.02638,39.59432],[-118.02968,39.59497],[-118.03119,39.59573],[-118.02777,39.5951],[-118.02157,39.59532],[-118.01733,39.59618],[-118.01561,39.59564],[-118.01405,39.59664],[-118.01218,39.59679],[-118.01073,39.59777],[-118.01221,39.59684],[-118.01408,39.59668],[-118.01561,39.5957],[-118.01733,39.59624],[-118.02158,39.59538],[-118.02897,39.59519],[-118.0334,39.59649],[-118.0344,39.59734],[-118.03601,39.59806],[-118.03898,39.59869],[-118.0406,39.59936],[-118.04304,39.60075],[-118.04447,39.60197],[-118.0475,39.60324],[-118.05058,39.6063],[-118.0522,39.60667],[-118.05619,39.60872],[-118.05738,39.60892],[-118.05815,39.60957],[-118.0621,39.61143],[-118.06364,39.61281],[-118.06391,39.61413],[-118.0668,39.61697],[-118.06397,39.6141],[-118.0637,39.61279],[-118.06214,39.61139],[-118.05819,39.60952],[-118.05741,39.60888],[-118.05623,39.60867],[-118.05223,39.60662],[-118.05061,39.60626],[-118.04755,39.6032],[-118.04451,39.60192],[-118.04292,39.6006],[-118.03986,39.59897],[-118.04343,39.59924],[-118.04861,39.601],[-118.05197,39.60081],[-118.05327,39.60137],[-118.05433,39.60135],[-118.0565,39.60228],[-118.05742,39.60306],[-118.05898,39.60305],[-118.06281,39.60432],[-118.06753,39.60632],[-118.06863,39.60728],[-118.06997,39.60917],[-118.07151,39.61035],[-118.07193,39.6135],[-118.07177,39.61436],[-118.07137,39.61471],[-118.07147,39.61629],[-118.07091,39.61704],[-118.07134,39.61796],[-118.07112,39.61873],[-118.07066,39.61905],[-118.07066,39.61967],[-118.07271,39.62337],[-118.07542,39.62495],[-118.07688,39.6251],[-118.07869,39.62686]],[[-118.10194,39.60975],[-118.1017,39.609],[-118.10244,39.60511],[-118.10491,39.60148],[-118.10773,39.59924],[-118.10938,39.59561],[-118.10955,39.59399],[-118.11019,39.59259],[-118.10997,39.59182],[-118.11092,39.5899],[-118.1112,39.58827],[-118.1111,39.58551],[-118.11065,39.5843],[-118.10893,39.58231],[-118.10898,39.58168],[-118.10803,39.57972],[-118.10809,39.57851],[-118.10711,39.57758],[-118.10336,39.5753],[-118.10105,39.5748],[-118.09749,39.57508],[-118.09393,39.57326],[-118.09179,39.57162],[-118.09115,39.57056],[-118.09082,39.56878],[-118.08939,39.56713],[-118.08828,39.56512],[-118.08685,39.56371],[-118.08675,39.56196],[-118.0858,39.56088],[-118.08584,39.56022],[-118.08487,39.55875],[-118.08358,39.55788],[-118.08239,39.55644],[-118.0802,39.55283],[-118.07854,39.55161],[-118.0785,39.55093],[-118.08031,39.55208],[-118.08065,39.55311],[-118.08197,39.55376],[-118.0842,39.55572],[-118.08478,39.55677],[-118.08615,39.55777],[-118.08695,39.55921],[-118.0882,39.5604],[-118.09171,39.5614],[-118.09289,39.56223],[-118.09646,39.56278],[-118.09907,39.56505],[-118.10011,39.56523],[-118.1021,39.56725],[-118.10325,39.56777],[-118.10545,39.56952],[-118.10853,39.57295],[-118.11082,39.57484],[-118.11256,39.57787],[-118.11467,39.57984],[-118.11603,39.58204],[-118.11638,39.584],[-118.11607,39.58545],[-118.11692,39.58708],[-118.11676,39.58789],[-118.11789,39.58934],[-118.11826,39.59084],[-118.11734,39.59223],[-118.11619,39.59527],[-118.11543,39.59531],[-118.11451,39.59589],[-118.11294,39.59897],[-118.1123,39.60083],[-118.11229,39.60189],[-118.11185,39.60255],[-118.11027,39.60364],[-118.10649,39.60723],[-118.10416,39.6082],[-118.10292,39.60908],[-118.10232,39.61074],[-118.10201,39.60982],[-118.10382,39.604],[-118.10728,39.60102],[-118.10821,39.59903],[-118.11162,39.59487],[-118.11271,39.59177],[-118.114,39.59096],[-118.11432,39.58977],[-118.11402,39.58881],[-118.11479,39.58617],[-118.11395,39.58881],[-118.11425,39.58977],[-118.11393,39.59094],[-118.11265,39.59175],[-118.11155,39.59486],[-118.10814,39.59901],[-118.1073,39.6009],[-118.10376,39.60398],[-118.10194,39.60975]],[[-118.08655,39.58856],[-118.0872,39.58995],[-118.08834,39.59114],[-118.0892,39.59382],[-118.0896,39.5942],[-118.08828,39.59396],[-118.08636,39.59234],[-118.08602,39.59105],[-118.08489,39.59036],[-118.08442,39.58938],[-118.08356,39.58862],[-118.08239,39.58827],[-118.08234,39.58753],[-118.08144,39.58622],[-118.07734,39.58254],[-118.07603,39.58179],[-118.07527,39.58087],[-118.07357,39.58016],[-118.07195,39.57904],[-118.06853,39.57841],[-118.06702,39.57736],[-118.06604,39.57548],[-118.06459,39.57438],[-118.06347,39.57374],[-118.06175,39.57347],[-118.05913,39.57103],[-118.0575,39.57038],[-118.05571,39.56874],[-118.05447,39.56862],[-118.05178,39.56696],[-118.05031,39.56565],[-118.04964,39.56413],[-118.04746,39.56255],[-118.04675,39.56149],[-118.04352,39.5599],[-118.04221,39.5586],[-118.03805,39.55579],[-118.03537,39.55433],[-118.03341,39.55394],[-118.02935,39.5514],[-118.03206,39.55116],[-118.03439,39.55136],[-118.03597,39.55228],[-118.03672,39.5524],[-118.04111,39.55517],[-118.04288,39.55673],[-118.04487,39.55705],[-118.04727,39.55837],[-118.05019,39.56131],[-118.05255,39.56297],[-118.05434,39.56378],[-118.05571,39.56498],[-118.05868,39.56592],[-118.06171,39.56737],[-118.06295,39.56835],[-118.06404,39.56855],[-118.06564,39.56966],[-118.06798,39.57053],[-118.06852,39.57097],[-118.06847,39.57155],[-118.06948,39.57206],[-118.0704,39.57383],[-118.07232,39.57481],[-118.07591,39.57742],[-118.07698,39.57942],[-118.0768,39.58019],[-118.08026,39.58294],[-118.08139,39.58489],[-118.08655,39.58856]],[[-118.11226,39.60213],[-118.11303,39.60322],[-118.11292,39.60434],[-118.11368,39.60592],[-118.11552,39.6078],[-118.11545,39.60965],[-118.11494,39.61121],[-118.11446,39.61157],[-118.11294,39.61457],[-118.11224,39.61515],[-118.11182,39.61677],[-118.11194,39.61853],[-118.11068,39.62267],[-118.10951,39.6241],[-118.10886,39.62664],[-118.10763,39.62779],[-118.10691,39.63003],[-118.10543,39.63169],[-118.10502,39.63278],[-118.10416,39.62873],[-118.10333,39.62744],[-118.10325,39.62626],[-118.10279,39.6252],[-118.1031,39.62343],[-118.10391,39.62202],[-118.10366,39.62175],[-118.10371,39.62001],[-118.10256,39.61808],[-118.10196,39.61534],[-118.10265,39.61353],[-118.10264,39.60959],[-118.1042,39.60825],[-118.10654,39.60727],[-118.11226,39.60213]],[[-118.10128,39.59714],[-118.10304,39.59972],[-118.10287,39.6027],[-118.09922,39.60204],[-118.09639,39.60115],[-118.09482,39.59958],[-118.09197,39.59797],[-118.09181,39.59693],[-118.08927,39.5938],[-118.0884,39.59112],[-118.08701,39.58956],[-118.08677,39.58829],[-118.08507,39.58531],[-118.08495,39.58399],[-118.08383,39.58312],[-118.08193,39.5805],[-118.07972,39.57888],[-118.07896,39.57727],[-118.07723,39.57598],[-118.07628,39.57451],[-118.07783,39.5749],[-118.08012,39.57604],[-118.08149,39.57615],[-118.08321,39.57707],[-118.08448,39.57858],[-118.08554,39.57901],[-118.08682,39.58047],[-118.09024,39.58244],[-118.0912,39.58378],[-118.0912,39.58551],[-118.092,39.58727],[-118.09282,39.5881],[-118.09301,39.58952],[-118.09359,39.59033],[-118.09473,39.59138],[-118.09634,39.59363],[-118.09834,39.59525],[-118.09856,39.59587],[-118.10128,39.59714]],[[-118.07208,39.6054],[-118.07255,39.60593],[-118.07261,39.6074],[-118.07156,39.60961],[-118.07154,39.6103],[-118.07004,39.60915],[-118.06869,39.60725],[-118.06757,39.60627],[-118.06122,39.6037],[-118.05901,39.60299],[-118.05745,39.60301],[-118.05654,39.60223],[-118.05561,39.602],[-118.05244,39.60016],[-118.04762,39.59823],[-118.05002,39.59811],[-118.0512,39.59843],[-118.05254,39.59931],[-118.05503,39.59993],[-118.05877,39.59981],[-118.06089,39.60055],[-118.06367,39.60084],[-118.07002,39.60337],[-118.07208,39.6054]],[[-118.09987,39.5652],[-118.09912,39.56501],[-118.0965,39.56273],[-118.09292,39.56218],[-118.09175,39.56135],[-118.08825,39.56036],[-118.08701,39.55919],[-118.08621,39.55774],[-118.08484,39.55674],[-118.08426,39.55569],[-118.08201,39.55372],[-118.08071,39.55308],[-118.08036,39.55205],[-118.07846,39.55085],[-118.07774,39.54978],[-118.07645,39.54904],[-118.07341,39.54623],[-118.07617,39.54717],[-118.07818,39.54941],[-118.08355,39.55188],[-118.08475,39.55327],[-118.08878,39.55553],[-118.08951,39.55636],[-118.0927,39.55846],[-118.09308,39.55932],[-118.0948,39.56052],[-118.09605,39.56221],[-118.0999,39.56467],[-118.10018,39.56513],[-118.09987,39.5652]],[[-118.11619,39.59532],[-118.1163,39.59589],[-118.11703,39.59647],[-118.1183,39.59875],[-118.1184,39.60056],[-118.11742,39.60437],[-118.11634,39.60563],[-118.11552,39.60768],[-118.11374,39.6059],[-118.11299,39.60433],[-118.1131,39.6032],[-118.11225,39.60204],[-118.11227,39.60147],[-118.11301,39.59899],[-118.11457,39.59592],[-118.11545,39.59536],[-118.11619,39.59532]],[[-118.11635,39.59491],[-118.11741,39.59225],[-118.11833,39.59084],[-118.11796,39.58933],[-118.11683,39.58788],[-118.11699,39.58707],[-118.11614,39.58545],[-118.11645,39.58399],[-118.1161,39.58202],[-118.11474,39.57985],[-118.11584,39.58021],[-118.11666,39.58108],[-118.11681,39.58218],[-118.11794,39.5837],[-118.11813,39.58561],[-118.11864,39.5864],[-118.11933,39.58949],[-118.12086,39.5911],[-118.12124,39.59268],[-118.12123,39.59365],[-118.12013,39.59541],[-118.12005,39.60089],[-118.12053,39.60219],[-118.11973,39.60343],[-118.11982,39.59975],[-118.11882,39.59799],[-118.11636,39.59586],[-118.11635,39.59491]],[[-118.10852,39.58117],[-118.10891,39.5817],[-118.10886,39.58233],[-118.11058,39.58432],[-118.11103,39.58552],[-118.11113,39.58826],[-118.11053,39.59027],[-118.11064,39.58763],[-118.10964,39.58615],[-118.10988,39.5846],[-118.10836,39.58232],[-118.10852,39.58117]],[[-118.11991,39.60336],[-118.12056,39.60228],[-118.12164,39.60476],[-118.12178,39.6058],[-118.12094,39.60809],[-118.12019,39.60586],[-118.11969,39.6036],[-118.11991,39.60336]],[[-118.04818,39.53354],[-118.05172,39.53444],[-118.05041,39.53463],[-118.04873,39.53433],[-118.04757,39.53352],[-118.04818,39.53354]],[[-118.10072,39.57537],[-118.09945,39.57553],[-118.09809,39.5752],[-118.10104,39.57486],[-118.10164,39.57516],[-118.10072,39.57537]],[[-118.0475,39.53352],[-118.0476,39.53374],[-118.04613,39.53297],[-118.04693,39.53285],[-118.0475,39.53352]]]},"properties":{"Wetlands.ATTRIBUTE":"R4SBJ","Wetlands.WETLAND_TYPE":"Riverine","Wetlands.ACRES":507.20954417054821}},{"type":"Feature","geometry":{"type":"Polygon","coordinates":[[[-118.07322,39.70517],[-118.07383,39.70411],[-118.07361,39.70263],[-118.07556,39.70022],[-118.07645,39.69801],[-118.07569,39.6995],[-118.07295,39.69585],[-118.07204,39.69518],[-118.07345,39.69265],[-118.07499,39.69219],[-118.07546,39.69044],[-118.07443,39.68934],[-118.07447,39.6886],[-118.0751,39.6872],[-118.07603,39.68626],[-118.07692,39.68402],[-118.0779,39.68313],[-118.07812,39.682],[-118.07872,39.68124],[-118.07843,39.68],[-118.07799,39.67972],[-118.07911,39.67803],[-118.07919,39.67751],[-118.07837,39.67673],[-118.07868,39.67597],[-118.07952,39.67536],[-118.07916,39.67419],[-118.07941,39.67313],[-118.08138,39.67175],[-118.08208,39.67091],[-118.08376,39.6703],[-118.08467,39.66857],[-118.08482,39.66687],[-118.08555,39.6653],[-118.08785,39.6635],[-118.08777,39.66465],[-118.08817,39.66638],[-118.08754,39.66794],[-118.08753,39.66911],[-118.08667,39.67019],[-118.08676,39.67098],[-118.08616,39.67155],[-118.08573,39.67331],[-118.08485,39.67439],[-118.085,39.67559],[-118.08553,39.67599],[-118.08568,39.67668],[-118.08561,39.67597],[-118.08507,39.67558],[-118.08492,39.67439],[-118.0858,39.67333],[-118.08623,39.67157],[-118.08683,39.671],[-118.08674,39.67021],[-118.0876,39.66913],[-118.08761,39.66795],[-118.08824,39.66639],[-118.0879,39.66346],[-118.08843,39.66298],[-118.08898,39.66023],[-118.08999,39.65876],[-118.08972,39.65824],[-118.0948,39.65812],[-118.09472,39.65886],[-118.09369,39.66002],[-118.09248,39.6623],[-118.09241,39.66432],[-118.09148,39.66541],[-118.09192,39.66799],[-118.09172,39.66868],[-118.09221,39.66927],[-118.092,39.66959],[-118.09249,39.67169],[-118.09219,39.67249],[-118.09147,39.67297],[-118.0912,39.67614],[-118.08947,39.67731],[-118.09126,39.67616],[-118.09154,39.67299],[-118.09225,39.67252],[-118.09244,39.67182],[-118.09421,39.67007],[-118.0947,39.66918],[-118.09473,39.66822],[-118.09651,39.66605],[-118.09708,39.66083],[-118.09658,39.66321],[-118.09642,39.66611],[-118.09466,39.6682],[-118.09463,39.66917],[-118.09414,39.67004],[-118.09253,39.67164],[-118.09207,39.66959],[-118.09228,39.66926],[-118.0918,39.66867],[-118.09199,39.66798],[-118.09155,39.66542],[-118.09247,39.66433],[-118.09255,39.66231],[-118.09376,39.66005],[-118.09479,39.65889],[-118.09485,39.65807],[-118.09715,39.65799],[-118.09496,39.65798],[-118.09505,39.65628],[-118.09475,39.6556],[-118.09606,39.65356],[-118.09624,39.65277],[-118.09468,39.65559],[-118.09498,39.65628],[-118.0949,39.65802],[-118.08969,39.65819],[-118.08939,39.65766],[-118.08977,39.65605],[-118.08954,39.65567],[-118.09093,39.65276],[-118.09388,39.65014],[-118.09482,39.64878],[-118.09594,39.648],[-118.09476,39.64876],[-118.09382,39.65011],[-118.09087,39.65273],[-118.08948,39.6556],[-118.0897,39.65605],[-118.08932,39.65767],[-118.0896,39.6582],[-118.08764,39.65828],[-118.0817,39.65966],[-118.08,39.66057],[-118.08036,39.65969],[-118.08291,39.65779],[-118.08344,39.65681],[-118.08358,39.65554],[-118.08417,39.65475],[-118.08406,39.65354],[-118.08539,39.65148],[-118.08548,39.65074],[-118.08703,39.64936],[-118.08684,39.64841],[-118.08782,39.64763],[-118.08778,39.64424],[-118.08717,39.64361],[-118.08673,39.64249],[-118.08413,39.64009],[-118.08436,39.63852],[-118.08563,39.63677],[-118.08537,39.63473],[-118.08476,39.63439],[-118.08472,39.63399],[-118.08565,39.63318],[-118.08553,39.63238],[-118.08583,39.63192],[-118.08704,39.63091],[-118.08626,39.63132],[-118.08549,39.63234],[-118.08519,39.6319],[-118.08533,39.63143],[-118.0868,39.62994],[-118.08691,39.62881],[-118.08836,39.62703],[-118.08897,39.62489],[-118.09122,39.62231],[-118.09049,39.62145],[-118.09115,39.6223],[-118.08891,39.62487],[-118.0883,39.62701],[-118.08684,39.62879],[-118.08673,39.62991],[-118.08527,39.63141],[-118.08517,39.63223],[-118.08555,39.63251],[-118.08559,39.63316],[-118.08475,39.63384],[-118.08455,39.63331],[-118.08386,39.63305],[-118.08386,39.63151],[-118.08379,39.63306],[-118.08449,39.63335],[-118.0847,39.63442],[-118.08526,39.63465],[-118.08556,39.63676],[-118.08429,39.6385],[-118.08412,39.64034],[-118.08609,39.64187],[-118.08773,39.6443],[-118.08666,39.64715],[-118.08698,39.6493],[-118.08541,39.65072],[-118.08532,39.65146],[-118.08399,39.65351],[-118.0841,39.65475],[-118.08351,39.65553],[-118.08337,39.6568],[-118.08285,39.65776],[-118.0803,39.65967],[-118.0794,39.66151],[-118.07962,39.66203],[-118.07386,39.66687],[-118.07197,39.66931],[-118.06946,39.67057],[-118.06987,39.67153],[-118.06967,39.67186],[-118.06775,39.67254],[-118.06775,39.67354],[-118.06621,39.67502],[-118.06607,39.67781],[-118.06647,39.6787],[-118.0663,39.68056],[-118.06541,39.683],[-118.06549,39.68353],[-118.06417,39.68611],[-118.06427,39.68789],[-118.06113,39.68671],[-118.05328,39.68112],[-118.06109,39.68675],[-118.06501,39.68843],[-118.06481,39.69061],[-118.0667,39.69138],[-118.0668,39.6929],[-118.06724,39.69336],[-118.06687,39.69289],[-118.06676,39.69136],[-118.06488,39.69059],[-118.06518,39.68862],[-118.06431,39.68795],[-118.06423,39.68612],[-118.06556,39.68354],[-118.06548,39.683],[-118.06637,39.68057],[-118.06668,39.67666],[-118.06803,39.67605],[-118.06834,39.67552],[-118.06799,39.67601],[-118.06661,39.67664],[-118.06639,39.67826],[-118.06614,39.67781],[-118.06627,39.67505],[-118.06782,39.67356],[-118.06781,39.67257],[-118.06974,39.67189],[-118.06994,39.67152],[-118.06952,39.6706],[-118.07185,39.66948],[-118.07367,39.66751],[-118.07585,39.66721],[-118.07915,39.66605],[-118.08112,39.66403],[-118.08158,39.66438],[-118.08196,39.66675],[-118.08126,39.66738],[-118.08124,39.66824],[-118.08068,39.66922],[-118.08103,39.66993],[-118.08064,39.67019],[-118.08071,39.67142],[-118.0793,39.67319],[-118.07908,39.6742],[-118.07944,39.67535],[-118.07834,39.67647],[-118.07836,39.677],[-118.07911,39.67752],[-118.07791,39.67971],[-118.07835,39.68001],[-118.07865,39.68123],[-118.07806,39.68198],[-118.07783,39.68311],[-118.07686,39.684],[-118.07596,39.68625],[-118.07503,39.68718],[-118.0744,39.68859],[-118.07437,39.68936],[-118.07539,39.69045],[-118.07493,39.69217],[-118.07339,39.69262],[-118.07201,39.69517],[-118.07289,39.69589],[-118.07562,39.69952],[-118.0755,39.7002],[-118.07354,39.70261],[-118.07376,39.7041],[-118.07322,39.70517]],[[-118.08026,39.67228],[-118.08079,39.67142],[-118.08071,39.6702],[-118.0811,39.66993],[-118.08075,39.66923],[-118.08131,39.66825],[-118.08133,39.6674],[-118.08204,39.66676],[-118.08165,39.66437],[-118.08114,39.66359],[-118.08145,39.65985],[-118.08766,39.65833],[-118.08965,39.65825],[-118.08992,39.65875],[-118.08891,39.66021],[-118.08836,39.66296],[-118.0856,39.66509],[-118.08475,39.66686],[-118.0846,39.66856],[-118.0837,39.67027],[-118.08203,39.67087],[-118.08133,39.67171],[-118.08026,39.67228]],[[-118.08109,39.66398],[-118.07911,39.66601],[-118.07582,39.66716],[-118.07369,39.66746],[-118.07391,39.66691],[-118.07579,39.66524],[-118.07887,39.66291],[-118.07969,39.66205],[-118.07947,39.66153],[-118.07977,39.66097],[-118.08138,39.65987],[-118.08109,39.66398]],[[-118.08693,39.64824],[-118.08671,39.6483],[-118.08674,39.64717],[-118.08771,39.64501],[-118.08775,39.64761],[-118.08693,39.64824]]]},"properties":{"Wetlands.ATTRIBUTE":"R4SBJ","Wetlands.WETLAND_TYPE":"Riverine","Wetlands.ACRES":44.23084645847522}},{"type":"Feature","geometry":{"type":"MultiPolygon","coordinates":[[[[-118.18025,39.70317],[-118.18264,39.70339],[-118.1787,39.70323],[-118.17536,39.70207],[-118.17301,39.70225],[-118.16865,39.70181],[-118.16757,39.70195],[-118.16549,39.70119],[-118.16388,39.70119],[-118.16052,39.70049],[-118.15806,39.70055],[-118.15689,39.69993],[-118.1548,39.69942],[-118.15391,39.69858],[-118.15268,39.69839],[-118.15169,39.69754],[-118.15452,39.69671],[-118.15636,39.6968],[-118.15986,39.69632],[-118.16236,39.69722],[-118.16467,39.69692],[-118.16606,39.69734],[-118.16723,39.69715],[-118.16938,39.69746],[-118.17222,39.69842],[-118.17385,39.69952],[-118.17613,39.7],[-118.17388,39.69947],[-118.17224,39.69837],[-118.16941,39.69741],[-118.16723,39.6971],[-118.16608,39.69729],[-118.16467,39.69686],[-118.16238,39.69717],[-118.15987,39.69626],[-118.15635,39.69674],[-118.15451,39.69666],[-118.15165,39.6975],[-118.1492,39.69603],[-118.14671,39.69557],[-118.14305,39.69405],[-118.13972,39.6938],[-118.14042,39.69263],[-118.14268,39.69104],[-118.14037,39.69259],[-118.13965,39.6938],[-118.1383,39.69397],[-118.13557,39.69561],[-118.13352,39.69559],[-118.13319,39.69491],[-118.13245,39.69473],[-118.13275,39.6943],[-118.13498,39.69324],[-118.13729,39.69303],[-118.13896,39.69061],[-118.14065,39.69049],[-118.1427,39.69069],[-118.14311,39.69127],[-118.14418,39.69178],[-118.14502,39.6916],[-118.14655,39.69286],[-118.14905,39.69341],[-118.1508,39.69455],[-118.15294,39.69479],[-118.15414,39.69438],[-118.15817,39.69452],[-118.16235,39.69539],[-118.1678,39.69534],[-118.17098,39.69611],[-118.16781,39.69529],[-118.16236,39.69534],[-118.15818,39.69447],[-118.15413,39.69433],[-118.15294,39.69474],[-118.15082,39.6945],[-118.14908,39.69336],[-118.14685,39.69294],[-118.14906,39.69297],[-118.15115,39.69201],[-118.15398,39.6924],[-118.15627,39.69342],[-118.15863,39.69301],[-118.15628,39.69336],[-118.154,39.69235],[-118.15115,39.69196],[-118.14904,39.69292],[-118.1467,39.69287],[-118.14506,39.69156],[-118.1442,39.69173],[-118.14248,39.69063],[-118.14524,39.68946],[-118.14915,39.68933],[-118.14976,39.68942],[-118.15073,39.69042],[-118.1527,39.69038],[-118.1538,39.69073],[-118.15461,39.69036],[-118.15656,39.69058],[-118.15817,39.69131],[-118.16035,39.69134],[-118.16167,39.69208],[-118.16387,39.69226],[-118.16169,39.69202],[-118.16037,39.69128],[-118.15818,39.69126],[-118.15657,39.69053],[-118.1546,39.6903],[-118.15381,39.69068],[-118.15271,39.69032],[-118.15075,39.69037],[-118.14981,39.68937],[-118.14916,39.68928],[-118.14522,39.68941],[-118.14237,39.69062],[-118.13934,39.69041],[-118.1386,39.69087],[-118.13725,39.69298],[-118.13496,39.69319],[-118.1327,39.69425],[-118.13237,39.69473],[-118.1279,39.69512],[-118.12443,39.69665],[-118.1223,39.6972],[-118.11827,39.70007],[-118.11878,39.69857],[-118.11858,39.69732],[-118.11898,39.69552],[-118.12235,39.69271],[-118.12827,39.68922],[-118.13002,39.68682],[-118.1303,39.68533],[-118.12995,39.68681],[-118.12821,39.68919],[-118.12591,39.69037],[-118.12112,39.69358],[-118.12235,39.6921],[-118.12227,39.69128],[-118.12197,39.69114],[-118.12221,39.69006],[-118.12321,39.68949],[-118.12357,39.68851],[-118.12322,39.68784],[-118.12357,39.68593],[-118.1232,39.6844],[-118.12419,39.68234],[-118.12361,39.68181],[-118.12347,39.68],[-118.12369,39.67946],[-118.12423,39.67943],[-118.12536,39.67846],[-118.12597,39.67743],[-118.12689,39.67705],[-118.12756,39.67559],[-118.12879,39.6752],[-118.12943,39.67533],[-118.1307,39.67449],[-118.13275,39.67384],[-118.13511,39.6718],[-118.13871,39.67055],[-118.1424,39.66882],[-118.14365,39.66724],[-118.14961,39.66662],[-118.15399,39.66688],[-118.15337,39.66661],[-118.15234,39.66681],[-118.1496,39.66656],[-118.14362,39.66719],[-118.14235,39.66877],[-118.13868,39.67051],[-118.13534,39.67167],[-118.13644,39.66915],[-118.1404,39.66633],[-118.14191,39.66411],[-118.14483,39.6616],[-118.14571,39.6613],[-118.14741,39.66134],[-118.14881,39.66027],[-118.15041,39.65997],[-118.15596,39.66106],[-118.15727,39.66164],[-118.15599,39.661],[-118.15041,39.65992],[-118.14878,39.66023],[-118.14738,39.66129],[-118.14569,39.66125],[-118.14481,39.66155],[-118.14186,39.66407],[-118.14034,39.66629],[-118.13671,39.66889],[-118.13787,39.66162],[-118.13904,39.65976],[-118.13932,39.6584],[-118.1403,39.65736],[-118.14182,39.65652],[-118.14118,39.65668],[-118.13926,39.65837],[-118.13897,39.65974],[-118.1378,39.6616],[-118.13664,39.66895],[-118.13527,39.67167],[-118.1327,39.67379],[-118.13082,39.67444],[-118.13093,39.67396],[-118.13045,39.67341],[-118.13071,39.67309],[-118.13032,39.67285],[-118.13142,39.67239],[-118.13161,39.67148],[-118.13124,39.67134],[-118.13249,39.67042],[-118.13287,39.66889],[-118.1335,39.66795],[-118.13308,39.66717],[-118.13314,39.66635],[-118.13403,39.66334],[-118.13354,39.66292],[-118.13376,39.66198],[-118.13351,39.65753],[-118.13538,39.65545],[-118.13635,39.65384],[-118.13739,39.65315],[-118.13846,39.65126],[-118.14144,39.64828],[-118.14287,39.64553],[-118.14422,39.64451],[-118.14533,39.63963],[-118.14485,39.63594],[-118.15153,39.63594],[-118.14702,39.63588],[-118.14886,39.63414],[-118.15068,39.63337],[-118.15215,39.63409],[-118.15231,39.63447],[-118.15478,39.63483],[-118.1586,39.63402],[-118.16032,39.63412],[-118.1624,39.63525],[-118.16328,39.63607],[-118.16701,39.63651],[-118.17243,39.63657],[-118.17472,39.6357],[-118.17242,39.63652],[-118.16702,39.63646],[-118.16331,39.63602],[-118.16245,39.6352],[-118.16035,39.63407],[-118.15859,39.63397],[-118.15479,39.63477],[-118.15235,39.63441],[-118.15218,39.63402],[-118.15067,39.63331],[-118.14881,39.6341],[-118.1469,39.63588],[-118.14281,39.63589],[-118.14229,39.63485],[-118.14227,39.63244],[-118.14188,39.63155],[-118.14238,39.63034],[-118.14187,39.62874],[-118.14292,39.62601],[-118.14261,39.62494],[-118.14292,39.62463],[-118.14284,39.62361],[-118.14331,39.62269],[-118.14336,39.62157],[-118.14457,39.61899],[-118.14541,39.61843],[-118.15048,39.61785],[-118.15292,39.61695],[-118.15876,39.61755],[-118.16055,39.61724],[-118.16237,39.61786],[-118.16756,39.61769],[-118.17024,39.6182],[-118.17122,39.61808],[-118.17282,39.61874],[-118.1749,39.61892],[-118.17538,39.61929],[-118.17856,39.61952],[-118.1799,39.62033],[-118.18132,39.62058],[-118.18227,39.62031],[-118.18307,39.62063],[-118.18373,39.62136],[-118.18517,39.62163],[-118.18669,39.62093],[-118.18848,39.6211],[-118.18914,39.62088],[-118.18958,39.62158],[-118.1906,39.62109],[-118.19103,39.62204],[-118.1907,39.62285],[-118.19079,39.62387],[-118.19208,39.62473],[-118.19403,39.62512],[-118.19494,39.62573],[-118.19605,39.62585],[-118.19666,39.62626],[-118.19758,39.62613],[-118.19858,39.62668],[-118.19955,39.62773],[-118.20199,39.62689],[-118.20459,39.62807],[-118.20513,39.6277],[-118.20773,39.62814],[-118.20852,39.62871],[-118.21153,39.6284],[-118.21228,39.62869],[-118.21262,39.62839],[-118.21328,39.62893],[-118.21669,39.62861],[-118.21728,39.62897],[-118.22033,39.62927],[-118.22161,39.63018],[-118.22468,39.63073],[-118.22643,39.63182],[-118.22743,39.63191],[-118.22825,39.63326],[-118.22944,39.63393],[-118.22832,39.63324],[-118.22747,39.63186],[-118.22647,39.63177],[-118.22471,39.63068],[-118.22164,39.63013],[-118.22037,39.62922],[-118.21983,39.62919],[-118.22019,39.62904],[-118.22009,39.62835],[-118.22197,39.62794],[-118.22414,39.62798],[-118.22568,39.6275],[-118.22588,39.62785],[-118.22743,39.62822],[-118.2284,39.62887],[-118.22998,39.62845],[-118.23114,39.62767],[-118.23349,39.62807],[-118.23524,39.62762],[-118.23625,39.62594],[-118.2352,39.62758],[-118.23349,39.62801],[-118.23113,39.62761],[-118.22994,39.6284],[-118.22816,39.62881],[-118.22747,39.62818],[-118.22592,39.62781],[-118.22575,39.62747],[-118.22624,39.62618],[-118.22669,39.62598],[-118.22735,39.62441],[-118.22807,39.62367],[-118.22815,39.62303],[-118.22568,39.62744],[-118.22406,39.62793],[-118.22077,39.62806],[-118.22003,39.62832],[-118.22012,39.62902],[-118.21955,39.62924],[-118.2173,39.62892],[-118.2167,39.62856],[-118.2133,39.62888],[-118.21263,39.62833],[-118.21228,39.62864],[-118.21154,39.62834],[-118.20852,39.62866],[-118.20777,39.62809],[-118.20514,39.62764],[-118.20461,39.62802],[-118.20301,39.62707],[-118.202,39.62684],[-118.19975,39.62768],[-118.19889,39.62692],[-118.20069,39.62663],[-118.20118,39.62569],[-118.20105,39.62481],[-118.2047,39.6239],[-118.20525,39.62343],[-118.20739,39.62268],[-118.20522,39.62338],[-118.20467,39.62385],[-118.20102,39.62476],[-118.20111,39.62569],[-118.20063,39.6266],[-118.19883,39.62689],[-118.19754,39.62605],[-118.19667,39.62621],[-118.19407,39.62507],[-118.19211,39.62469],[-118.19084,39.62383],[-118.19077,39.62286],[-118.1911,39.62204],[-118.19063,39.62104],[-118.18959,39.62152],[-118.18917,39.62082],[-118.18847,39.62105],[-118.18669,39.62087],[-118.18482,39.62153],[-118.18377,39.62131],[-118.18312,39.62059],[-118.18229,39.62026],[-118.18131,39.62053],[-118.17992,39.62027],[-118.17858,39.61947],[-118.17541,39.61924],[-118.17493,39.61887],[-118.17284,39.61869],[-118.17124,39.61803],[-118.17025,39.61815],[-118.16756,39.61764],[-118.16238,39.61781],[-118.16056,39.61718],[-118.15877,39.6175],[-118.1533,39.61687],[-118.15047,39.6178],[-118.14538,39.61838],[-118.14467,39.61883],[-118.14493,39.61747],[-118.14579,39.61624],[-118.14593,39.61436],[-118.14682,39.61251],[-118.14738,39.60991],[-118.14902,39.60865],[-118.15015,39.60839],[-118.15119,39.60844],[-118.1536,39.60928],[-118.15718,39.61103],[-118.15885,39.61247],[-118.16068,39.61244],[-118.16696,39.61576],[-118.17037,39.61602],[-118.17396,39.61421],[-118.17581,39.61419],[-118.17661,39.61453],[-118.17812,39.61456],[-118.18245,39.61617],[-118.17815,39.6145],[-118.17663,39.61448],[-118.17582,39.61414],[-118.17393,39.61416],[-118.17036,39.61597],[-118.16697,39.61571],[-118.16071,39.61239],[-118.15888,39.61242],[-118.15722,39.61098],[-118.15122,39.60839],[-118.14899,39.6086],[-118.1474,39.60973],[-118.14767,39.60878],[-118.14896,39.60796],[-118.15222,39.60725],[-118.16279,39.60811],[-118.16499,39.60736],[-118.16964,39.60693],[-118.17495,39.60882],[-118.17779,39.60943],[-118.17959,39.61095],[-118.18179,39.61217],[-118.18399,39.61183],[-118.18584,39.61298],[-118.18957,39.61337],[-118.1906,39.61381],[-118.19645,39.61368],[-118.20035,39.61232],[-118.20123,39.61256],[-118.20297,39.61419],[-118.20436,39.61453],[-118.20914,39.61294],[-118.21366,39.61274],[-118.21397,39.61309],[-118.21386,39.61349],[-118.21483,39.61382],[-118.21515,39.61434],[-118.21496,39.61474],[-118.21541,39.61486],[-118.2171,39.61445],[-118.21926,39.61441],[-118.21995,39.61502],[-118.22089,39.61524],[-118.22219,39.61485],[-118.223,39.61535],[-118.22641,39.61536],[-118.22811,39.61624],[-118.22968,39.6163],[-118.23224,39.61493],[-118.22967,39.61624],[-118.22813,39.61619],[-118.22643,39.61531],[-118.22376,39.61538],[-118.2225,39.61512],[-118.22225,39.61483],[-118.22299,39.61434],[-118.22449,39.61452],[-118.22588,39.61294],[-118.22706,39.60924],[-118.22635,39.61073],[-118.22591,39.61278],[-118.22432,39.61454],[-118.22297,39.61428],[-118.22091,39.61518],[-118.21999,39.61497],[-118.21926,39.61435],[-118.21502,39.61471],[-118.21522,39.61434],[-118.21488,39.61379],[-118.21393,39.61347],[-118.21404,39.61308],[-118.21372,39.6127],[-118.21395,39.61089],[-118.21471,39.61047],[-118.21706,39.61089],[-118.21854,39.61023],[-118.21942,39.60937],[-118.22056,39.60733],[-118.2185,39.61019],[-118.21705,39.61083],[-118.2142,39.61055],[-118.21383,39.61108],[-118.21365,39.61269],[-118.21303,39.61285],[-118.20913,39.61289],[-118.20437,39.61447],[-118.20239,39.61377],[-118.20092,39.61229],[-118.19869,39.61265],[-118.19875,39.611],[-118.19995,39.6088],[-118.20251,39.60808],[-118.20323,39.60847],[-118.20734,39.60832],[-118.20904,39.60747],[-118.21195,39.60742],[-118.21317,39.60652],[-118.21192,39.60736],[-118.20916,39.60739],[-118.20701,39.60832],[-118.20324,39.60841],[-118.20261,39.60804],[-118.2017,39.60812],[-118.19978,39.60889],[-118.19869,39.61099],[-118.19864,39.61269],[-118.19797,39.61313],[-118.19644,39.61362],[-118.19076,39.61375],[-118.18959,39.61332],[-118.18587,39.61293],[-118.184,39.61178],[-118.1826,39.61218],[-118.18153,39.612],[-118.17862,39.61004],[-118.17736,39.60761],[-118.17427,39.60566],[-118.17915,39.60783],[-118.18188,39.60747],[-118.18313,39.60684],[-118.18454,39.60708],[-118.18585,39.60672],[-118.18873,39.60737],[-118.18985,39.60699],[-118.19084,39.60781],[-118.19165,39.60804],[-118.19304,39.60726],[-118.19586,39.6066],[-118.19301,39.60721],[-118.19164,39.60799],[-118.18988,39.60693],[-118.18873,39.60731],[-118.18585,39.60666],[-118.18454,39.60703],[-118.18311,39.60679],[-118.18185,39.60742],[-118.17915,39.60778],[-118.17158,39.60416],[-118.16508,39.60294],[-118.1631,39.60342],[-118.15999,39.6033],[-118.15827,39.60384],[-118.1558,39.60395],[-118.15393,39.60463],[-118.15267,39.60548],[-118.1506,39.60579],[-118.14849,39.60655],[-118.14793,39.60732],[-118.14825,39.60554],[-118.14959,39.60322],[-118.14959,39.59972],[-118.15038,39.59876],[-118.15178,39.59952],[-118.15233,39.60031],[-118.15306,39.60045],[-118.15794,39.59911],[-118.16194,39.59925],[-118.1652,39.60035],[-118.16914,39.60104],[-118.1713,39.60072],[-118.17833,39.60107],[-118.17994,39.60079],[-118.18071,39.60172],[-118.1821,39.60264],[-118.1833,39.60284],[-118.18779,39.60175],[-118.18906,39.60245],[-118.19061,39.60388],[-118.19405,39.60333],[-118.19063,39.60383],[-118.18911,39.60242],[-118.18779,39.60169],[-118.18395,39.60278],[-118.1823,39.60268],[-118.18076,39.60168],[-118.17996,39.60074],[-118.17774,39.6009],[-118.17949,39.60037],[-118.18282,39.59855],[-118.18468,39.5981],[-118.18593,39.59816],[-118.18691,39.59881],[-118.18777,39.59891],[-118.18958,39.59892],[-118.19059,39.59861],[-118.19216,39.5999],[-118.19367,39.60018],[-118.19472,39.60141],[-118.19741,39.60077],[-118.19913,39.60218],[-118.19972,39.60195],[-118.1999,39.60151],[-118.20073,39.60149],[-118.20241,39.60203],[-118.20345,39.6031],[-118.20468,39.60364],[-118.20863,39.60226],[-118.21124,39.60325],[-118.20862,39.60221],[-118.2047,39.60359],[-118.20349,39.60305],[-118.20245,39.60198],[-118.20075,39.60144],[-118.19986,39.60146],[-118.19967,39.60191],[-118.19913,39.60213],[-118.19742,39.60071],[-118.19473,39.60136],[-118.19371,39.60013],[-118.1922,39.59986],[-118.1906,39.59855],[-118.18957,39.59887],[-118.18778,39.59885],[-118.18694,39.59876],[-118.18594,39.5981],[-118.18467,39.59804],[-118.18279,39.5985],[-118.17944,39.60032],[-118.17766,39.60087],[-118.17129,39.60067],[-118.16914,39.60098],[-118.16439,39.6],[-118.16585,39.59982],[-118.16835,39.59873],[-118.17475,39.59858],[-118.17903,39.59801],[-118.18425,39.59674],[-118.18607,39.59677],[-118.18847,39.59552],[-118.18987,39.59647],[-118.19054,39.59645],[-118.19178,39.59617],[-118.19315,39.59508],[-118.19484,39.59447],[-118.19568,39.59461],[-118.19712,39.59553],[-118.19849,39.59482],[-118.19965,39.59473],[-118.20065,39.59494],[-118.20171,39.59568],[-118.2046,39.59547],[-118.20613,39.59589],[-118.20642,39.59656],[-118.20681,39.59669],[-118.20734,39.59635],[-118.20756,39.59531],[-118.20941,39.59533],[-118.20951,39.5964],[-118.21082,39.59783],[-118.21263,39.59788],[-118.21323,39.59751],[-118.2156,39.59785],[-118.21827,39.59894],[-118.2198,39.5991],[-118.22134,39.59986],[-118.22291,39.60001],[-118.2257,39.60086],[-118.22293,39.59995],[-118.22137,39.59981],[-118.21983,39.59905],[-118.2183,39.59889],[-118.21566,39.59782],[-118.21745,39.59672],[-118.21959,39.5971],[-118.22225,39.59649],[-118.22484,39.59709],[-118.22748,39.59609],[-118.22483,39.59704],[-118.22226,39.59643],[-118.21959,39.59705],[-118.21763,39.59664],[-118.21549,39.59782],[-118.21322,39.59745],[-118.21261,39.59783],[-118.21185,39.59761],[-118.21103,39.59781],[-118.20958,39.59638],[-118.20945,39.59528],[-118.20752,39.59527],[-118.20727,39.59633],[-118.2068,39.59663],[-118.20617,39.59585],[-118.20462,39.59542],[-118.20172,39.59563],[-118.20068,39.59489],[-118.19965,39.59468],[-118.19847,39.59477],[-118.19713,39.59548],[-118.19572,39.59456],[-118.19484,39.59442],[-118.19311,39.59503],[-118.19174,39.59612],[-118.19019,39.59646],[-118.18847,39.59546],[-118.18747,39.59575],[-118.18721,39.59629],[-118.18605,39.59672],[-118.18233,39.59661],[-118.17659,39.59504],[-118.17473,39.59415],[-118.1734,39.59398],[-118.17002,39.59222],[-118.16428,39.59146],[-118.161,39.59198],[-118.15458,39.59414],[-118.15393,39.59419],[-118.15393,39.59373],[-118.15405,39.59327],[-118.15514,39.59243],[-118.15907,39.59007],[-118.16587,39.58841],[-118.1703,39.58823],[-118.17581,39.58957],[-118.1786,39.58924],[-118.18093,39.58947],[-118.18374,39.5889],[-118.18662,39.58881],[-118.18787,39.58933],[-118.18965,39.58935],[-118.1915,39.58988],[-118.19241,39.59052],[-118.19272,39.59144],[-118.19437,39.59162],[-118.19625,39.59267],[-118.19796,39.59247],[-118.19984,39.59135],[-118.2002,39.59052],[-118.20306,39.59046],[-118.20397,39.59004],[-118.20525,39.59023],[-118.20695,39.58969],[-118.21024,39.59138],[-118.21148,39.5906],[-118.21338,39.59072],[-118.21399,39.59124],[-118.21502,39.59085],[-118.21685,39.5909],[-118.21869,39.59032],[-118.22171,39.59092],[-118.22296,39.59152],[-118.22589,39.5909],[-118.22775,39.59135],[-118.23009,39.5929],[-118.22778,39.5913],[-118.22593,39.59086],[-118.22664,39.58991],[-118.22812,39.5892],[-118.22995,39.58846],[-118.23245,39.58827],[-118.23315,39.58779],[-118.23242,39.58822],[-118.22992,39.58841],[-118.22659,39.58987],[-118.22586,39.59085],[-118.22441,39.59134],[-118.22297,39.59147],[-118.22174,39.59087],[-118.2187,39.59027],[-118.21684,39.59085],[-118.21501,39.5908],[-118.21397,39.59119],[-118.21341,39.59066],[-118.21147,39.59054],[-118.21023,39.59133],[-118.20674,39.58964],[-118.20525,39.59018],[-118.20396,39.58998],[-118.20305,39.59041],[-118.20017,39.59047],[-118.19978,39.59131],[-118.19792,39.59242],[-118.19627,39.59262],[-118.1944,39.59157],[-118.19277,39.5914],[-118.19247,39.59049],[-118.19153,39.58983],[-118.18966,39.58929],[-118.18789,39.58928],[-118.18531,39.58788],[-118.18236,39.58374],[-118.18461,39.58309],[-118.19045,39.58321],[-118.1967,39.58588],[-118.19047,39.58315],[-118.1846,39.58304],[-118.18225,39.58372],[-118.1764,39.58241],[-118.17321,39.58263],[-118.16949,39.58196],[-118.16733,39.58199],[-118.16637,39.58232],[-118.1643,39.58198],[-118.16218,39.58242],[-118.15887,39.58246],[-118.1573,39.58286],[-118.15335,39.58469],[-118.14916,39.5944],[-118.14884,39.59645],[-118.14788,39.59718],[-118.14642,39.5975],[-118.14666,39.59493],[-118.14895,39.5925],[-118.14942,39.58868],[-118.14905,39.585],[-118.15024,39.57939],[-118.15088,39.57823],[-118.15114,39.57677],[-118.15657,39.57616],[-118.16054,39.57381],[-118.16287,39.57356],[-118.16836,39.57099],[-118.16956,39.57084],[-118.17093,39.57022],[-118.17453,39.56981],[-118.17655,39.56866],[-118.18026,39.56747],[-118.18291,39.56734],[-118.18731,39.56803],[-118.1908,39.56741],[-118.19489,39.56776],[-118.1908,39.56736],[-118.18731,39.56797],[-118.18292,39.56729],[-118.18025,39.56742],[-118.17652,39.56861],[-118.17451,39.56976],[-118.17091,39.57016],[-118.16953,39.57079],[-118.16832,39.57094],[-118.16283,39.57351],[-118.16052,39.57376],[-118.15632,39.57618],[-118.15112,39.57671],[-118.15081,39.57472],[-118.15212,39.57305],[-118.15365,39.57218],[-118.15587,39.57013],[-118.15888,39.56828],[-118.16197,39.56705],[-118.16405,39.56647],[-118.17031,39.56654],[-118.17353,39.56579],[-118.17795,39.56531],[-118.18213,39.56396],[-118.18453,39.56383],[-118.1928,39.56522],[-118.19621,39.56529],[-118.19856,39.56719],[-118.20035,39.56764],[-118.19927,39.56786],[-118.19819,39.56914],[-118.19731,39.56952],[-118.19137,39.56962],[-118.1862,39.57126],[-118.18179,39.5717],[-118.17882,39.57277],[-118.17704,39.573],[-118.17884,39.57282],[-118.18181,39.57175],[-118.18622,39.57131],[-118.19138,39.56968],[-118.19734,39.56957],[-118.19824,39.56917],[-118.19932,39.5679],[-118.20054,39.56766],[-118.20257,39.56784],[-118.20341,39.56735],[-118.20401,39.5662],[-118.20484,39.56558],[-118.20793,39.56496],[-118.20948,39.56608],[-118.20946,39.56689],[-118.20973,39.5671],[-118.2127,39.56696],[-118.213,39.56816],[-118.21602,39.57052],[-118.21681,39.57034],[-118.21747,39.56927],[-118.2186,39.56843],[-118.21985,39.56861],[-118.22091,39.56836],[-118.22288,39.56926],[-118.22321,39.56986],[-118.22223,39.572],[-118.22362,39.57296],[-118.23195,39.57247],[-118.23399,39.57322],[-118.23543,39.5742],[-118.23614,39.57643],[-118.23545,39.57828],[-118.23621,39.57643],[-118.23563,39.57453],[-118.24016,39.57573],[-118.2356,39.57446],[-118.23403,39.57317],[-118.23196,39.57241],[-118.22552,39.57274],[-118.22435,39.57305],[-118.2223,39.57198],[-118.22328,39.56987],[-118.22314,39.56942],[-118.22641,39.56856],[-118.23313,39.56793],[-118.23616,39.56962],[-118.23823,39.5699],[-118.23619,39.56957],[-118.23314,39.56788],[-118.22639,39.56851],[-118.22309,39.56938],[-118.22092,39.5683],[-118.21985,39.56856],[-118.21858,39.56838],[-118.21741,39.56924],[-118.21676,39.57031],[-118.21604,39.57047],[-118.21306,39.56813],[-118.21274,39.56691],[-118.20976,39.56706],[-118.20954,39.56605],[-118.20795,39.5649],[-118.2048,39.56553],[-118.20395,39.56617],[-118.20335,39.56732],[-118.20223,39.56783],[-118.19903,39.56735],[-118.19624,39.56524],[-118.19282,39.56517],[-118.18453,39.56378],[-118.18211,39.56391],[-118.17813,39.56516],[-118.16965,39.56425],[-118.16725,39.56486],[-118.16526,39.56494],[-118.15966,39.56764],[-118.15582,39.57009],[-118.1536,39.57214],[-118.15183,39.57324],[-118.15074,39.57471],[-118.15073,39.5755],[-118.14816,39.57072],[-118.14979,39.56896],[-118.15028,39.56773],[-118.15206,39.56556],[-118.15342,39.56469],[-118.15919,39.56319],[-118.16134,39.5622],[-118.16701,39.56042],[-118.17021,39.56102],[-118.17876,39.56161],[-118.18082,39.56239],[-118.18247,39.56236],[-118.19667,39.56455],[-118.20074,39.5641],[-118.20401,39.56213],[-118.20516,39.56208],[-118.20747,39.5612],[-118.21035,39.56089],[-118.21158,39.56035],[-118.21641,39.56092],[-118.21747,39.56163],[-118.21819,39.56158],[-118.21736,39.56152],[-118.21642,39.56087],[-118.21157,39.5603],[-118.21032,39.56084],[-118.20745,39.56115],[-118.20513,39.56203],[-118.20398,39.56208],[-118.20071,39.56405],[-118.19667,39.5645],[-118.18248,39.56231],[-118.18083,39.56233],[-118.17877,39.56156],[-118.17022,39.56097],[-118.16731,39.56034],[-118.17107,39.5597],[-118.17245,39.55892],[-118.17388,39.55878],[-118.18244,39.55951],[-118.18811,39.56065],[-118.19122,39.56036],[-118.19471,39.56077],[-118.19673,39.56145],[-118.19937,39.56147],[-118.2005,39.56107],[-118.19936,39.56141],[-118.19713,39.56143],[-118.19473,39.56072],[-118.19127,39.56032],[-118.19674,39.55744],[-118.19799,39.55647],[-118.20176,39.55478],[-118.20294,39.55501],[-118.20412,39.55452],[-118.20645,39.55456],[-118.20887,39.55599],[-118.20647,39.5545],[-118.2041,39.55447],[-118.20293,39.55496],[-118.20174,39.55473],[-118.19795,39.55643],[-118.1967,39.55739],[-118.1911,39.56035],[-118.18813,39.5606],[-118.1836,39.55981],[-118.1871,39.55957],[-118.18975,39.55887],[-118.19078,39.55797],[-118.19581,39.55661],[-118.19817,39.555],[-118.20045,39.55419],[-118.20159,39.55345],[-118.19814,39.55495],[-118.19576,39.55657],[-118.19075,39.55792],[-118.18971,39.55882],[-118.18708,39.55952],[-118.1835,39.55976],[-118.17821,39.55906],[-118.17288,39.55878],[-118.17104,39.55965],[-118.16795,39.56002],[-118.16275,39.56164],[-118.15917,39.56314],[-118.15292,39.56481],[-118.15123,39.56634],[-118.14916,39.56966],[-118.14811,39.57068],[-118.14795,39.57055],[-118.14645,39.56788],[-118.14693,39.56526],[-118.14859,39.56336],[-118.15148,39.56094],[-118.15588,39.55939],[-118.15708,39.5583],[-118.15987,39.55681],[-118.16176,39.55619],[-118.16305,39.55622],[-118.16419,39.55572],[-118.16582,39.55557],[-118.17014,39.55361],[-118.17219,39.55229],[-118.17831,39.54968],[-118.18013,39.54922],[-118.18806,39.54941],[-118.1966,39.55064],[-118.20029,39.5518],[-118.20489,39.55191],[-118.20717,39.55241],[-118.2129,39.55232],[-118.21323,39.55271],[-118.21343,39.55425],[-118.21494,39.55466],[-118.21551,39.55589],[-118.21723,39.55729],[-118.2186,39.55767],[-118.22041,39.5587],[-118.21864,39.55763],[-118.21727,39.55725],[-118.21557,39.55586],[-118.21498,39.55462],[-118.21349,39.55421],[-118.21303,39.55234],[-118.21445,39.55284],[-118.21614,39.55188],[-118.21443,39.55278],[-118.21342,39.55223],[-118.20717,39.55236],[-118.20489,39.55186],[-118.19967,39.55168],[-118.19707,39.55069],[-118.19287,39.54998],[-118.18337,39.54905],[-118.18013,39.54917],[-118.17829,39.54963],[-118.17544,39.5491],[-118.1711,39.54989],[-118.1679,39.54948],[-118.16503,39.54995],[-118.16072,39.55143],[-118.1621,39.54978],[-118.16406,39.54853],[-118.16526,39.54854],[-118.16841,39.54765],[-118.17078,39.54763],[-118.17186,39.54707],[-118.17771,39.54829],[-118.18174,39.54856],[-118.18658,39.54779],[-118.18945,39.54784],[-118.19112,39.54752],[-118.19474,39.54767],[-118.20291,39.54376],[-118.20747,39.544],[-118.20918,39.54547],[-118.2075,39.54395],[-118.20291,39.5437],[-118.19509,39.54757],[-118.18657,39.54773],[-118.18174,39.54851],[-118.17772,39.54823],[-118.17185,39.54702],[-118.17076,39.54758],[-118.16839,39.5476],[-118.16524,39.54849],[-118.16404,39.54848],[-118.16289,39.54913],[-118.16356,39.5484],[-118.16825,39.54673],[-118.17165,39.5463],[-118.17298,39.54543],[-118.17536,39.54499],[-118.17907,39.54277],[-118.17989,39.54267],[-118.18235,39.54149],[-118.18521,39.54108],[-118.18876,39.54115],[-118.19137,39.5407],[-118.19019,39.54067],[-118.18875,39.5411],[-118.18521,39.54102],[-118.18135,39.54176],[-118.17986,39.54262],[-118.17904,39.54272],[-118.17533,39.54494],[-118.17295,39.54538],[-118.17163,39.54625],[-118.16822,39.54668],[-118.16353,39.54836],[-118.16001,39.55194],[-118.15493,39.55371],[-118.15284,39.55586],[-118.15197,39.55821],[-118.1529,39.55588],[-118.15497,39.55375],[-118.15956,39.55223],[-118.16066,39.5515],[-118.16396,39.55033],[-118.16791,39.54953],[-118.1711,39.54995],[-118.17544,39.54915],[-118.17823,39.54967],[-118.17216,39.55225],[-118.1701,39.55357],[-118.1658,39.55552],[-118.16417,39.55567],[-118.16304,39.55616],[-118.16174,39.55614],[-118.15984,39.55676],[-118.15704,39.55825],[-118.15584,39.55935],[-118.15164,39.56079],[-118.14714,39.56477],[-118.14646,39.56681],[-118.14643,39.56549],[-118.14711,39.56362],[-118.15005,39.5596],[-118.15082,39.55714],[-118.15215,39.555],[-118.15223,39.5541],[-118.15493,39.55176],[-118.1569,39.54808],[-118.15852,39.54716],[-118.16132,39.54456],[-118.16247,39.54296],[-118.16552,39.54039],[-118.16627,39.53995],[-118.16787,39.53987],[-118.17117,39.53787],[-118.17338,39.53772],[-118.17648,39.53679],[-118.17875,39.53671],[-118.18381,39.53759],[-118.19309,39.53819],[-118.19938,39.53965],[-118.2026,39.5394],[-118.20406,39.53983],[-118.20868,39.54023],[-118.21194,39.54169],[-118.21427,39.54135],[-118.21758,39.54305],[-118.2217,39.54314],[-118.22594,39.5452],[-118.22173,39.5431],[-118.21887,39.54317],[-118.21703,39.54275],[-118.21407,39.54129],[-118.21476,39.5403],[-118.21393,39.54131],[-118.21196,39.54164],[-118.2083,39.54011],[-118.20407,39.53978],[-118.20223,39.53931],[-118.19939,39.5396],[-118.1931,39.53813],[-118.18382,39.53754],[-118.17898,39.53667],[-118.17699,39.53672],[-118.17502,39.53702],[-118.17337,39.53767],[-118.17114,39.53782],[-118.16783,39.53982],[-118.16624,39.5399],[-118.16467,39.54094],[-118.16391,39.54191],[-118.16242,39.54293],[-118.16126,39.54453],[-118.15958,39.54612],[-118.15763,39.54775],[-118.15685,39.54805],[-118.15487,39.55173],[-118.15216,39.55408],[-118.15208,39.55498],[-118.15075,39.55712],[-118.14999,39.55958],[-118.14704,39.5636],[-118.14636,39.56547],[-118.1464,39.56784],[-118.14488,39.56458],[-118.1454,39.55743],[-118.14684,39.55375],[-118.1469,39.55238],[-118.14773,39.55047],[-118.15171,39.5491],[-118.15813,39.54307],[-118.15907,39.54263],[-118.16062,39.5412],[-118.16452,39.53905],[-118.1658,39.53789],[-118.1678,39.5378],[-118.17099,39.53623],[-118.17257,39.53627],[-118.17532,39.53526],[-118.17745,39.53495],[-118.18311,39.5355],[-118.18679,39.53673],[-118.18968,39.53651],[-118.19616,39.53668],[-118.19759,39.53708],[-118.20006,39.53691],[-118.20243,39.53728],[-118.2058,39.53707],[-118.20698,39.53637],[-118.20674,39.53508],[-118.20811,39.5345],[-118.20982,39.53494],[-118.21149,39.53628],[-118.21604,39.53658],[-118.21659,39.53757],[-118.21756,39.53796],[-118.21979,39.53757],[-118.22065,39.53848],[-118.22469,39.53864],[-118.22771,39.538],[-118.22468,39.53859],[-118.22067,39.53843],[-118.2198,39.53751],[-118.21758,39.53791],[-118.21665,39.53754],[-118.21607,39.53653],[-118.21152,39.53623],[-118.20985,39.5349],[-118.20811,39.53444],[-118.20668,39.53505],[-118.20695,39.53622],[-118.20619,39.53697],[-118.20244,39.53722],[-118.20006,39.53685],[-118.19759,39.53703],[-118.19618,39.53662],[-118.18648,39.53665],[-118.18313,39.53545],[-118.17745,39.53489],[-118.17529,39.53521],[-118.17255,39.53622],[-118.17104,39.53619],[-118.17233,39.53524],[-118.17341,39.53366],[-118.17502,39.53282],[-118.17796,39.53275],[-118.17977,39.53236],[-118.18097,39.53163],[-118.18351,39.53128],[-118.1841,39.53093],[-118.18807,39.53035],[-118.1908,39.53044],[-118.19437,39.52973],[-118.19879,39.52976],[-118.20114,39.53229],[-118.2051,39.53361],[-118.20626,39.53314],[-118.20785,39.53304],[-118.20947,39.53358],[-118.2101,39.53346],[-118.21273,39.53147],[-118.21439,39.53202],[-118.21536,39.53165],[-118.21632,39.53171],[-118.21762,39.5327],[-118.21889,39.53304],[-118.21766,39.53266],[-118.21635,39.53166],[-118.21534,39.5316],[-118.2144,39.53196],[-118.21273,39.53142],[-118.21007,39.53341],[-118.20948,39.53353],[-118.20785,39.53299],[-118.20623,39.53309],[-118.20512,39.53356],[-118.20118,39.53225],[-118.20021,39.53139],[-118.19958,39.53031],[-118.19843,39.52968],[-118.19404,39.5297],[-118.18985,39.53045],[-118.18805,39.5303],[-118.18094,39.53158],[-118.17974,39.53231],[-118.17794,39.5327],[-118.17512,39.53277],[-118.17994,39.53013],[-118.18387,39.52876],[-118.18509,39.52863],[-118.18845,39.52717],[-118.19157,39.52731],[-118.19281,39.52702],[-118.19826,39.52733],[-118.20496,39.52836],[-118.20682,39.5278],[-118.20797,39.52855],[-118.2082,39.52774],[-118.20944,39.52698],[-118.21113,39.52748],[-118.21424,39.52646],[-118.21655,39.52629],[-118.217,39.5265],[-118.21928,39.52601],[-118.22079,39.52738],[-118.22244,39.52747],[-118.22281,39.52816],[-118.22353,39.52833],[-118.22402,39.52926],[-118.22529,39.53007],[-118.22516,39.53144],[-118.22704,39.53235],[-118.22522,39.53141],[-118.22536,39.53005],[-118.22407,39.52922],[-118.22357,39.52829],[-118.22287,39.52813],[-118.22247,39.52742],[-118.22083,39.52734],[-118.21929,39.52596],[-118.21699,39.52645],[-118.21656,39.52623],[-118.21421,39.52641],[-118.21111,39.52743],[-118.20942,39.52692],[-118.20814,39.52771],[-118.20795,39.52849],[-118.20683,39.52774],[-118.20497,39.5283],[-118.19827,39.52728],[-118.19282,39.52697],[-118.19156,39.52726],[-118.18851,39.52714],[-118.19038,39.52617],[-118.19281,39.52577],[-118.20037,39.5232],[-118.20644,39.52152],[-118.2089,39.5222],[-118.20922,39.52275],[-118.21354,39.52275],[-118.21429,39.52228],[-118.21354,39.5227],[-118.21292,39.52252],[-118.2105,39.52282],[-118.20924,39.5227],[-118.20894,39.52215],[-118.20774,39.52194],[-118.20712,39.52148],[-118.20589,39.52157],[-118.19278,39.52572],[-118.19035,39.52612],[-118.18507,39.52858],[-118.18385,39.52871],[-118.17991,39.53009],[-118.17375,39.53334],[-118.17227,39.5352],[-118.1696,39.53695],[-118.16777,39.53775],[-118.16576,39.53785],[-118.16447,39.53901],[-118.16058,39.54116],[-118.15902,39.54259],[-118.15808,39.54303],[-118.15167,39.54906],[-118.14766,39.55044],[-118.14683,39.55237],[-118.14678,39.55374],[-118.14533,39.55742],[-118.14476,39.56441],[-118.14731,39.56988],[-118.14854,39.5713],[-118.15077,39.57563],[-118.15107,39.57675],[-118.15081,39.57822],[-118.15017,39.57938],[-118.14898,39.58499],[-118.14934,39.58867],[-118.14888,39.59248],[-118.14663,39.59489],[-118.14738,39.58922],[-118.14825,39.58779],[-118.14819,39.58295],[-118.14701,39.57939],[-118.14495,39.5759],[-118.13991,39.57159],[-118.13811,39.56963],[-118.13761,39.56867],[-118.13769,39.56775],[-118.13727,39.56722],[-118.137,39.5654],[-118.13737,39.5633],[-118.13694,39.56161],[-118.13741,39.55857],[-118.13646,39.55543],[-118.13811,39.55437],[-118.13896,39.55155],[-118.1414,39.54828],[-118.14225,39.54758],[-118.14778,39.54506],[-118.15109,39.54276],[-118.154,39.542],[-118.1557,39.54072],[-118.16283,39.53764],[-118.16495,39.53577],[-118.16832,39.53366],[-118.1737,39.53252],[-118.17437,39.53178],[-118.17366,39.53247],[-118.16828,39.53362],[-118.1649,39.53573],[-118.16279,39.5376],[-118.15566,39.54067],[-118.15397,39.54195],[-118.15105,39.54272],[-118.14774,39.54502],[-118.1422,39.54754],[-118.14134,39.54825],[-118.13889,39.55153],[-118.13805,39.55434],[-118.13645,39.55538],[-118.13584,39.55322],[-118.13611,39.55145],[-118.13543,39.54901],[-118.13552,39.54798],[-118.13609,39.54685],[-118.13625,39.5435],[-118.13602,39.54684],[-118.13546,39.54796],[-118.13536,39.549],[-118.13609,39.55185],[-118.13586,39.55398],[-118.13734,39.55858],[-118.13687,39.56161],[-118.1373,39.56331],[-118.13693,39.5654],[-118.1372,39.56723],[-118.13762,39.56776],[-118.13754,39.56868],[-118.14159,39.57435],[-118.14319,39.57733],[-118.14419,39.58026],[-118.14548,39.58207],[-118.14698,39.58701],[-118.14732,39.58925],[-118.14736,39.59015],[-118.14663,39.59296],[-118.14657,39.59683],[-118.14578,39.59876],[-118.14541,39.60182],[-118.14567,39.60891],[-118.14446,39.6107],[-118.14237,39.61242],[-118.14218,39.6117],[-118.14308,39.60806],[-118.14266,39.60738],[-118.14299,39.60584],[-118.1425,39.60257],[-118.14355,39.60082],[-118.1434,39.60045],[-118.14375,39.60011],[-118.14378,39.59932],[-118.14341,39.59885],[-118.14335,39.59643],[-118.1427,39.59558],[-118.14216,39.59346],[-118.14144,39.59236],[-118.14107,39.58992],[-118.14008,39.58839],[-118.13979,39.58474],[-118.14046,39.58193],[-118.13938,39.58025],[-118.139,39.57734],[-118.13695,39.57224],[-118.13587,39.5679],[-118.13272,39.56363],[-118.13208,39.56151],[-118.13327,39.55855],[-118.13551,39.55453],[-118.13433,39.55096],[-118.13409,39.54877],[-118.13308,39.54623],[-118.13397,39.54484],[-118.13464,39.54292],[-118.13545,39.54227],[-118.13487,39.54115],[-118.13467,39.53948],[-118.13544,39.53687],[-118.13637,39.5362],[-118.14123,39.53623],[-118.14621,39.53506],[-118.14894,39.53329],[-118.1521,39.53186],[-118.15983,39.53081],[-118.16279,39.52974],[-118.16541,39.52961],[-118.16966,39.52848],[-118.1736,39.52787],[-118.16964,39.52843],[-118.16539,39.52956],[-118.16278,39.52969],[-118.1598,39.53076],[-118.15207,39.53181],[-118.1489,39.53325],[-118.14618,39.53502],[-118.14122,39.53618],[-118.13636,39.53615],[-118.13545,39.53677],[-118.13518,39.53208],[-118.13562,39.53152],[-118.13697,39.52729],[-118.137,39.52562],[-118.13942,39.52152],[-118.14216,39.52024],[-118.14524,39.51972],[-118.15116,39.51989],[-118.15209,39.52054],[-118.15328,39.52084],[-118.15118,39.51983],[-118.14523,39.51966],[-118.14101,39.52058],[-118.13903,39.52192],[-118.14021,39.51667],[-118.14241,39.5132],[-118.14313,39.51276],[-118.1507,39.51255],[-118.15204,39.51302],[-118.15385,39.51428],[-118.1549,39.51559],[-118.1579,39.51679],[-118.15952,39.51785],[-118.16083,39.51873],[-118.16199,39.52002],[-118.16411,39.52131],[-118.16774,39.5227],[-118.16983,39.5229],[-118.17267,39.52384],[-118.17587,39.5254],[-118.18238,39.52634],[-118.18549,39.52564],[-118.1877,39.52463],[-118.19087,39.52416],[-118.19248,39.52424],[-118.19045,39.52477],[-118.18916,39.52552],[-118.18821,39.5256],[-118.18538,39.52723],[-118.18282,39.5273],[-118.18043,39.52798],[-118.17575,39.52825],[-118.17347,39.52906],[-118.17237,39.52978],[-118.16744,39.53064],[-118.16442,39.53214],[-118.16162,39.53426],[-118.15804,39.53575],[-118.15622,39.53699],[-118.15547,39.53704],[-118.15409,39.53792],[-118.15178,39.53856],[-118.14979,39.53982],[-118.14695,39.54024],[-118.13708,39.54801],[-118.14119,39.5451],[-118.14489,39.54173],[-118.14698,39.54029],[-118.14981,39.53987],[-118.15182,39.5386],[-118.15625,39.53704],[-118.15807,39.5358],[-118.16166,39.53431],[-118.16447,39.53219],[-118.16748,39.53069],[-118.1724,39.52983],[-118.17351,39.5291],[-118.17577,39.52831],[-118.18044,39.52803],[-118.18284,39.52735],[-118.18541,39.52728],[-118.18824,39.52565],[-118.18918,39.52557],[-118.1908,39.52471],[-118.19538,39.52381],[-118.19854,39.5225],[-118.20116,39.52069],[-118.20611,39.51928],[-118.21027,39.51707],[-118.21113,39.51589],[-118.21189,39.51556],[-118.21328,39.51544],[-118.21525,39.51618],[-118.21791,39.51623],[-118.21966,39.51719],[-118.2213,39.51894],[-118.22278,39.51991],[-118.22292,39.52072],[-118.22343,39.52088],[-118.22299,39.5207],[-118.22285,39.51989],[-118.22136,39.51891],[-118.21971,39.51715],[-118.21793,39.51618],[-118.21527,39.51613],[-118.21328,39.51539],[-118.21115,39.51583],[-118.21291,39.51394],[-118.21816,39.51353],[-118.22184,39.51229],[-118.22374,39.51249],[-118.22563,39.51359],[-118.22595,39.51527],[-118.22686,39.51645],[-118.22691,39.51736],[-118.22742,39.51839],[-118.22906,39.51955],[-118.22969,39.52374],[-118.23068,39.52522],[-118.23124,39.52691],[-118.23099,39.52759],[-118.23112,39.52877],[-118.23075,39.52958],[-118.231,39.53039],[-118.23002,39.53115],[-118.22999,39.53183],[-118.23262,39.53545],[-118.23416,39.53651],[-118.23432,39.53764],[-118.23604,39.53855],[-118.23695,39.53965],[-118.2361,39.53851],[-118.23438,39.53761],[-118.23423,39.53648],[-118.23287,39.53565],[-118.23013,39.53198],[-118.23006,39.53121],[-118.23107,39.53038],[-118.23082,39.52959],[-118.23119,39.52877],[-118.23122,39.52667],[-118.23597,39.52921],[-118.23899,39.52961],[-118.24099,39.53049],[-118.24401,39.53294],[-118.24448,39.534],[-118.24455,39.53577],[-118.24358,39.53802],[-118.24338,39.53969],[-118.24365,39.54048],[-118.24365,39.53802],[-118.24462,39.53578],[-118.24448,39.53405],[-118.24521,39.53515],[-118.24708,39.5358],[-118.24943,39.53613],[-118.25098,39.53717],[-118.24956,39.53612],[-118.2471,39.53575],[-118.24497,39.53493],[-118.24407,39.53291],[-118.24102,39.53044],[-118.23902,39.52956],[-118.236,39.52916],[-118.23121,39.52661],[-118.23075,39.5252],[-118.22976,39.52373],[-118.22912,39.51954],[-118.22749,39.51837],[-118.22698,39.51734],[-118.22693,39.51643],[-118.22601,39.51526],[-118.22578,39.51366],[-118.22501,39.51303],[-118.22341,39.51234],[-118.22184,39.51223],[-118.21814,39.51348],[-118.2149,39.51392],[-118.21396,39.51378],[-118.21942,39.51277],[-118.22173,39.51178],[-118.22493,39.51176],[-118.2267,39.51294],[-118.22654,39.51405],[-118.22691,39.51558],[-118.22796,39.51635],[-118.22787,39.5169],[-118.22854,39.51725],[-118.22867,39.51842],[-118.23103,39.51996],[-118.2332,39.52081],[-118.23414,39.52241],[-118.2381,39.52352],[-118.23418,39.52237],[-118.23325,39.52077],[-118.23107,39.51992],[-118.22873,39.51839],[-118.2286,39.51722],[-118.22794,39.51688],[-118.22803,39.51632],[-118.22698,39.51557],[-118.22661,39.51405],[-118.22677,39.51296],[-118.23029,39.51434],[-118.23219,39.51439],[-118.24119,39.51754],[-118.24459,39.51821],[-118.24515,39.51922],[-118.24495,39.52104],[-118.24368,39.52201],[-118.2434,39.52355],[-118.24275,39.52414],[-118.24137,39.52449],[-118.24258,39.52428],[-118.24346,39.52358],[-118.24374,39.52204],[-118.24501,39.52106],[-118.24522,39.51921],[-118.24468,39.51821],[-118.24683,39.51846],[-118.2484,39.52147],[-118.24871,39.52365],[-118.24834,39.52469],[-118.2487,39.52551],[-118.24933,39.52571],[-118.2487,39.52622],[-118.2479,39.52973],[-118.24877,39.52624],[-118.24941,39.52571],[-118.24876,39.52547],[-118.24841,39.52467],[-118.24878,39.52365],[-118.24847,39.52146],[-118.247,39.51855],[-118.25098,39.52118],[-118.24743,39.51856],[-118.24502,39.51815],[-118.2457,39.51656],[-118.24685,39.51584],[-118.24776,39.51469],[-118.24795,39.51378],[-118.25098,39.51281],[-118.24789,39.51375],[-118.2477,39.51466],[-118.24679,39.5158],[-118.24564,39.51653],[-118.24495,39.51815],[-118.24421,39.51816],[-118.23952,39.51697],[-118.23222,39.51434],[-118.23031,39.51429],[-118.22675,39.5129],[-118.22496,39.51171],[-118.22172,39.51173],[-118.21939,39.51272],[-118.21287,39.51389],[-118.21106,39.51586],[-118.20962,39.51672],[-118.20831,39.51701],[-118.20612,39.51808],[-118.19995,39.51988],[-118.19209,39.52413],[-118.18768,39.52458],[-118.18547,39.52559],[-118.1818,39.5263],[-118.18013,39.52613],[-118.17892,39.5256],[-118.1759,39.52535],[-118.1727,39.52379],[-118.16985,39.52285],[-118.16776,39.52265],[-118.16415,39.52127],[-118.16204,39.51998],[-118.16076,39.5186],[-118.15794,39.51675],[-118.15494,39.51555],[-118.1543,39.51453],[-118.15136,39.51263],[-118.1431,39.51271],[-118.14234,39.51317],[-118.14014,39.51665],[-118.13896,39.52197],[-118.13693,39.52561],[-118.1369,39.52728],[-118.13515,39.53203],[-118.13448,39.52951],[-118.13563,39.52664],[-118.13702,39.52488],[-118.138,39.52242],[-118.13794,39.52087],[-118.13899,39.51817],[-118.13893,39.51642],[-118.13861,39.51566],[-118.14017,39.51495],[-118.14272,39.51103],[-118.14387,39.51013],[-118.14503,39.50968],[-118.1476,39.50942],[-118.15186,39.51088],[-118.15303,39.5116],[-118.15636,39.51233],[-118.15887,39.51385],[-118.16143,39.51365],[-118.1687,39.51467],[-118.17296,39.51735],[-118.17587,39.51871],[-118.17941,39.51786],[-118.18306,39.51783],[-118.18758,39.51722],[-118.18971,39.51761],[-118.19258,39.51717],[-118.1934,39.51754],[-118.19499,39.5173],[-118.19768,39.51751],[-118.19963,39.51723],[-118.1934,39.51748],[-118.19259,39.51711],[-118.1897,39.51755],[-118.18711,39.51719],[-118.18305,39.51778],[-118.17939,39.51781],[-118.17589,39.51865],[-118.173,39.51731],[-118.16873,39.51462],[-118.16144,39.51359],[-118.15889,39.5138],[-118.15639,39.51229],[-118.15306,39.51155],[-118.15042,39.51035],[-118.15718,39.5101],[-118.16037,39.51103],[-118.1633,39.51147],[-118.16529,39.51173],[-118.16636,39.51144],[-118.16707,39.51169],[-118.16821,39.51154],[-118.16972,39.51191],[-118.17264,39.51143],[-118.1759,39.51016],[-118.17873,39.51004],[-118.17971,39.50957],[-118.18165,39.50962],[-118.18324,39.51005],[-118.18509,39.51111],[-118.18734,39.51168],[-118.19055,39.51202],[-118.19324,39.51154],[-118.20407,39.51289],[-118.20629,39.51177],[-118.20764,39.51248],[-118.20862,39.51188],[-118.20951,39.51214],[-118.21026,39.51174],[-118.21256,39.51168],[-118.21025,39.51169],[-118.20951,39.51208],[-118.2086,39.51183],[-118.20764,39.51243],[-118.20627,39.51172],[-118.20406,39.51284],[-118.19325,39.51149],[-118.19026,39.51197],[-118.18619,39.51136],[-118.18177,39.50958],[-118.17979,39.50954],[-118.18164,39.50919],[-118.18412,39.50933],[-118.19107,39.5071],[-118.19416,39.50655],[-118.19629,39.50658],[-118.19846,39.50585],[-118.20275,39.50551],[-118.20986,39.50563],[-118.21095,39.50637],[-118.2129,39.50699],[-118.21465,39.50692],[-118.21629,39.50808],[-118.21821,39.508],[-118.21632,39.50803],[-118.21468,39.50687],[-118.21293,39.50694],[-118.21099,39.50633],[-118.20987,39.50558],[-118.20275,39.50546],[-118.19845,39.5058],[-118.19713,39.50603],[-118.19627,39.50653],[-118.19415,39.50649],[-118.19105,39.50704],[-118.1841,39.50928],[-118.18116,39.50918],[-118.17871,39.50999],[-118.17589,39.51011],[-118.17261,39.51138],[-118.16972,39.51186],[-118.16821,39.51148],[-118.16708,39.51164],[-118.16635,39.51139],[-118.16529,39.51168],[-118.16331,39.51142],[-118.16039,39.51098],[-118.15719,39.51005],[-118.15035,39.5103],[-118.1481,39.50941],[-118.14509,39.50962],[-118.14567,39.50848],[-118.14718,39.50776],[-118.14997,39.50471],[-118.15215,39.50457],[-118.1545,39.50382],[-118.15586,39.50394],[-118.15817,39.50528],[-118.16201,39.5049],[-118.16613,39.50491],[-118.16726,39.5056],[-118.16902,39.5056],[-118.17137,39.50653],[-118.17491,39.50678],[-118.17727,39.5073],[-118.17493,39.50672],[-118.1714,39.50648],[-118.16904,39.50555],[-118.16729,39.50555],[-118.16613,39.50486],[-118.16201,39.50484],[-118.15818,39.50523],[-118.15589,39.50389],[-118.1545,39.50377],[-118.15049,39.50257],[-118.15312,39.49888],[-118.15477,39.49775],[-118.15589,39.49778],[-118.15921,39.49908],[-118.16065,39.49912],[-118.16227,39.49995],[-118.16724,39.5002],[-118.17188,39.50138],[-118.17395,39.50156],[-118.18322,39.50441],[-118.19427,39.50615],[-118.19801,39.50561],[-118.20005,39.50441],[-118.20318,39.50426],[-118.2091,39.50309],[-118.21428,39.50285],[-118.21595,39.50335],[-118.21932,39.50335],[-118.22043,39.50392],[-118.22022,39.50463],[-118.22084,39.50538],[-118.22234,39.50568],[-118.22498,39.50731],[-118.22474,39.5079],[-118.22368,39.50794],[-118.2238,39.50847],[-118.22463,39.50889],[-118.22597,39.50891],[-118.22781,39.51069],[-118.22954,39.51033],[-118.23003,39.50906],[-118.23055,39.50862],[-118.23621,39.50774],[-118.23795,39.50886],[-118.23903,39.51012],[-118.23993,39.51004],[-118.24054,39.50921],[-118.24216,39.50941],[-118.24325,39.50897],[-118.24387,39.50942],[-118.24371,39.50995],[-118.24399,39.51034],[-118.24581,39.51094],[-118.24947,39.51078],[-118.25219,39.51113],[-118.25518,39.51106],[-118.2568,39.51142],[-118.25518,39.51102],[-118.2522,39.51109],[-118.24948,39.51073],[-118.24583,39.51088],[-118.24404,39.5103],[-118.24378,39.50994],[-118.24394,39.50941],[-118.24326,39.50892],[-118.24215,39.50936],[-118.24051,39.50916],[-118.23989,39.51],[-118.23906,39.51007],[-118.238,39.50883],[-118.23628,39.5077],[-118.23696,39.50718],[-118.23805,39.5074],[-118.23859,39.50629],[-118.23977,39.50594],[-118.23993,39.50509],[-118.24112,39.50521],[-118.24207,39.50463],[-118.24111,39.50515],[-118.23988,39.50505],[-118.23971,39.50591],[-118.23853,39.50626],[-118.23801,39.50734],[-118.23694,39.50713],[-118.2354,39.50796],[-118.23462,39.50784],[-118.23052,39.50858],[-118.22996,39.50904],[-118.22949,39.5103],[-118.22811,39.51065],[-118.22755,39.51044],[-118.226,39.50886],[-118.22465,39.50884],[-118.22386,39.50843],[-118.22374,39.50797],[-118.22478,39.50795],[-118.22504,39.50729],[-118.22237,39.50564],[-118.22089,39.50534],[-118.22029,39.50462],[-118.22049,39.5039],[-118.21944,39.50332],[-118.21754,39.5031],[-118.21597,39.5033],[-118.21428,39.50279],[-118.20644,39.50339],[-118.20849,39.50271],[-118.21002,39.50174],[-118.21346,39.50158],[-118.21525,39.50031],[-118.21935,39.49944],[-118.22276,39.49929],[-118.22733,39.49748],[-118.22928,39.49891],[-118.23081,39.49961],[-118.23224,39.50149],[-118.23422,39.50256],[-118.23675,39.50277],[-118.23754,39.5035],[-118.23679,39.50272],[-118.23425,39.50251],[-118.23228,39.50145],[-118.23086,39.49957],[-118.22932,39.49886],[-118.2276,39.49748],[-118.22668,39.49746],[-118.22768,39.49631],[-118.22841,39.49596],[-118.23309,39.49552],[-118.23558,39.49597],[-118.23797,39.49775],[-118.23947,39.4982],[-118.24268,39.49844],[-118.24464,39.49813],[-118.24595,39.49755],[-118.24718,39.49783],[-118.24819,39.49873],[-118.24848,39.49953],[-118.24885,39.50361],[-118.25098,39.50576],[-118.24891,39.50359],[-118.24855,39.49952],[-118.24826,39.4987],[-118.24738,39.49796],[-118.25098,39.4983],[-118.24593,39.4975],[-118.24373,39.49831],[-118.23948,39.49814],[-118.238,39.4977],[-118.23561,39.49592],[-118.23396,39.49563],[-118.23676,39.49573],[-118.23831,39.49615],[-118.23948,39.49542],[-118.24101,39.49543],[-118.24451,39.49614],[-118.24102,39.49538],[-118.23946,39.49537],[-118.23831,39.4961],[-118.23719,39.49576],[-118.23805,39.49503],[-118.23813,39.49411],[-118.23867,39.49335],[-118.23969,39.49259],[-118.24124,39.49201],[-118.23965,39.49254],[-118.23861,39.49332],[-118.23806,39.49409],[-118.23798,39.495],[-118.23711,39.49573],[-118.2331,39.49546],[-118.22839,39.49591],[-118.22763,39.49628],[-118.22607,39.49795],[-118.22379,39.49895],[-118.21577,39.50009],[-118.21343,39.50153],[-118.21,39.50169],[-118.20846,39.50267],[-118.20492,39.50393],[-118.20003,39.50436],[-118.19798,39.50556],[-118.19457,39.50611],[-118.18324,39.50436],[-118.17398,39.50151],[-118.1719,39.50133],[-118.16786,39.50023],[-118.16229,39.4999],[-118.16068,39.49907],[-118.15924,39.49903],[-118.15592,39.49773],[-118.15475,39.4977],[-118.15306,39.49885],[-118.15106,39.50181],[-118.14981,39.50302],[-118.14873,39.50556],[-118.14634,39.50747],[-118.14388,39.50879],[-118.14171,39.51072],[-118.14242,39.50848],[-118.1446,39.50682],[-118.14569,39.50503],[-118.14765,39.50376],[-118.14877,39.50229],[-118.15225,39.49976],[-118.15303,39.49823],[-118.15537,39.49613],[-118.15617,39.49401],[-118.15796,39.49286],[-118.1592,39.49292],[-118.15971,39.49264],[-118.16138,39.49304],[-118.16411,39.49245],[-118.16744,39.49306],[-118.16901,39.49291],[-118.17119,39.49356],[-118.17248,39.49346],[-118.17407,39.49418],[-118.17651,39.49475],[-118.17846,39.49453],[-118.18044,39.4953],[-118.18495,39.49621],[-118.18731,39.49632],[-118.18899,39.4968],[-118.19239,39.49855],[-118.18902,39.49675],[-118.18733,39.49627],[-118.18496,39.49616],[-118.18047,39.49525],[-118.17847,39.49448],[-118.17619,39.49463],[-118.1725,39.49341],[-118.1712,39.49351],[-118.16903,39.49286],[-118.16745,39.49301],[-118.16412,39.4924],[-118.16138,39.49299],[-118.1597,39.49259],[-118.15857,39.49287],[-118.15856,39.4924],[-118.1593,39.49187],[-118.16118,39.49103],[-118.16525,39.49065],[-118.16904,39.49151],[-118.1735,39.49018],[-118.17595,39.49001],[-118.18047,39.49146],[-118.18308,39.49274],[-118.18477,39.49262],[-118.18622,39.49307],[-118.19145,39.49609],[-118.19463,39.49714],[-118.19673,39.49733],[-118.19871,39.49892],[-118.20193,39.49955],[-118.19874,39.49888],[-118.19675,39.49728],[-118.19465,39.49709],[-118.19148,39.49604],[-118.18625,39.49302],[-118.18478,39.49256],[-118.1831,39.49269],[-118.1805,39.49141],[-118.17597,39.48996],[-118.17348,39.49013],[-118.16903,39.49145],[-118.16555,39.49062],[-118.16259,39.49076],[-118.16473,39.48936],[-118.1695,39.48854],[-118.17417,39.48657],[-118.17783,39.48616],[-118.18331,39.48715],[-118.18383,39.48753],[-118.18419,39.48906],[-118.18491,39.48986],[-118.18834,39.49185],[-118.19243,39.49343],[-118.19524,39.49402],[-118.19762,39.49541],[-118.19999,39.49627],[-118.20375,39.49616],[-118.20736,39.49664],[-118.2095,39.49596],[-118.21032,39.49618],[-118.21102,39.4968],[-118.2138,39.49698],[-118.21453,39.49659],[-118.21565,39.49654],[-118.2145,39.49654],[-118.21379,39.49693],[-118.21104,39.49675],[-118.21036,39.49614],[-118.20955,39.49592],[-118.21136,39.49426],[-118.2123,39.49388],[-118.2125,39.49292],[-118.2163,39.49231],[-118.21246,39.49288],[-118.21224,39.49385],[-118.2113,39.49423],[-118.20915,39.49612],[-118.20797,39.49656],[-118.20376,39.49611],[-118.20001,39.49622],[-118.1979,39.49544],[-118.19865,39.49533],[-118.19937,39.49472],[-118.20033,39.4931],[-118.20106,39.49248],[-118.20204,39.48999],[-118.20431,39.48992],[-118.20199,39.48995],[-118.201,39.49245],[-118.20027,39.49308],[-118.19931,39.4947],[-118.19861,39.49529],[-118.19776,39.4954],[-118.19528,39.49397],[-118.19246,39.49338],[-118.18838,39.49181],[-118.18496,39.48983],[-118.18425,39.48904],[-118.18373,39.48734],[-118.182,39.48687],[-118.18619,39.48715],[-118.19159,39.48687],[-118.19457,39.48798],[-118.19618,39.48765],[-118.20065,39.48823],[-118.19675,39.48763],[-118.19459,39.48793],[-118.1916,39.48682],[-118.18957,39.48708],[-118.18497,39.48699],[-118.18719,39.48664],[-118.18799,39.48563],[-118.18947,39.48519],[-118.19629,39.48137],[-118.1985,39.48136],[-118.20158,39.48352],[-118.20142,39.4853],[-118.2022,39.48606],[-118.20447,39.487],[-118.20642,39.48628],[-118.20773,39.48745],[-118.20644,39.48623],[-118.20449,39.48695],[-118.20224,39.48602],[-118.20149,39.4853],[-118.20168,39.48353],[-118.19872,39.48142],[-118.20282,39.48108],[-118.20518,39.48227],[-118.20609,39.4831],[-118.20866,39.48347],[-118.2104,39.48305],[-118.21157,39.48326],[-118.2131,39.48446],[-118.21363,39.4856],[-118.21638,39.48747],[-118.21689,39.48829],[-118.21716,39.49023],[-118.21847,39.49151],[-118.22459,39.49374],[-118.21852,39.49147],[-118.21723,39.49021],[-118.21696,39.48828],[-118.21645,39.48747],[-118.22329,39.48864],[-118.22551,39.48941],[-118.2266,39.49019],[-118.22883,39.48988],[-118.23242,39.49005],[-118.23313,39.48963],[-118.23438,39.49],[-118.2356,39.48978],[-118.23375,39.48991],[-118.23313,39.48958],[-118.23242,39.49],[-118.22882,39.48983],[-118.22661,39.49013],[-118.22555,39.48936],[-118.22332,39.48859],[-118.21641,39.48742],[-118.21369,39.48556],[-118.21317,39.48448],[-118.21693,39.48375],[-118.2185,39.48388],[-118.22028,39.48486],[-118.22366,39.48483],[-118.22586,39.48614],[-118.22699,39.48621],[-118.22786,39.48732],[-118.22864,39.48698],[-118.22974,39.48704],[-118.23027,39.48784],[-118.23176,39.48817],[-118.23031,39.48779],[-118.22977,39.48699],[-118.22864,39.48693],[-118.22788,39.48727],[-118.22767,39.48665],[-118.22703,39.48617],[-118.22589,39.48609],[-118.22367,39.48478],[-118.22029,39.4848],[-118.21853,39.48383],[-118.21693,39.4837],[-118.21316,39.48442],[-118.21186,39.48338],[-118.21508,39.4821],[-118.21649,39.48202],[-118.21865,39.48347],[-118.21982,39.48359],[-118.22324,39.48167],[-118.2198,39.48354],[-118.21869,39.48342],[-118.21649,39.48197],[-118.21506,39.48205],[-118.21221,39.48329],[-118.21039,39.483],[-118.20867,39.48342],[-118.20611,39.48305],[-118.20522,39.48223],[-118.20285,39.48103],[-118.20147,39.48097],[-118.19911,39.48148],[-118.19626,39.48132],[-118.18943,39.48515],[-118.18796,39.48558],[-118.1873,39.48652],[-118.18651,39.48677],[-118.18072,39.48676],[-118.17783,39.48611],[-118.17415,39.48651],[-118.16947,39.4885],[-118.1647,39.48931],[-118.16251,39.49077],[-118.16116,39.49098],[-118.15926,39.49183],[-118.1585,39.49238],[-118.1585,39.49286],[-118.15762,39.49293],[-118.15738,39.49004],[-118.15696,39.48902],[-118.15895,39.48826],[-118.16172,39.48671],[-118.16332,39.48533],[-118.16665,39.4837],[-118.17363,39.48439],[-118.17589,39.48387],[-118.17899,39.48388],[-118.18621,39.48156],[-118.18761,39.48154],[-118.18994,39.48069],[-118.19212,39.4804],[-118.19586,39.47886],[-118.19862,39.4786],[-118.20121,39.47982],[-118.20348,39.48022],[-118.20504,39.47965],[-118.2062,39.47824],[-118.20724,39.47751],[-118.20846,39.47741],[-118.21031,39.47818],[-118.20848,39.47736],[-118.20722,39.47746],[-118.20453,39.47992],[-118.20314,39.48018],[-118.20124,39.47977],[-118.19863,39.47855],[-118.19652,39.47884],[-118.194,39.47833],[-118.18843,39.47825],[-118.18667,39.47872],[-118.18387,39.47797],[-118.18,39.47779],[-118.1778,39.4771],[-118.17536,39.47687],[-118.17095,39.47882],[-118.1684,39.47905],[-118.16466,39.4806],[-118.16096,39.4813],[-118.15721,39.48067],[-118.15724,39.4794],[-118.16172,39.47594],[-118.16549,39.47403],[-118.16734,39.47343],[-118.17166,39.47314],[-118.17521,39.47212],[-118.17839,39.47241],[-118.1857,39.47199],[-118.18909,39.47107],[-118.19493,39.47146],[-118.2026,39.47353],[-118.20785,39.47357],[-118.21133,39.47451],[-118.21383,39.47474],[-118.21585,39.47561],[-118.21983,39.4761],[-118.22147,39.47667],[-118.22501,39.47896],[-118.22705,39.47981],[-118.22728,39.48058],[-118.22843,39.4816],[-118.22866,39.48242],[-118.23005,39.48392],[-118.23079,39.48437],[-118.23197,39.48445],[-118.23191,39.48619],[-118.23346,39.48751],[-118.23507,39.48766],[-118.23349,39.48746],[-118.23214,39.48635],[-118.23203,39.48442],[-118.23082,39.48432],[-118.23011,39.48388],[-118.22873,39.48239],[-118.22849,39.48157],[-118.22734,39.48056],[-118.22712,39.47983],[-118.22909,39.48059],[-118.23064,39.4802],[-118.23292,39.48041],[-118.24007,39.48392],[-118.2405,39.48424],[-118.2406,39.48495],[-118.24147,39.48535],[-118.24151,39.4859],[-118.24253,39.48637],[-118.2436,39.48816],[-118.24319,39.48898],[-118.24321,39.49032],[-118.24398,39.49166],[-118.24332,39.49225],[-118.24347,39.49365],[-118.24376,39.49388],[-118.24664,39.49424],[-118.24726,39.49405],[-118.2487,39.49454],[-118.24728,39.49399],[-118.24664,39.49418],[-118.24354,39.49363],[-118.24339,39.49226],[-118.24405,39.49166],[-118.24329,39.49032],[-118.24326,39.48899],[-118.24367,39.48816],[-118.24259,39.48634],[-118.24165,39.48594],[-118.24153,39.48532],[-118.24066,39.48492],[-118.24057,39.48426],[-118.24395,39.48509],[-118.24922,39.48822],[-118.25117,39.48861],[-118.253,39.49012],[-118.25534,39.49044],[-118.25589,39.49241],[-118.25699,39.49317],[-118.25841,39.49286],[-118.26015,39.49318],[-118.2609,39.49241],[-118.26165,39.49218],[-118.26232,39.49249],[-118.26203,39.49312],[-118.26276,39.49355],[-118.26493,39.49382],[-118.26842,39.49297],[-118.27033,39.4936],[-118.27258,39.49563],[-118.27321,39.49658],[-118.27323,39.49686],[-118.27179,39.49787],[-118.27202,39.49859],[-118.274,39.50089],[-118.27478,39.50241],[-118.27713,39.50501],[-118.2772,39.50615],[-118.27697,39.50733],[-118.27631,39.50838],[-118.27609,39.5103],[-118.27657,39.51194],[-118.27763,39.51262],[-118.27797,39.5137],[-118.27726,39.51468],[-118.27774,39.51599],[-118.2787,39.51752],[-118.27983,39.51809],[-118.27873,39.5175],[-118.27778,39.51597],[-118.27731,39.51468],[-118.27801,39.5137],[-118.27767,39.5126],[-118.27661,39.51192],[-118.27614,39.5103],[-118.27636,39.50839],[-118.27701,39.50734],[-118.27725,39.50616],[-118.27718,39.505],[-118.27482,39.50239],[-118.27404,39.50087],[-118.27206,39.49858],[-118.27183,39.49789],[-118.27331,39.49681],[-118.27266,39.49565],[-118.27128,39.49426],[-118.27036,39.49357],[-118.2686,39.49294],[-118.26493,39.49378],[-118.26278,39.49351],[-118.26207,39.49311],[-118.26237,39.49248],[-118.26165,39.49215],[-118.26087,39.49238],[-118.26014,39.49315],[-118.25841,39.49283],[-118.25701,39.49314],[-118.25593,39.4924],[-118.25537,39.49041],[-118.25303,39.49009],[-118.25119,39.48858],[-118.24926,39.48817],[-118.24647,39.48635],[-118.24295,39.48473],[-118.24394,39.4849],[-118.24435,39.48437],[-118.24474,39.4844],[-118.24759,39.48495],[-118.24821,39.48537],[-118.25098,39.48554],[-118.25165,39.48512],[-118.25324,39.48559],[-118.25375,39.48599],[-118.25379,39.48666],[-118.25664,39.488],[-118.25995,39.48785],[-118.25667,39.48797],[-118.25383,39.48663],[-118.25379,39.48597],[-118.2528,39.4854],[-118.25166,39.48508],[-118.25105,39.4855],[-118.24822,39.48532],[-118.24762,39.4849],[-118.24475,39.48434],[-118.24431,39.48432],[-118.24392,39.48485],[-118.2412,39.4845],[-118.23797,39.48261],[-118.23294,39.48036],[-118.23098,39.48013],[-118.2291,39.48054],[-118.22592,39.47934],[-118.2215,39.47663],[-118.21985,39.47604],[-118.21587,39.47556],[-118.21385,39.47469],[-118.21135,39.47446],[-118.20787,39.47352],[-118.20261,39.47348],[-118.19494,39.47141],[-118.19011,39.471],[-118.18865,39.47105],[-118.18568,39.47193],[-118.17838,39.47235],[-118.17741,39.47206],[-118.17521,39.47207],[-118.17164,39.47309],[-118.16731,39.47337],[-118.16546,39.47398],[-118.16169,39.47589],[-118.16005,39.47699],[-118.15867,39.47846],[-118.15779,39.47887],[-118.15984,39.47605],[-118.16214,39.47404],[-118.16364,39.47207],[-118.16518,39.47098],[-118.16625,39.46961],[-118.16742,39.46908],[-118.16831,39.46797],[-118.17147,39.46772],[-118.17293,39.46699],[-118.17586,39.46696],[-118.18072,39.46619],[-118.1841,39.46684],[-118.18829,39.46664],[-118.1916,39.46744],[-118.19564,39.4672],[-118.19798,39.46746],[-118.20012,39.46951],[-118.20126,39.47018],[-118.20368,39.4703],[-118.20755,39.47162],[-118.20887,39.47138],[-118.21122,39.47267],[-118.21318,39.47312],[-118.21445,39.47413],[-118.2161,39.47414],[-118.21734,39.47454],[-118.21842,39.47411],[-118.21733,39.47448],[-118.21611,39.47408],[-118.21447,39.47407],[-118.21322,39.47307],[-118.21125,39.47262],[-118.2089,39.47133],[-118.20755,39.47156],[-118.2037,39.47025],[-118.20129,39.47013],[-118.20017,39.46948],[-118.19879,39.46822],[-118.19869,39.4678],[-118.19811,39.46755],[-118.20057,39.46757],[-118.20294,39.46849],[-118.20499,39.46973],[-118.20934,39.47104],[-118.21032,39.47185],[-118.21222,39.47207],[-118.21418,39.47175],[-118.21222,39.47202],[-118.21001,39.4717],[-118.20938,39.471],[-118.20503,39.46968],[-118.20298,39.46844],[-118.20013,39.46738],[-118.20321,39.46752],[-118.20484,39.46721],[-118.20648,39.46759],[-118.20766,39.46878],[-118.21097,39.46885],[-118.21168,39.46948],[-118.21174,39.47006],[-118.21247,39.47037],[-118.2129,39.47095],[-118.21483,39.47125],[-118.21295,39.47091],[-118.21253,39.47034],[-118.2118,39.47003],[-118.21175,39.46946],[-118.211,39.46881],[-118.20769,39.46873],[-118.20651,39.46755],[-118.20502,39.46727],[-118.20674,39.46676],[-118.20875,39.46539],[-118.21092,39.46507],[-118.21385,39.46543],[-118.21727,39.4667],[-118.21805,39.46775],[-118.22035,39.46724],[-118.22145,39.46744],[-118.22268,39.46859],[-118.22272,39.47065],[-118.22338,39.47115],[-118.22455,39.47322],[-118.22469,39.47436],[-118.22693,39.47584],[-118.23212,39.47677],[-118.23612,39.47888],[-118.23733,39.47901],[-118.23814,39.47951],[-118.23736,39.47896],[-118.23615,39.47883],[-118.23214,39.47672],[-118.2267,39.47567],[-118.22476,39.47434],[-118.22462,39.47321],[-118.2238,39.47185],[-118.22701,39.47214],[-118.22996,39.47308],[-118.23418,39.47559],[-118.23737,39.47632],[-118.23905,39.47797],[-118.23968,39.47819],[-118.242,39.47789],[-118.24358,39.47682],[-118.24422,39.47683],[-118.24552,39.47862],[-118.24652,39.47941],[-118.24664,39.48019],[-118.2477,39.48126],[-118.24846,39.48158],[-118.25049,39.48178],[-118.25254,39.48083],[-118.25398,39.48132],[-118.25559,39.48132],[-118.25649,39.48185],[-118.25771,39.48201],[-118.25927,39.48179],[-118.26057,39.48099],[-118.26105,39.48103],[-118.26164,39.48153],[-118.26368,39.4818],[-118.26416,39.48289],[-118.26497,39.48361],[-118.26813,39.48445],[-118.265,39.48358],[-118.26356,39.4817],[-118.26166,39.4815],[-118.2606,39.48095],[-118.26124,39.48024],[-118.26493,39.47902],[-118.26582,39.47928],[-118.26644,39.47994],[-118.26766,39.48017],[-118.26716,39.47984],[-118.26646,39.47991],[-118.26523,39.47901],[-118.26122,39.48021],[-118.26023,39.48126],[-118.25874,39.48188],[-118.25695,39.48195],[-118.2556,39.48128],[-118.25399,39.48129],[-118.25254,39.4808],[-118.25048,39.48173],[-118.24849,39.48153],[-118.24775,39.48122],[-118.24671,39.48017],[-118.24658,39.47938],[-118.24558,39.47859],[-118.24426,39.47678],[-118.24355,39.47677],[-118.24197,39.47784],[-118.2397,39.47814],[-118.2391,39.47793],[-118.23741,39.47628],[-118.23422,39.47554],[-118.23123,39.47374],[-118.23379,39.47448],[-118.23738,39.47439],[-118.23903,39.47471],[-118.23967,39.47517],[-118.24174,39.47521],[-118.24233,39.47562],[-118.24316,39.47529],[-118.24414,39.47606],[-118.24488,39.47559],[-118.24583,39.47602],[-118.24744,39.47544],[-118.24887,39.47541],[-118.24742,39.47538],[-118.24584,39.47596],[-118.24485,39.47554],[-118.24416,39.476],[-118.24318,39.47524],[-118.24235,39.47557],[-118.24177,39.47516],[-118.2397,39.47512],[-118.23906,39.47466],[-118.2374,39.47434],[-118.2338,39.47442],[-118.23246,39.47409],[-118.22736,39.47215],[-118.2238,39.4718],[-118.22279,39.47063],[-118.22272,39.46864],[-118.22499,39.46883],[-118.22732,39.46824],[-118.22972,39.46833],[-118.23121,39.46911],[-118.2352,39.47],[-118.23829,39.4723],[-118.24158,39.47402],[-118.24412,39.47379],[-118.24428,39.47337],[-118.24552,39.47269],[-118.24865,39.47299],[-118.25145,39.47258],[-118.252,39.47293],[-118.25224,39.47359],[-118.25315,39.47392],[-118.25365,39.47471],[-118.25903,39.47457],[-118.25964,39.47517],[-118.26044,39.47507],[-118.26105,39.47547],[-118.2623,39.47532],[-118.26313,39.47582],[-118.26534,39.47583],[-118.26314,39.47579],[-118.26231,39.47528],[-118.26106,39.47544],[-118.26045,39.47504],[-118.25967,39.47514],[-118.25903,39.47454],[-118.25578,39.47462],[-118.25606,39.4739],[-118.25773,39.47329],[-118.26027,39.47357],[-118.26161,39.47334],[-118.26266,39.4741],[-118.26398,39.47391],[-118.26522,39.47423],[-118.26398,39.47388],[-118.26268,39.47407],[-118.26162,39.47331],[-118.26026,39.47353],[-118.25824,39.47327],[-118.25955,39.47255],[-118.26311,39.47252],[-118.25926,39.47257],[-118.25819,39.47324],[-118.25687,39.47337],[-118.25596,39.47393],[-118.25536,39.4748],[-118.25357,39.47464],[-118.25319,39.4739],[-118.25228,39.47357],[-118.25204,39.47291],[-118.25145,39.47255],[-118.24864,39.47294],[-118.2455,39.47264],[-118.24422,39.47333],[-118.24408,39.47374],[-118.2416,39.47396],[-118.23833,39.47226],[-118.23661,39.47073],[-118.23418,39.4696],[-118.23124,39.46906],[-118.2295,39.46822],[-118.2273,39.46818],[-118.22499,39.46878],[-118.22266,39.4685],[-118.22102,39.46725],[-118.21807,39.4677],[-118.2173,39.46666],[-118.21403,39.46545],[-118.21703,39.4663],[-118.2182,39.46632],[-118.21953,39.46575],[-118.22385,39.4659],[-118.22695,39.46696],[-118.23326,39.46702],[-118.23565,39.4665],[-118.2374,39.46647],[-118.23784,39.46653],[-118.23905,39.46771],[-118.24308,39.46865],[-118.24458,39.46866],[-118.24457,39.46913],[-118.24488,39.46928],[-118.24615,39.46947],[-118.24725,39.46912],[-118.2482,39.4699],[-118.24947,39.46997],[-118.25098,39.46963],[-118.24847,39.46992],[-118.24727,39.46907],[-118.24614,39.46941],[-118.24474,39.4692],[-118.24461,39.4686],[-118.24133,39.46826],[-118.23875,39.4674],[-118.23964,39.4668],[-118.24168,39.46637],[-118.24254,39.4657],[-118.24394,39.4653],[-118.24451,39.4658],[-118.24877,39.46494],[-118.24931,39.46525],[-118.24954,39.46584],[-118.25098,39.4664],[-118.24958,39.4658],[-118.24937,39.46522],[-118.24879,39.46488],[-118.24451,39.46575],[-118.24429,39.46537],[-118.24354,39.46528],[-118.24165,39.46632],[-118.2396,39.46675],[-118.23898,39.46728],[-118.23839,39.46711],[-118.23791,39.46651],[-118.23888,39.46601],[-118.23908,39.46502],[-118.24052,39.46498],[-118.24173,39.46427],[-118.24225,39.46444],[-118.24445,39.46305],[-118.24632,39.46295],[-118.24829,39.46396],[-118.24874,39.4635],[-118.24941,39.46342],[-118.2487,39.46345],[-118.24829,39.4639],[-118.24636,39.4629],[-118.24499,39.46286],[-118.24336,39.46353],[-118.24222,39.46439],[-118.24172,39.46421],[-118.24049,39.46493],[-118.23904,39.46498],[-118.23881,39.46599],[-118.23785,39.46648],[-118.23564,39.46644],[-118.23369,39.46694],[-118.22661,39.46688],[-118.22344,39.46586],[-118.22638,39.46579],[-118.22717,39.46551],[-118.22809,39.46448],[-118.22997,39.4645],[-118.23265,39.46345],[-118.235,39.46364],[-118.23581,39.46329],[-118.23612,39.46269],[-118.23688,39.46222],[-118.23497,39.46359],[-118.23263,39.4634],[-118.22995,39.46445],[-118.22807,39.46443],[-118.22713,39.46547],[-118.22636,39.46574],[-118.22358,39.46578],[-118.22476,39.46426],[-118.22586,39.46352],[-118.22561,39.46285],[-118.22717,39.46171],[-118.22779,39.46146],[-118.22849,39.46168],[-118.23121,39.45987],[-118.23251,39.46029],[-118.23354,39.4598],[-118.23238,39.46024],[-118.2314,39.45976],[-118.23004,39.46038],[-118.22925,39.46124],[-118.22846,39.46163],[-118.22753,39.46143],[-118.22575,39.46267],[-118.22554,39.46288],[-118.22579,39.46349],[-118.2247,39.46423],[-118.22344,39.4658],[-118.21952,39.4657],[-118.21818,39.46627],[-118.21676,39.46623],[-118.21289,39.46494],[-118.20905,39.46296],[-118.20429,39.4595],[-118.20683,39.46085],[-118.20927,39.46125],[-118.21095,39.46118],[-118.20655,39.4607],[-118.20281,39.45891],[-118.20149,39.45777],[-118.20476,39.4592],[-118.20685,39.45966],[-118.20968,39.4592],[-118.21119,39.4595],[-118.21319,39.45932],[-118.2144,39.45967],[-118.21686,39.45906],[-118.21821,39.45957],[-118.21944,39.45894],[-118.21821,39.45951],[-118.21687,39.459],[-118.21441,39.45961],[-118.2132,39.45927],[-118.2112,39.45945],[-118.20968,39.45915],[-118.20687,39.45961],[-118.20479,39.45916],[-118.20246,39.45793],[-118.20411,39.45792],[-118.20614,39.45864],[-118.20851,39.4584],[-118.20917,39.45799],[-118.21142,39.45831],[-118.21449,39.45777],[-118.21702,39.45681],[-118.21978,39.45791],[-118.22047,39.45761],[-118.21981,39.45785],[-118.21701,39.45675],[-118.21446,39.45772],[-118.21141,39.45826],[-118.20917,39.45794],[-118.20848,39.45835],[-118.20615,39.45859],[-118.20319,39.45777],[-118.20485,39.45753],[-118.20749,39.45657],[-118.20979,39.45671],[-118.213,39.45639],[-118.21198,39.45629],[-118.20978,39.45665],[-118.20747,39.45651],[-118.20483,39.45748],[-118.20231,39.45791],[-118.19882,39.45734],[-118.20219,39.45633],[-118.20527,39.45493],[-118.21119,39.4557],[-118.21301,39.45552],[-118.21395,39.45591],[-118.21593,39.45606],[-118.21884,39.45599],[-118.22161,39.45492],[-118.21881,39.45594],[-118.21593,39.45601],[-118.21397,39.45586],[-118.21302,39.45547],[-118.21119,39.45564],[-118.20526,39.45488],[-118.19957,39.45709],[-118.1974,39.4573],[-118.19991,39.45528],[-118.20511,39.45315],[-118.21149,39.44972],[-118.21477,39.44913],[-118.21771,39.44904],[-118.22533,39.45203],[-118.22843,39.45208],[-118.22859,39.45376],[-118.2294,39.45465],[-118.22997,39.45662],[-118.23047,39.45744],[-118.23161,39.45814],[-118.2343,39.45756],[-118.23492,39.4581],[-118.23612,39.4582],[-118.23669,39.45888],[-118.24001,39.46037],[-118.23673,39.45884],[-118.23616,39.45816],[-118.23495,39.45805],[-118.23433,39.45751],[-118.23163,39.45809],[-118.23053,39.45741],[-118.22947,39.45463],[-118.22865,39.45374],[-118.2285,39.45209],[-118.23324,39.45246],[-118.23752,39.45539],[-118.24134,39.45632],[-118.2462,39.45803],[-118.24984,39.46066],[-118.25214,39.4607],[-118.25405,39.46017],[-118.25684,39.46042],[-118.25727,39.46187],[-118.25651,39.46201],[-118.2562,39.4626],[-118.25664,39.46289],[-118.25755,39.46265],[-118.25813,39.46315],[-118.25819,39.4639],[-118.25871,39.46427],[-118.25816,39.46485],[-118.25777,39.46677],[-118.25845,39.46718],[-118.25971,39.46721],[-118.26066,39.46778],[-118.25973,39.46717],[-118.25847,39.46714],[-118.25782,39.46676],[-118.2582,39.46486],[-118.25876,39.46426],[-118.25757,39.46262],[-118.25665,39.46285],[-118.25624,39.46258],[-118.25654,39.46204],[-118.25731,39.46188],[-118.25703,39.46052],[-118.25891,39.46051],[-118.26002,39.46171],[-118.2598,39.46326],[-118.26126,39.46331],[-118.26334,39.46475],[-118.26279,39.46409],[-118.26128,39.46328],[-118.25984,39.46323],[-118.26007,39.4617],[-118.25894,39.46048],[-118.25405,39.46013],[-118.25213,39.46067],[-118.25004,39.46065],[-118.24895,39.46013],[-118.2478,39.45894],[-118.24623,39.45798],[-118.24143,39.45629],[-118.24299,39.45566],[-118.24556,39.45602],[-118.24757,39.45536],[-118.24853,39.45543],[-118.25031,39.45381],[-118.25098,39.4524],[-118.25026,39.45378],[-118.2485,39.45538],[-118.24755,39.45531],[-118.24555,39.45597],[-118.24298,39.45561],[-118.24135,39.45626],[-118.23756,39.45535],[-118.2341,39.45285],[-118.2328,39.45229],[-118.2357,39.45191],[-118.23673,39.45085],[-118.2384,39.45122],[-118.23923,39.45063],[-118.23936,39.45002],[-118.24144,39.44929],[-118.24258,39.44745],[-118.24138,39.44926],[-118.2393,39.44998],[-118.23917,39.4506],[-118.23837,39.45118],[-118.23671,39.4508],[-118.23567,39.45186],[-118.23265,39.45225],[-118.22814,39.45199],[-118.22936,39.45144],[-118.23004,39.45051],[-118.23038,39.44753],[-118.23126,39.44689],[-118.23142,39.44584],[-118.2332,39.44539],[-118.23173,39.44559],[-118.23118,39.44624],[-118.23119,39.44687],[-118.23038,39.44732],[-118.22999,39.45041],[-118.22958,39.45111],[-118.22805,39.45198],[-118.22577,39.45209],[-118.21773,39.44899],[-118.21437,39.44914],[-118.21237,39.44873],[-118.21078,39.44773],[-118.21008,39.44643],[-118.2089,39.44603],[-118.21255,39.44545],[-118.21628,39.44416],[-118.21762,39.44464],[-118.21956,39.44462],[-118.22198,39.44569],[-118.2229,39.44565],[-118.22376,39.44617],[-118.22446,39.44603],[-118.225,39.4467],[-118.22591,39.44681],[-118.22491,39.44658],[-118.22449,39.44598],[-118.22377,39.44612],[-118.22292,39.4456],[-118.22199,39.44563],[-118.21959,39.44457],[-118.21763,39.44458],[-118.2161,39.44412],[-118.21253,39.4454],[-118.2109,39.44546],[-118.20874,39.44602],[-118.20698,39.4451],[-118.20186,39.44405],[-118.19659,39.44332],[-118.19258,39.44337],[-118.19572,39.44199],[-118.19756,39.44247],[-118.2,39.44213],[-118.20226,39.44302],[-118.20646,39.4429],[-118.20745,39.44361],[-118.21014,39.44416],[-118.21102,39.44392],[-118.21186,39.44315],[-118.21391,39.4431],[-118.21463,39.44347],[-118.2176,39.44286],[-118.21952,39.44308],[-118.22024,39.44347],[-118.22329,39.44348],[-118.22465,39.44466],[-118.22537,39.44453],[-118.22467,39.44461],[-118.22331,39.44343],[-118.22025,39.44342],[-118.21955,39.44303],[-118.2176,39.44281],[-118.21463,39.44342],[-118.21392,39.44305],[-118.21184,39.4431],[-118.21098,39.44387],[-118.21014,39.44411],[-118.20748,39.44356],[-118.20649,39.44285],[-118.20228,39.44296],[-118.20006,39.4421],[-118.20251,39.44189],[-118.20333,39.44226],[-118.2048,39.44178],[-118.20673,39.44238],[-118.21083,39.44067],[-118.21608,39.44148],[-118.21838,39.44032],[-118.21948,39.44077],[-118.21853,39.44024],[-118.21635,39.44143],[-118.21081,39.44062],[-118.20672,39.44232],[-118.20481,39.44172],[-118.20332,39.44221],[-118.2025,39.44184],[-118.19756,39.44241],[-118.19582,39.44195],[-118.19762,39.44053],[-118.20153,39.44066],[-118.20692,39.43988],[-118.21015,39.43979],[-118.21576,39.43641],[-118.21708,39.43633],[-118.22108,39.43454],[-118.22248,39.43454],[-118.2235,39.43526],[-118.2232,39.43649],[-118.22337,39.43746],[-118.22567,39.43768],[-118.22641,39.43839],[-118.22628,39.43916],[-118.22784,39.4396],[-118.22634,39.43913],[-118.22648,39.43838],[-118.2257,39.43763],[-118.22343,39.43742],[-118.22327,39.43649],[-118.22357,39.43525],[-118.22256,39.43453],[-118.22729,39.43387],[-118.22867,39.43442],[-118.2304,39.43459],[-118.23241,39.43604],[-118.23242,39.43649],[-118.23135,39.43709],[-118.23171,39.43758],[-118.23099,39.43836],[-118.23237,39.43977],[-118.23188,39.44055],[-118.23253,39.4413],[-118.23253,39.44202],[-118.23464,39.4429],[-118.23641,39.44251],[-118.23743,39.44333],[-118.23819,39.44336],[-118.23747,39.44328],[-118.23643,39.44245],[-118.23465,39.44285],[-118.23259,39.44199],[-118.2326,39.44128],[-118.23195,39.44055],[-118.23244,39.43976],[-118.23106,39.43837],[-118.23178,39.4376],[-118.23141,39.43711],[-118.23248,39.43652],[-118.23252,39.43615],[-118.23137,39.43509],[-118.22665,39.43327],[-118.22226,39.43281],[-118.22092,39.43207],[-118.22398,39.43275],[-118.22683,39.43296],[-118.22847,39.43218],[-118.23084,39.43185],[-118.23181,39.43126],[-118.23455,39.43291],[-118.23647,39.43333],[-118.23861,39.43308],[-118.23647,39.43328],[-118.23457,39.43286],[-118.23181,39.43121],[-118.2308,39.4318],[-118.22845,39.43213],[-118.22682,39.43291],[-118.224,39.4327],[-118.2218,39.43206],[-118.21826,39.43184],[-118.21621,39.43042],[-118.21458,39.42981],[-118.2152,39.42963],[-118.21642,39.43002],[-118.21813,39.42986],[-118.21947,39.4301],[-118.22027,39.42944],[-118.22112,39.42925],[-118.22201,39.42834],[-118.22509,39.42715],[-118.22827,39.4278],[-118.23042,39.42716],[-118.2312,39.42788],[-118.23285,39.42828],[-118.23124,39.42783],[-118.23045,39.42711],[-118.22826,39.42774],[-118.22449,39.42718],[-118.22197,39.4283],[-118.22107,39.42921],[-118.22023,39.4294],[-118.21944,39.43005],[-118.21813,39.42981],[-118.21643,39.42997],[-118.2152,39.42957],[-118.2109,39.43099],[-118.20805,39.43269],[-118.20657,39.43292],[-118.20382,39.43441],[-118.20072,39.43751],[-118.19908,39.4397],[-118.19731,39.44061],[-118.19628,39.44171],[-118.19273,39.44318],[-118.18663,39.44716],[-118.18376,39.44795],[-118.18058,39.44985],[-118.17745,39.45123],[-118.17657,39.4511],[-118.17193,39.45236],[-118.16923,39.4524],[-118.16599,39.45311],[-118.16512,39.45378],[-118.1638,39.45416],[-118.16244,39.45558],[-118.16115,39.456],[-118.16056,39.45676],[-118.15822,39.45838],[-118.15758,39.45937],[-118.1561,39.45977],[-118.15324,39.46153],[-118.15313,39.46032],[-118.15255,39.45968],[-118.15364,39.45879],[-118.15339,39.45847],[-118.1535,39.45649],[-118.15443,39.45603],[-118.15591,39.45436],[-118.15438,39.45599],[-118.15343,39.45646],[-118.15348,39.45775],[-118.15318,39.45835],[-118.15187,39.45575],[-118.15235,39.45418],[-118.15187,39.45253],[-118.15257,39.45173],[-118.15258,39.45021],[-118.15364,39.44937],[-118.15407,39.44862],[-118.15338,39.44572],[-118.15524,39.44518],[-118.15655,39.44386],[-118.16108,39.44328],[-118.16285,39.44175],[-118.16475,39.44157],[-118.16623,39.44211],[-118.1684,39.44236],[-118.16952,39.44188],[-118.17244,39.44196],[-118.17309,39.44129],[-118.1741,39.44093],[-118.17454,39.44031],[-118.17792,39.4391],[-118.18015,39.43754],[-118.17789,39.43905],[-118.1745,39.44026],[-118.17405,39.4409],[-118.17305,39.44124],[-118.17242,39.44191],[-118.1695,39.44183],[-118.1684,39.44231],[-118.16377,39.44154],[-118.16267,39.44174],[-118.16166,39.44288],[-118.1609,39.4432],[-118.16229,39.44125],[-118.16276,39.43985],[-118.16434,39.43878],[-118.16607,39.43645],[-118.16937,39.43579],[-118.16978,39.43534],[-118.17256,39.43495],[-118.1743,39.43481],[-118.17595,39.43529],[-118.17894,39.43413],[-118.18129,39.43433],[-118.18552,39.43413],[-118.17892,39.43408],[-118.17593,39.43524],[-118.17431,39.43475],[-118.17254,39.4349],[-118.16976,39.43529],[-118.16934,39.43574],[-118.16609,39.4364],[-118.16814,39.43506],[-118.16897,39.43485],[-118.17,39.4335],[-118.17291,39.43258],[-118.1742,39.43245],[-118.17499,39.43303],[-118.17604,39.43251],[-118.17749,39.43287],[-118.17938,39.43246],[-118.18252,39.4305],[-118.18628,39.42977],[-118.18706,39.42918],[-118.18772,39.42913],[-118.18839,39.42845],[-118.18954,39.42822],[-118.19205,39.42856],[-118.19334,39.4282],[-118.19398,39.42855],[-118.19709,39.42897],[-118.19914,39.42884],[-118.20106,39.42862],[-118.20208,39.42806],[-118.20281,39.42812],[-118.20596,39.42722],[-118.20844,39.42591],[-118.21493,39.42543],[-118.20843,39.42586],[-118.20592,39.42717],[-118.20281,39.42806],[-118.20205,39.42801],[-118.20103,39.42857],[-118.19913,39.42879],[-118.1971,39.42891],[-118.194,39.4285],[-118.19336,39.42815],[-118.19205,39.4285],[-118.18952,39.42816],[-118.18835,39.4284],[-118.18768,39.42909],[-118.18703,39.42913],[-118.18625,39.42972],[-118.18249,39.43045],[-118.17935,39.43241],[-118.17749,39.43281],[-118.17603,39.43246],[-118.175,39.43298],[-118.17426,39.43242],[-118.1752,39.43158],[-118.17695,39.43157],[-118.18204,39.42929],[-118.18393,39.42943],[-118.18458,39.42852],[-118.18578,39.42847],[-118.18701,39.42771],[-118.18888,39.42774],[-118.19149,39.42648],[-118.19277,39.4252],[-118.20282,39.42349],[-118.19814,39.42412],[-118.19273,39.42515],[-118.19145,39.42644],[-118.18885,39.42769],[-118.18699,39.42766],[-118.18575,39.42842],[-118.18454,39.42848],[-118.18391,39.42938],[-118.18201,39.42924],[-118.17692,39.43153],[-118.17517,39.43153],[-118.17393,39.4325],[-118.17289,39.43253],[-118.16996,39.43345],[-118.16893,39.43481],[-118.16628,39.43614],[-118.16553,39.43727],[-118.1647,39.43786],[-118.16428,39.43875],[-118.1627,39.43982],[-118.16222,39.44123],[-118.16083,39.44318],[-118.15651,39.44381],[-118.1552,39.44514],[-118.15321,39.4458],[-118.154,39.44861],[-118.15358,39.44934],[-118.1526,39.45003],[-118.15252,39.45045],[-118.15236,39.44996],[-118.153,39.44695],[-118.15277,39.44465],[-118.15498,39.4424],[-118.15455,39.44249],[-118.15454,39.44286],[-118.15369,39.44351],[-118.15418,39.44163],[-118.15387,39.44111],[-118.15408,39.43928],[-118.15343,39.4372],[-118.1532,39.43342],[-118.1535,39.43296],[-118.15452,39.43251],[-118.15484,39.4299],[-118.15575,39.42943],[-118.15756,39.42715],[-118.15876,39.42668],[-118.16099,39.42651],[-118.16271,39.42521],[-118.16471,39.42498],[-118.16598,39.42611],[-118.16751,39.42681],[-118.16987,39.42617],[-118.17092,39.4269],[-118.17104,39.42763],[-118.17159,39.42808],[-118.17324,39.42784],[-118.17416,39.42821],[-118.17663,39.42843],[-118.17704,39.42894],[-118.17764,39.4291],[-118.17925,39.42912],[-118.18022,39.42885],[-118.18071,39.42804],[-118.18279,39.42696],[-118.18441,39.42487],[-118.18494,39.42506],[-118.18698,39.42367],[-118.18875,39.42327],[-118.18695,39.42362],[-118.18492,39.42501],[-118.18437,39.42482],[-118.18341,39.42637],[-118.18066,39.428],[-118.18018,39.4288],[-118.17766,39.42905],[-118.17666,39.42838],[-118.17418,39.42816],[-118.17326,39.42779],[-118.17162,39.42803],[-118.1711,39.42761],[-118.17096,39.42694],[-118.17289,39.42673],[-118.17486,39.42713],[-118.1769,39.42653],[-118.17926,39.42674],[-118.18154,39.42578],[-118.17959,39.42664],[-118.17688,39.42648],[-118.17485,39.42707],[-118.17289,39.42667],[-118.17125,39.42693],[-118.16965,39.42607],[-118.16771,39.42678],[-118.16602,39.42607],[-118.16477,39.42495],[-118.16827,39.42161],[-118.16852,39.42083],[-118.16968,39.42038],[-118.17431,39.42093],[-118.17537,39.4218],[-118.17707,39.42212],[-118.17894,39.42314],[-118.18053,39.42288],[-118.18173,39.42192],[-118.1838,39.42251],[-118.1854,39.42209],[-118.18651,39.4222],[-118.18749,39.42177],[-118.19126,39.42165],[-118.19162,39.42121],[-118.19484,39.42204],[-118.19541,39.42175],[-118.19559,39.42121],[-118.19771,39.42103],[-118.19949,39.42155],[-118.20173,39.42125],[-118.20283,39.42178],[-118.20476,39.42151],[-118.20685,39.42246],[-118.21072,39.42204],[-118.21325,39.42241],[-118.2148,39.42209],[-118.21688,39.42244],[-118.21902,39.42237],[-118.2148,39.42204],[-118.21325,39.42235],[-118.21072,39.42199],[-118.20686,39.42241],[-118.20477,39.42146],[-118.20284,39.42172],[-118.20173,39.42119],[-118.19951,39.4215],[-118.19772,39.42098],[-118.19557,39.42116],[-118.19535,39.42172],[-118.19484,39.42198],[-118.19163,39.42116],[-118.19124,39.4216],[-118.18748,39.42171],[-118.18649,39.42215],[-118.1854,39.42204],[-118.18381,39.42246],[-118.18298,39.42241],[-118.18207,39.42192],[-118.18291,39.42189],[-118.18662,39.42054],[-118.18775,39.42061],[-118.19014,39.41973],[-118.1916,39.42011],[-118.19259,39.41998],[-118.19434,39.41897],[-118.19861,39.41909],[-118.19992,39.41959],[-118.19862,39.41904],[-118.19496,39.41885],[-118.19257,39.41992],[-118.19159,39.42005],[-118.19012,39.41968],[-118.18773,39.42055],[-118.1866,39.42049],[-118.18289,39.42184],[-118.1817,39.42186],[-118.1805,39.42283],[-118.17874,39.42308],[-118.17711,39.42207],[-118.17541,39.42176],[-118.17433,39.42088],[-118.1709,39.4203],[-118.16881,39.42046],[-118.17086,39.41941],[-118.17241,39.41928],[-118.17438,39.41989],[-118.17552,39.41946],[-118.17731,39.41939],[-118.17833,39.41843],[-118.17945,39.41833],[-118.18274,39.41704],[-118.18467,39.41748],[-118.18954,39.41771],[-118.19102,39.41825],[-118.18955,39.41766],[-118.18467,39.41742],[-118.18272,39.41699],[-118.17942,39.41828],[-118.17829,39.41838],[-118.17729,39.41934],[-118.1755,39.41941],[-118.17438,39.41984],[-118.17243,39.41923],[-118.17083,39.41936],[-118.16915,39.42008],[-118.16774,39.42115],[-118.16758,39.42198],[-118.1647,39.42492],[-118.16269,39.42516],[-118.16101,39.42644],[-118.1603,39.42662],[-118.15659,39.42646],[-118.15596,39.42791],[-118.15512,39.4287],[-118.15445,39.43249],[-118.15345,39.43292],[-118.15313,39.43342],[-118.15336,39.4372],[-118.15401,39.43928],[-118.1538,39.44112],[-118.15411,39.44163],[-118.15366,39.44263],[-118.15385,39.44315],[-118.15296,39.4442],[-118.15266,39.44161],[-118.15196,39.44076],[-118.15268,39.43975],[-118.15273,39.43877],[-118.15241,39.43774],[-118.15173,39.43726],[-118.15272,39.43631],[-118.15265,39.43483],[-118.15141,39.4336],[-118.15096,39.43235],[-118.15108,39.43093],[-118.15267,39.4291],[-118.15286,39.42806],[-118.15235,39.42637],[-118.15006,39.42368],[-118.14951,39.42123],[-118.15041,39.41678],[-118.15071,39.4158],[-118.15114,39.41561],[-118.15303,39.41597],[-118.15738,39.4161],[-118.16179,39.41575],[-118.16447,39.41589],[-118.16547,39.41627],[-118.16842,39.41631],[-118.17147,39.41557],[-118.17457,39.41591],[-118.18606,39.41427],[-118.18687,39.41497],[-118.19036,39.41535],[-118.19075,39.41588],[-118.19182,39.41635],[-118.19381,39.41675],[-118.1961,39.41678],[-118.19647,39.41648],[-118.19694,39.41665],[-118.19964,39.41617],[-118.20246,39.41665],[-118.20551,39.4167],[-118.20787,39.41766],[-118.21062,39.41764],[-118.21409,39.42003],[-118.21662,39.42043],[-118.21412,39.41998],[-118.21065,39.41759],[-118.20789,39.4176],[-118.20553,39.41664],[-118.20247,39.41659],[-118.19965,39.41611],[-118.19693,39.41659],[-118.19645,39.41643],[-118.19609,39.41672],[-118.19382,39.41669],[-118.19185,39.4163],[-118.19079,39.41584],[-118.19038,39.4153],[-118.1869,39.41492],[-118.18613,39.41426],[-118.18755,39.41421],[-118.19157,39.41498],[-118.19478,39.41522],[-118.19824,39.41447],[-118.20175,39.41452],[-118.20957,39.41609],[-118.21208,39.41582],[-118.2183,39.41895],[-118.22032,39.41926],[-118.22634,39.42296],[-118.22974,39.42442],[-118.23331,39.42488],[-118.23541,39.42476],[-118.23802,39.42575],[-118.24206,39.42553],[-118.24399,39.42585],[-118.24486,39.4282],[-118.2448,39.43182],[-118.24447,39.43342],[-118.24313,39.43446],[-118.24149,39.43709],[-118.24163,39.4396],[-118.24378,39.4431],[-118.24356,39.44424],[-118.24377,39.44479],[-118.24479,39.44508],[-118.24641,39.44499],[-118.24688,39.44536],[-118.24681,39.44627],[-118.24733,39.44665],[-118.24822,39.44678],[-118.24876,39.44742],[-118.25043,39.44737],[-118.24878,39.44737],[-118.24826,39.44673],[-118.24737,39.4466],[-118.24688,39.44625],[-118.24694,39.4453],[-118.24644,39.44495],[-118.24479,39.44503],[-118.24383,39.44476],[-118.24363,39.44424],[-118.24385,39.44309],[-118.2417,39.43959],[-118.24166,39.43795],[-118.24286,39.43886],[-118.24289,39.43957],[-118.24333,39.44011],[-118.2461,39.44008],[-118.24688,39.44085],[-118.24853,39.44081],[-118.24845,39.44136],[-118.24918,39.44181],[-118.24944,39.44316],[-118.24924,39.4418],[-118.24856,39.44146],[-118.24857,39.44077],[-118.24691,39.4408],[-118.24612,39.44003],[-118.24337,39.44006],[-118.24296,39.43956],[-118.24292,39.43883],[-118.24162,39.43784],[-118.24155,39.4371],[-118.24319,39.43449],[-118.2445,39.43348],[-118.24735,39.43491],[-118.25062,39.43564],[-118.25017,39.43664],[-118.25139,39.43736],[-118.25105,39.43888],[-118.25068,39.43909],[-118.25008,39.44062],[-118.25109,39.43889],[-118.25144,39.43736],[-118.25024,39.43662],[-118.25061,39.43555],[-118.24738,39.43486],[-118.24454,39.43343],[-118.24503,39.42944],[-118.24493,39.42819],[-118.24415,39.42597],[-118.24601,39.42784],[-118.24771,39.42869],[-118.24932,39.43043],[-118.25098,39.43106],[-118.24937,39.43039],[-118.24776,39.42866],[-118.24605,39.4278],[-118.24454,39.426],[-118.24403,39.42581],[-118.24206,39.42548],[-118.23803,39.4257],[-118.23542,39.42471],[-118.23331,39.42482],[-118.22976,39.42437],[-118.22638,39.42292],[-118.22036,39.41921],[-118.21834,39.4189],[-118.21211,39.41577],[-118.20958,39.41603],[-118.20772,39.4157],[-118.20611,39.41503],[-118.20274,39.41453],[-118.20015,39.41304],[-118.19421,39.4139],[-118.19158,39.41339],[-118.18884,39.41363],[-118.18524,39.41307],[-118.18059,39.41386],[-118.17748,39.41479],[-118.17366,39.41477],[-118.17203,39.41431],[-118.16798,39.4144],[-118.16709,39.41433],[-118.1691,39.41415],[-118.16431,39.41409],[-118.16053,39.41313],[-118.15929,39.41246],[-118.1588,39.41179],[-118.15908,39.40935],[-118.15858,39.40892],[-118.16124,39.40661],[-118.16251,39.40595],[-118.16398,39.40598],[-118.16603,39.40711],[-118.16673,39.40716],[-118.16787,39.40689],[-118.16974,39.40561],[-118.17176,39.40606],[-118.17459,39.40857],[-118.17598,39.409],[-118.17772,39.4085],[-118.17902,39.40871],[-118.18016,39.40816],[-118.18193,39.40824],[-118.1854,39.4092],[-118.18997,39.40939],[-118.19071,39.40986],[-118.19172,39.40989],[-118.19567,39.41122],[-118.19753,39.41108],[-118.19992,39.41215],[-118.19756,39.41103],[-118.19569,39.41116],[-118.19174,39.40984],[-118.19074,39.40981],[-118.18999,39.40934],[-118.18542,39.40914],[-118.18194,39.40819],[-118.18014,39.40811],[-118.179,39.40865],[-118.17771,39.40845],[-118.176,39.40895],[-118.17463,39.40853],[-118.17179,39.40601],[-118.16993,39.40557],[-118.16784,39.40685],[-118.16671,39.40711],[-118.16501,39.40661],[-118.164,39.40593],[-118.16044,39.4054],[-118.15833,39.40616],[-118.15875,39.40509],[-118.1598,39.40426],[-118.16034,39.40288],[-118.16034,39.40235],[-118.15973,39.40424],[-118.15869,39.40506],[-118.15822,39.4061],[-118.15814,39.4042],[-118.15897,39.40248],[-118.15994,39.39867],[-118.16072,39.39771],[-118.16076,39.39658],[-118.1648,39.39438],[-118.16085,39.39635],[-118.16046,39.39818],[-118.15994,39.39861],[-118.16024,39.39393],[-118.16473,39.39239],[-118.16715,39.39359],[-118.17024,39.39257],[-118.17305,39.39272],[-118.17616,39.3918],[-118.18069,39.39144],[-118.18264,39.39195],[-118.18431,39.39289],[-118.18571,39.39299],[-118.18687,39.39369],[-118.19372,39.3939],[-118.1958,39.3948],[-118.1978,39.39484],[-118.20028,39.39599],[-118.20105,39.39687],[-118.20289,39.39805],[-118.20729,39.40034],[-118.21067,39.40105],[-118.21351,39.40202],[-118.21583,39.40345],[-118.21354,39.40197],[-118.2107,39.401],[-118.20733,39.40029],[-118.20293,39.39801],[-118.2011,39.39684],[-118.20032,39.39594],[-118.19783,39.39479],[-118.19582,39.39475],[-118.19373,39.39384],[-118.18689,39.39364],[-118.18574,39.39294],[-118.18434,39.39284],[-118.18267,39.3919],[-118.18075,39.39142],[-118.18258,39.3906],[-118.18468,39.39052],[-118.18549,39.39009],[-118.18776,39.3903],[-118.18949,39.38991],[-118.19239,39.39046],[-118.19338,39.39109],[-118.19464,39.39077],[-118.19581,39.39158],[-118.19798,39.39211],[-118.20021,39.39311],[-118.20193,39.39467],[-118.20538,39.39581],[-118.20845,39.39739],[-118.20542,39.39576],[-118.20196,39.39462],[-118.20025,39.39306],[-118.198,39.39206],[-118.19584,39.39154],[-118.19467,39.39072],[-118.19339,39.39104],[-118.19242,39.39041],[-118.1895,39.38986],[-118.18776,39.39024],[-118.18547,39.39004],[-118.18467,39.39047],[-118.18255,39.39055],[-118.18069,39.39139],[-118.17615,39.39175],[-118.17304,39.39266],[-118.17023,39.39252],[-118.16715,39.39354],[-118.16524,39.39247],[-118.16379,39.39249],[-118.16726,39.3901],[-118.16775,39.38926],[-118.16776,39.38776],[-118.16852,39.38622],[-118.1692,39.3856],[-118.17154,39.38561],[-118.17289,39.38524],[-118.17385,39.38536],[-118.17559,39.38696],[-118.17947,39.3865],[-118.18061,39.38695],[-118.1863,39.38763],[-118.19077,39.38705],[-118.19189,39.38715],[-118.19444,39.38862],[-118.196,39.38914],[-118.19982,39.38923],[-118.20578,39.3906],[-118.20813,39.39245],[-118.21127,39.39414],[-118.21488,39.39701],[-118.2191,39.39844],[-118.22106,39.39878],[-118.2216,39.39972],[-118.22305,39.40011],[-118.22419,39.401],[-118.22521,39.40225],[-118.22603,39.40426],[-118.22546,39.4091],[-118.22568,39.40974],[-118.22889,39.41095],[-118.22973,39.4116],[-118.23194,39.41078],[-118.23378,39.41155],[-118.236,39.41107],[-118.23839,39.41285],[-118.24144,39.41264],[-118.24293,39.41292],[-118.24414,39.41472],[-118.24515,39.41553],[-118.24891,39.41638],[-118.25046,39.41909],[-118.25099,39.41952],[-118.25455,39.42057],[-118.25574,39.42141],[-118.25666,39.42265],[-118.25815,39.42312],[-118.25951,39.42488],[-118.2599,39.42617],[-118.26226,39.4272],[-118.25994,39.42615],[-118.2596,39.42496],[-118.25836,39.42323],[-118.25669,39.42263],[-118.2554,39.42106],[-118.25386,39.42023],[-118.25102,39.41949],[-118.25052,39.41907],[-118.24942,39.41689],[-118.24868,39.4162],[-118.25009,39.41629],[-118.25136,39.41705],[-118.25386,39.41756],[-118.26192,39.41677],[-118.26367,39.41728],[-118.26517,39.4186],[-118.26723,39.42182],[-118.27092,39.42421],[-118.27179,39.42554],[-118.27158,39.42726],[-118.27208,39.42872],[-118.27112,39.42937],[-118.27051,39.43052],[-118.27164,39.43158],[-118.27177,39.4321],[-118.27086,39.43356],[-118.27027,39.43384],[-118.2709,39.43357],[-118.27093,39.43316],[-118.27179,39.43221],[-118.27196,39.43267],[-118.27152,39.43306],[-118.27189,39.43459],[-118.27134,39.43524],[-118.27145,39.43613],[-118.27139,39.43525],[-118.27194,39.43452],[-118.27157,39.43306],[-118.27201,39.43254],[-118.27168,39.43156],[-118.27055,39.43052],[-118.27116,39.42939],[-118.27212,39.42873],[-118.27171,39.42695],[-118.27278,39.42845],[-118.27452,39.42884],[-118.27486,39.42935],[-118.27484,39.43053],[-118.27416,39.43195],[-118.27484,39.43331],[-118.27442,39.43368],[-118.27471,39.43498],[-118.27486,39.43459],[-118.27446,39.43368],[-118.27488,39.43331],[-118.2742,39.43194],[-118.27489,39.43054],[-118.27491,39.42938],[-118.27543,39.42957],[-118.27542,39.43075],[-118.27673,39.4315],[-118.27728,39.43234],[-118.27697,39.43302],[-118.27702,39.43476],[-118.27773,39.43657],[-118.27688,39.43769],[-118.27719,39.43843],[-118.27891,39.44014],[-118.2799,39.44192],[-118.28037,39.44192],[-118.28062,39.44243],[-118.28211,39.443],[-118.28346,39.44312],[-118.28418,39.44282],[-118.28336,39.44311],[-118.28221,39.44299],[-118.27994,39.44189],[-118.27895,39.44012],[-118.27706,39.43816],[-118.27703,39.43741],[-118.27778,39.43658],[-118.27706,39.43476],[-118.27701,39.43303],[-118.27732,39.43233],[-118.27676,39.43148],[-118.27547,39.43074],[-118.27544,39.42949],[-118.2749,39.42933],[-118.27454,39.4288],[-118.27306,39.42861],[-118.2723,39.42789],[-118.27169,39.42674],[-118.2718,39.42582],[-118.27381,39.42737],[-118.27635,39.42785],[-118.27884,39.4297],[-118.27934,39.43092],[-118.28023,39.43119],[-118.27981,39.43174],[-118.28055,39.43285],[-118.27952,39.4346],[-118.27957,39.43594],[-118.27998,39.43659],[-118.27966,39.43784],[-118.28003,39.4366],[-118.27962,39.43593],[-118.27957,39.43461],[-118.28059,39.43286],[-118.27986,39.43174],[-118.28027,39.43117],[-118.27937,39.43089],[-118.27888,39.42968],[-118.27638,39.42782],[-118.27376,39.4273],[-118.27182,39.42579],[-118.27139,39.42484],[-118.2752,39.42525],[-118.27905,39.42676],[-118.27974,39.42746],[-118.28059,39.42922],[-118.28211,39.43029],[-118.28229,39.43102],[-118.28279,39.43136],[-118.28265,39.4318],[-118.28319,39.43232],[-118.28324,39.43406],[-118.28284,39.43481],[-118.28255,39.43676],[-118.28383,39.43748],[-118.28551,39.43753],[-118.28645,39.43812],[-118.28855,39.43866],[-118.29046,39.44006],[-118.28971,39.44079],[-118.2894,39.44165],[-118.28978,39.44235],[-118.28954,39.44292],[-118.28977,39.44322],[-118.29102,39.44288],[-118.29072,39.44401],[-118.29104,39.44448],[-118.291,39.44517],[-118.29218,39.44604],[-118.29204,39.44716],[-118.29223,39.44603],[-118.29104,39.44515],[-118.29109,39.44448],[-118.29076,39.444],[-118.29106,39.44286],[-118.28977,39.44318],[-118.28959,39.44291],[-118.28983,39.44235],[-118.28945,39.44166],[-118.28975,39.44081],[-118.29051,39.44005],[-118.28905,39.43918],[-118.28887,39.43877],[-118.28708,39.43812],[-118.28975,39.43678],[-118.29175,39.438],[-118.29207,39.43856],[-118.29301,39.43885],[-118.29423,39.44213],[-118.29308,39.44294],[-118.29341,39.44378],[-118.29701,39.44543],[-118.2967,39.44746],[-118.29778,39.44805],[-118.29677,39.44935],[-118.29783,39.44805],[-118.29675,39.44746],[-118.29705,39.44542],[-118.29345,39.44376],[-118.29313,39.44295],[-118.29428,39.44214],[-118.29302,39.43881],[-118.2921,39.43853],[-118.29179,39.43798],[-118.28976,39.43675],[-118.28663,39.43813],[-118.28552,39.43749],[-118.28385,39.43745],[-118.28257,39.43668],[-118.28338,39.43301],[-118.28523,39.43304],[-118.28615,39.4327],[-118.28834,39.43388],[-118.28853,39.43425],[-118.29031,39.43472],[-118.28856,39.43422],[-118.28838,39.43385],[-118.28616,39.43267],[-118.28522,39.43301],[-118.28338,39.43297],[-118.28215,39.43027],[-118.28053,39.42908],[-118.27983,39.42756],[-118.28382,39.42976],[-118.28632,39.42943],[-118.28815,39.43052],[-118.28985,39.43059],[-118.29208,39.43184],[-118.29327,39.43314],[-118.29433,39.43359],[-118.29467,39.43431],[-118.29383,39.43477],[-118.29378,39.43539],[-118.29633,39.43631],[-118.29975,39.43836],[-118.2996,39.43875],[-118.29992,39.43947],[-118.29935,39.44024],[-118.29936,39.44124],[-118.29879,39.44284],[-118.29941,39.44125],[-118.29939,39.44025],[-118.29997,39.43949],[-118.29975,39.43828],[-118.29635,39.43628],[-118.29382,39.43536],[-118.29387,39.43479],[-118.29472,39.43432],[-118.29455,39.43376],[-118.2933,39.43311],[-118.29211,39.43181],[-118.29001,39.43063],[-118.28817,39.43049],[-118.28633,39.42939],[-118.28383,39.42972],[-118.28197,39.42861],[-118.28105,39.42841],[-118.27908,39.42673],[-118.27734,39.42592],[-118.27521,39.42521],[-118.27137,39.42481],[-118.27095,39.42418],[-118.26727,39.4218],[-118.26519,39.41856],[-118.26659,39.41843],[-118.26886,39.41877],[-118.27048,39.41995],[-118.27104,39.42001],[-118.27127,39.42045],[-118.27248,39.42078],[-118.27341,39.42079],[-118.2744,39.42035],[-118.27556,39.42053],[-118.27699,39.42233],[-118.27755,39.42243],[-118.27781,39.42309],[-118.27855,39.42353],[-118.27894,39.42473],[-118.28038,39.42605],[-118.28035,39.42571],[-118.27958,39.42541],[-118.27898,39.42471],[-118.27859,39.42351],[-118.27784,39.42307],[-118.27759,39.4224],[-118.27703,39.42231],[-118.27574,39.4206],[-118.27458,39.42031],[-118.2725,39.42075],[-118.27131,39.42042],[-118.27113,39.42003],[-118.27051,39.41992],[-118.26943,39.41896],[-118.27179,39.41758],[-118.27271,39.41852],[-118.27412,39.41893],[-118.27685,39.41893],[-118.27796,39.41934],[-118.27906,39.41902],[-118.28081,39.42091],[-118.28274,39.421],[-118.28415,39.42163],[-118.28695,39.42208],[-118.28667,39.4226],[-118.28736,39.42287],[-118.28687,39.42364],[-118.28801,39.42397],[-118.28854,39.42508],[-118.28821,39.42546],[-118.28846,39.42593],[-118.2872,39.42654],[-118.28907,39.42751],[-118.2887,39.42809],[-118.28887,39.42882],[-118.29359,39.42896],[-118.2889,39.4288],[-118.28874,39.42809],[-118.28911,39.42749],[-118.28725,39.42654],[-118.2885,39.42595],[-118.28826,39.42546],[-118.28858,39.42509],[-118.28805,39.42395],[-118.28691,39.42363],[-118.28741,39.42288],[-118.28671,39.42258],[-118.28696,39.42204],[-118.28416,39.42159],[-118.28275,39.42097],[-118.28101,39.42093],[-118.28022,39.42044],[-118.27984,39.41961],[-118.27909,39.41899],[-118.27796,39.41931],[-118.27694,39.41893],[-118.27794,39.41881],[-118.28104,39.41694],[-118.28299,39.41665],[-118.28409,39.41686],[-118.28448,39.41725],[-118.28491,39.41861],[-118.28532,39.419],[-118.28412,39.41682],[-118.28299,39.41661],[-118.2811,39.41688],[-118.27755,39.41885],[-118.27413,39.41889],[-118.27274,39.41849],[-118.27181,39.41754],[-118.26958,39.41892],[-118.2666,39.41839],[-118.26516,39.41852],[-118.2637,39.41725],[-118.2621,39.41675],[-118.25722,39.41702],[-118.2541,39.41673],[-118.25098,39.41602],[-118.24856,39.41617],[-118.24806,39.41595],[-118.24939,39.41563],[-118.25016,39.41583],[-118.25098,39.41549],[-118.24799,39.41591],[-118.24648,39.41561],[-118.24297,39.41288],[-118.24144,39.41259],[-118.23842,39.4128],[-118.23575,39.4108],[-118.23487,39.41134],[-118.23379,39.41149],[-118.23196,39.41073],[-118.23036,39.41107],[-118.22852,39.41079],[-118.22558,39.40946],[-118.22638,39.40557],[-118.22656,39.4028],[-118.22566,39.4014],[-118.22479,39.40102],[-118.22336,39.39969],[-118.22445,39.39979],[-118.22938,39.39899],[-118.23056,39.4001],[-118.23119,39.40164],[-118.2333,39.4026],[-118.23484,39.40428],[-118.23561,39.40435],[-118.23634,39.40483],[-118.23745,39.40484],[-118.23791,39.40595],[-118.23872,39.40613],[-118.23797,39.40592],[-118.23749,39.4048],[-118.23636,39.40478],[-118.23564,39.4043],[-118.23487,39.40424],[-118.23335,39.40257],[-118.23125,39.40161],[-118.23063,39.40008],[-118.22943,39.39895],[-118.22767,39.39909],[-118.22846,39.39875],[-118.22899,39.39807],[-118.23228,39.39762],[-118.24088,39.39878],[-118.24432,39.40097],[-118.24473,39.40136],[-118.24501,39.40245],[-118.24501,39.40318],[-118.24418,39.40485],[-118.24511,39.40568],[-118.24472,39.40751],[-118.24534,39.4081],[-118.24659,39.40852],[-118.24779,39.40967],[-118.25084,39.41027],[-118.25291,39.40963],[-118.25654,39.41007],[-118.25762,39.41102],[-118.25794,39.41171],[-118.25951,39.41279],[-118.26366,39.41436],[-118.25952,39.41275],[-118.26013,39.41266],[-118.26134,39.41175],[-118.2647,39.41225],[-118.26572,39.41172],[-118.2677,39.41159],[-118.26845,39.41174],[-118.26951,39.41278],[-118.27075,39.41324],[-118.26954,39.41275],[-118.26848,39.41171],[-118.2677,39.41156],[-118.26571,39.41169],[-118.2647,39.41221],[-118.26133,39.41172],[-118.2601,39.41263],[-118.25947,39.41272],[-118.25798,39.41168],[-118.25766,39.411],[-118.25656,39.41003],[-118.25291,39.40959],[-118.25101,39.41023],[-118.24782,39.40962],[-118.24664,39.40848],[-118.24538,39.40806],[-118.24479,39.40749],[-118.24519,39.40567],[-118.24426,39.40485],[-118.24508,39.40319],[-118.2448,39.40134],[-118.24091,39.39873],[-118.23161,39.39754],[-118.22896,39.39802],[-118.22841,39.39871],[-118.22578,39.39956],[-118.2233,39.39963],[-118.2197,39.39747],[-118.21492,39.39696],[-118.21132,39.3941],[-118.20817,39.39241],[-118.20537,39.39027],[-118.20262,39.38946],[-118.19602,39.38909],[-118.19448,39.38857],[-118.1919,39.3871],[-118.19076,39.38699],[-118.1863,39.38758],[-118.18063,39.3869],[-118.1762,39.38524],[-118.16927,39.38554],[-118.17009,39.38461],[-118.17213,39.38353],[-118.17276,39.38277],[-118.17289,39.38006],[-118.17404,39.3791],[-118.17514,39.37727],[-118.17752,39.37613],[-118.17844,39.37682],[-118.17987,39.37718],[-118.18221,39.37912],[-118.18352,39.37971],[-118.18485,39.37988],[-118.18787,39.38157],[-118.18874,39.38156],[-118.18921,39.38191],[-118.19065,39.38151],[-118.19211,39.38241],[-118.19712,39.38398],[-118.19214,39.38236],[-118.19067,39.38146],[-118.18993,39.38144],[-118.18921,39.38185],[-118.18877,39.38151],[-118.18789,39.38152],[-118.18487,39.37983],[-118.18354,39.37966],[-118.18225,39.37907],[-118.17991,39.37714],[-118.17847,39.37677],[-118.17754,39.37608],[-118.17545,39.37686],[-118.17598,39.37528],[-118.17815,39.37281],[-118.17851,39.37197],[-118.18038,39.37139],[-118.18241,39.36986],[-118.18399,39.36951],[-118.18583,39.36981],[-118.18749,39.37042],[-118.18819,39.37036],[-118.18905,39.37094],[-118.19158,39.37085],[-118.19288,39.37182],[-118.19532,39.37192],[-118.1971,39.37269],[-118.1979,39.37501],[-118.20022,39.37635],[-118.20127,39.37907],[-118.20326,39.38168],[-118.20365,39.38303],[-118.20526,39.38488],[-118.20634,39.38693],[-118.20757,39.38792],[-118.20845,39.38918],[-118.20988,39.38973],[-118.2107,39.39044],[-118.21172,39.39215],[-118.21309,39.39237],[-118.2139,39.39291],[-118.21561,39.39286],[-118.21778,39.39402],[-118.21937,39.39378],[-118.22185,39.39406],[-118.22571,39.39564],[-118.22188,39.39401],[-118.21939,39.39373],[-118.21766,39.39394],[-118.21564,39.39281],[-118.21392,39.39286],[-118.21313,39.39232],[-118.21154,39.39193],[-118.21076,39.3904],[-118.20991,39.38969],[-118.20851,39.38914],[-118.20762,39.38789],[-118.2064,39.3869],[-118.20533,39.38485],[-118.20372,39.383],[-118.20333,39.38166],[-118.20133,39.37904],[-118.20029,39.37633],[-118.19796,39.37498],[-118.19715,39.37268],[-118.19857,39.37198],[-118.20009,39.37266],[-118.20103,39.37251],[-118.20505,39.374],[-118.20664,39.37602],[-118.20843,39.3766],[-118.21039,39.37894],[-118.21132,39.37946],[-118.21448,39.38007],[-118.21511,39.38075],[-118.21572,39.3808],[-118.21627,39.38134],[-118.2165,39.38223],[-118.21896,39.38441],[-118.22019,39.38484],[-118.22122,39.38565],[-118.2228,39.38797],[-118.22421,39.38863],[-118.22762,39.39249],[-118.22426,39.3886],[-118.22286,39.38794],[-118.22128,39.38562],[-118.22022,39.38479],[-118.21901,39.38437],[-118.21656,39.3822],[-118.21609,39.38102],[-118.21514,39.3807],[-118.21451,39.38002],[-118.21135,39.37941],[-118.21044,39.3789],[-118.20849,39.37656],[-118.20669,39.37599],[-118.20507,39.37397],[-118.20105,39.37248],[-118.2001,39.37263],[-118.19858,39.37195],[-118.19712,39.37266],[-118.19533,39.37189],[-118.1929,39.37179],[-118.1916,39.37082],[-118.18906,39.3709],[-118.1882,39.37033],[-118.18399,39.36948],[-118.18206,39.36997],[-118.18036,39.37136],[-118.17848,39.3719],[-118.1791,39.37041],[-118.17998,39.36952],[-118.18294,39.36842],[-118.18746,39.36824],[-118.19274,39.36872],[-118.19556,39.36831],[-118.19659,39.36852],[-118.19871,39.3683],[-118.20171,39.36906],[-118.20396,39.3692],[-118.20584,39.37052],[-118.20772,39.37094],[-118.20968,39.372],[-118.21292,39.3731],[-118.21569,39.37358],[-118.21748,39.37356],[-118.22072,39.37468],[-118.22275,39.37583],[-118.22424,39.37712],[-118.22919,39.37909],[-118.23011,39.37989],[-118.23054,39.38116],[-118.23159,39.38201],[-118.23231,39.38327],[-118.23338,39.38388],[-118.23339,39.38502],[-118.23446,39.38743],[-118.23452,39.38909],[-118.23567,39.39044],[-118.2363,39.39207],[-118.23919,39.39329],[-118.24186,39.39326],[-118.2433,39.3938],[-118.24574,39.39563],[-118.24756,39.39803],[-118.24579,39.39559],[-118.24333,39.39375],[-118.24188,39.39321],[-118.23921,39.39324],[-118.23636,39.39204],[-118.23573,39.39042],[-118.23459,39.38908],[-118.23453,39.38742],[-118.23346,39.38501],[-118.23344,39.38386],[-118.23237,39.38324],[-118.23165,39.38199],[-118.2306,39.38114],[-118.23005,39.37972],[-118.22836,39.37861],[-118.23126,39.37952],[-118.23439,39.38281],[-118.23959,39.38728],[-118.24426,39.38978],[-118.2463,39.39002],[-118.24781,39.39116],[-118.24876,39.39284],[-118.24932,39.39307],[-118.2501,39.3929],[-118.25032,39.39362],[-118.25153,39.39393],[-118.2517,39.39425],[-118.25137,39.39497],[-118.25201,39.39545],[-118.25195,39.39594],[-118.25293,39.39649],[-118.25345,39.398],[-118.25238,39.40003],[-118.25277,39.40199],[-118.25243,39.40004],[-118.2535,39.398],[-118.25298,39.39648],[-118.25207,39.396],[-118.25205,39.39543],[-118.25142,39.39496],[-118.25174,39.39425],[-118.25156,39.39391],[-118.25038,39.39359],[-118.25013,39.39285],[-118.24881,39.3928],[-118.24787,39.39113],[-118.24634,39.38997],[-118.2443,39.38973],[-118.23964,39.38724],[-118.23445,39.38278],[-118.2313,39.37947],[-118.22427,39.37707],[-118.22279,39.37579],[-118.22074,39.37465],[-118.21749,39.37353],[-118.21327,39.37316],[-118.20971,39.37197],[-118.20789,39.37099],[-118.20996,39.37089],[-118.21246,39.37146],[-118.215,39.37099],[-118.21846,39.37146],[-118.22032,39.37273],[-118.22183,39.37328],[-118.22432,39.37538],[-118.22683,39.37634],[-118.23094,39.37715],[-118.23268,39.37814],[-118.23409,39.37847],[-118.23602,39.37967],[-118.24211,39.38236],[-118.24466,39.38414],[-118.24775,39.38435],[-118.24882,39.38612],[-118.24997,39.38699],[-118.25002,39.38774],[-118.25039,39.388],[-118.25003,39.38697],[-118.24888,39.38609],[-118.24778,39.3843],[-118.24469,39.38409],[-118.24215,39.38232],[-118.23606,39.37963],[-118.23412,39.37842],[-118.23271,39.37809],[-118.23097,39.3771],[-118.22685,39.37629],[-118.22436,39.37533],[-118.22186,39.37325],[-118.21883,39.3717],[-118.21982,39.3717],[-118.22234,39.37253],[-118.22513,39.37237],[-118.22703,39.37265],[-118.22954,39.37376],[-118.23231,39.37449],[-118.23391,39.37536],[-118.24035,39.37688],[-118.2435,39.37976],[-118.24664,39.3813],[-118.2474,39.38227],[-118.24978,39.38345],[-118.2503,39.38468],[-118.25193,39.38539],[-118.25257,39.38669],[-118.25395,39.38688],[-118.25552,39.38877],[-118.25685,39.38943],[-118.25731,39.38999],[-118.2577,39.39432],[-118.25716,39.395],[-118.25703,39.39733],[-118.25636,39.39824],[-118.25622,39.39909],[-118.2549,39.40072],[-118.2551,39.4026],[-118.25494,39.40073],[-118.25627,39.39911],[-118.25641,39.39825],[-118.25708,39.39734],[-118.2572,39.395],[-118.25772,39.39436],[-118.25815,39.39526],[-118.25991,39.39626],[-118.25977,39.39808],[-118.26084,39.39949],[-118.25989,39.40193],[-118.25896,39.40197],[-118.25876,39.40225],[-118.25848,39.40405],[-118.25929,39.4049],[-118.25916,39.40548],[-118.26117,39.40647],[-118.26114,39.40726],[-118.2644,39.40949],[-118.26892,39.41038],[-118.27284,39.41059],[-118.27376,39.41153],[-118.27508,39.41216],[-118.27573,39.41309],[-118.27746,39.41404],[-118.27577,39.41307],[-118.27511,39.41214],[-118.27379,39.41151],[-118.27286,39.41056],[-118.26892,39.41035],[-118.26443,39.40946],[-118.26118,39.40724],[-118.26121,39.40645],[-118.2592,39.40546],[-118.25934,39.40489],[-118.25853,39.40404],[-118.2588,39.40226],[-118.25898,39.402],[-118.2599,39.40198],[-118.26083,39.39967],[-118.2612,39.39973],[-118.26384,39.40105],[-118.26456,39.40246],[-118.26652,39.40333],[-118.2686,39.40371],[-118.26916,39.40467],[-118.27034,39.40526],[-118.27058,39.40601],[-118.27164,39.4071],[-118.27295,39.40822],[-118.27446,39.40866],[-118.27475,39.40974],[-118.27577,39.41031],[-118.27479,39.40972],[-118.27449,39.40863],[-118.27297,39.40819],[-118.27167,39.40708],[-118.27062,39.40599],[-118.27038,39.40525],[-118.2692,39.40464],[-118.26863,39.40368],[-118.26654,39.40329],[-118.26459,39.40244],[-118.26387,39.40103],[-118.26085,39.39963],[-118.25982,39.39808],[-118.25995,39.39625],[-118.25819,39.39524],[-118.25765,39.39409],[-118.25723,39.38971],[-118.25567,39.38885],[-118.25398,39.38686],[-118.25261,39.38666],[-118.25197,39.38537],[-118.25036,39.38465],[-118.25012,39.38368],[-118.24951,39.38316],[-118.24745,39.38223],[-118.24669,39.38125],[-118.24354,39.37972],[-118.24137,39.3776],[-118.2434,39.3779],[-118.24435,39.37853],[-118.24783,39.37902],[-118.25047,39.3804],[-118.25281,39.38099],[-118.25449,39.38182],[-118.2553,39.3831],[-118.25546,39.38476],[-118.25607,39.3861],[-118.25972,39.38898],[-118.26111,39.39108],[-118.26452,39.39348],[-118.2666,39.39368],[-118.26877,39.39551],[-118.26864,39.3968],[-118.268,39.39768],[-118.26814,39.39811],[-118.26941,39.39933],[-118.27009,39.40112],[-118.27235,39.4028],[-118.27264,39.4046],[-118.27444,39.40536],[-118.27564,39.40642],[-118.27592,39.40718],[-118.27659,39.40777],[-118.27654,39.40838],[-118.27699,39.40909],[-118.27815,39.40938],[-118.27839,39.40992],[-118.27995,39.41081],[-118.28056,39.41188],[-118.28206,39.41306],[-118.28049,39.41174],[-118.27998,39.41078],[-118.27843,39.40989],[-118.27818,39.40935],[-118.27703,39.40907],[-118.27659,39.40837],[-118.27664,39.40776],[-118.27476,39.40554],[-118.27273,39.40464],[-118.2724,39.40404],[-118.2726,39.40327],[-118.27394,39.40411],[-118.2746,39.40406],[-118.27579,39.40547],[-118.28018,39.40731],[-118.28195,39.40928],[-118.28359,39.40978],[-118.28317,39.41075],[-118.28323,39.4117],[-118.28494,39.41263],[-118.28587,39.41358],[-118.28656,39.4149],[-118.28646,39.4159],[-118.28703,39.41683],[-118.28693,39.41723],[-118.28735,39.4175],[-118.28875,39.42022],[-118.28739,39.41748],[-118.28697,39.41721],[-118.28707,39.41682],[-118.28651,39.4159],[-118.2866,39.4149],[-118.28592,39.41356],[-118.28497,39.4126],[-118.28328,39.41169],[-118.28321,39.41075],[-118.28363,39.40976],[-118.28181,39.40915],[-118.28006,39.4072],[-118.27924,39.40708],[-118.2757,39.40537],[-118.2749,39.40424],[-118.27276,39.40341],[-118.27191,39.40221],[-118.27014,39.4011],[-118.26945,39.39931],[-118.26806,39.39782],[-118.26868,39.39681],[-118.26881,39.39549],[-118.26663,39.39365],[-118.26454,39.39345],[-118.26224,39.392],[-118.26075,39.39064],[-118.25976,39.38896],[-118.25658,39.38667],[-118.25548,39.38446],[-118.25926,39.38766],[-118.26118,39.38879],[-118.26321,39.38945],[-118.26601,39.39124],[-118.26886,39.39408],[-118.27138,39.39506],[-118.27194,39.39567],[-118.27208,39.39682],[-118.27267,39.39747],[-118.27244,39.39815],[-118.27438,39.4001],[-118.27445,39.4006],[-118.27896,39.40321],[-118.28003,39.40417],[-118.28048,39.40504],[-118.28011,39.40421],[-118.27899,39.40318],[-118.27449,39.40058],[-118.27442,39.40008],[-118.27249,39.39814],[-118.27273,39.39752],[-118.27201,39.39657],[-118.27182,39.39538],[-118.27084,39.39471],[-118.26889,39.39405],[-118.26724,39.39227],[-118.27314,39.3952],[-118.27812,39.39669],[-118.27944,39.39786],[-118.2789,39.39912],[-118.27924,39.39997],[-118.2791,39.4004],[-118.28052,39.40123],[-118.28076,39.40344],[-118.28199,39.40452],[-118.2835,39.4053],[-118.28424,39.40795],[-118.28601,39.41005],[-118.28428,39.40794],[-118.28354,39.40528],[-118.28202,39.40449],[-118.28081,39.40343],[-118.28056,39.40121],[-118.27914,39.40039],[-118.27929,39.39997],[-118.27892,39.39933],[-118.27926,39.39832],[-118.27948,39.39793],[-118.2806,39.39898],[-118.28456,39.40093],[-118.28493,39.40217],[-118.28693,39.40486],[-118.2875,39.40686],[-118.28758,39.40942],[-118.28885,39.41204],[-118.28911,39.41464],[-118.29101,39.41859],[-118.29287,39.42008],[-118.29554,39.42126],[-118.29702,39.42267],[-118.29779,39.42398],[-118.30119,39.42785],[-118.3022,39.43086],[-118.30439,39.43228],[-118.30501,39.43359],[-118.30498,39.43454],[-118.30547,39.43594],[-118.30544,39.43697],[-118.30484,39.43846],[-118.30527,39.44035],[-118.30417,39.4428],[-118.3044,39.44338],[-118.30166,39.44541],[-118.30133,39.4466],[-118.30231,39.44727],[-118.30133,39.44845],[-118.30154,39.44895],[-118.30049,39.44999],[-118.29899,39.45042],[-118.29785,39.45252],[-118.29902,39.45044],[-118.30052,39.45002],[-118.30154,39.44903],[-118.30138,39.44846],[-118.30235,39.44735],[-118.30193,39.44692],[-118.30309,39.44695],[-118.30405,39.44871],[-118.30226,39.4498],[-118.30271,39.45028],[-118.30267,39.45168],[-118.30164,39.45243],[-118.30106,39.45381],[-118.30137,39.45501],[-118.30084,39.45631],[-118.30142,39.45501],[-118.30111,39.45382],[-118.30168,39.45245],[-118.30269,39.45171],[-118.30421,39.45307],[-118.3047,39.45535],[-118.30578,39.45666],[-118.30529,39.45726],[-118.30543,39.45775],[-118.30534,39.45727],[-118.30581,39.45659],[-118.30474,39.45533],[-118.30422,39.453],[-118.30271,39.45165],[-118.30276,39.45028],[-118.30231,39.44981],[-118.30396,39.44897],[-118.30404,39.44825],[-118.30312,39.44692],[-118.30181,39.44689],[-118.30133,39.44646],[-118.30184,39.44526],[-118.30348,39.44435],[-118.30445,39.4434],[-118.30422,39.4428],[-118.30529,39.44039],[-118.3066,39.44264],[-118.30843,39.44421],[-118.30923,39.4455],[-118.30816,39.44679],[-118.30659,39.4477],[-118.3063,39.44873],[-118.3064,39.45042],[-118.30592,39.45107],[-118.30645,39.45043],[-118.30635,39.44873],[-118.30663,39.44772],[-118.30819,39.44682],[-118.30925,39.44557],[-118.31,39.44799],[-118.31116,39.44922],[-118.31121,39.45077],[-118.31226,39.45205],[-118.31247,39.45303],[-118.31201,39.45456],[-118.31193,39.45798],[-118.31036,39.45997],[-118.31046,39.46114],[-118.31009,39.46252],[-118.31045,39.46484],[-118.30707,39.46641],[-118.30659,39.4676],[-118.3053,39.46897],[-118.30663,39.46762],[-118.3071,39.46643],[-118.31045,39.46488],[-118.31109,39.46628],[-118.31102,39.46712],[-118.31187,39.46812],[-118.31172,39.46927],[-118.31249,39.47071],[-118.31225,39.47198],[-118.31391,39.47312],[-118.31437,39.47392],[-118.31395,39.4731],[-118.31229,39.47197],[-118.31254,39.4707],[-118.31177,39.46926],[-118.31183,39.46784],[-118.311,39.4669],[-118.31113,39.46628],[-118.3105,39.46488],[-118.3102,39.46316],[-118.31045,39.45978],[-118.31199,39.45793],[-118.31206,39.45456],[-118.31252,39.45303],[-118.3123,39.45204],[-118.31126,39.45076],[-118.3112,39.44921],[-118.31005,39.44797],[-118.30888,39.44482],[-118.30687,39.44292],[-118.30531,39.44035],[-118.30488,39.43846],[-118.30546,39.43701],[-118.30651,39.43812],[-118.30654,39.4391],[-118.30919,39.44013],[-118.30934,39.44114],[-118.30904,39.44163],[-118.31018,39.44285],[-118.31045,39.44375],[-118.31133,39.44423],[-118.31148,39.44522],[-118.31247,39.44618],[-118.31539,39.44712],[-118.31569,39.44759],[-118.31552,39.44818],[-118.31635,39.4491],[-118.31727,39.44932],[-118.31781,39.45015],[-118.32101,39.45177],[-118.32489,39.45179],[-118.32575,39.45213],[-118.3265,39.45259],[-118.32643,39.45336],[-118.32705,39.45437],[-118.32984,39.45516],[-118.32709,39.45435],[-118.3265,39.45341],[-118.32648,39.45249],[-118.32506,39.4518],[-118.32103,39.45174],[-118.31784,39.45012],[-118.3173,39.44929],[-118.31644,39.44912],[-118.31556,39.44816],[-118.31573,39.44758],[-118.31519,39.44691],[-118.31264,39.44622],[-118.31152,39.4452],[-118.31137,39.44421],[-118.31049,39.44373],[-118.31022,39.44284],[-118.30944,39.44219],[-118.3091,39.44142],[-118.30928,39.44127],[-118.30998,39.44197],[-118.31286,39.44165],[-118.31349,39.44233],[-118.31469,39.4421],[-118.31542,39.44144],[-118.31467,39.44207],[-118.31367,39.44228],[-118.31287,39.44162],[-118.30988,39.44191],[-118.30931,39.44125],[-118.30923,39.4401],[-118.30652,39.43903],[-118.30655,39.43811],[-118.30549,39.43697],[-118.30551,39.4359],[-118.30461,39.43255],[-118.30251,39.43106],[-118.30557,39.43059],[-118.30668,39.43161],[-118.30635,39.43197],[-118.30657,39.43228],[-118.30743,39.43204],[-118.31003,39.43341],[-118.31161,39.43374],[-118.31183,39.4347],[-118.31246,39.43504],[-118.3118,39.43455],[-118.31188,39.43391],[-118.31005,39.43338],[-118.30744,39.43201],[-118.3066,39.43225],[-118.30639,39.43198],[-118.30672,39.43158],[-118.30559,39.43056],[-118.30246,39.43103],[-118.30185,39.43021],[-118.30141,39.42851],[-118.3039,39.42855],[-118.30506,39.42906],[-118.30659,39.42867],[-118.31044,39.42906],[-118.30659,39.42864],[-118.30506,39.42902],[-118.30392,39.42852],[-118.3014,39.42847],[-118.30105,39.42756],[-118.29783,39.42397],[-118.29706,39.42265],[-118.29557,39.42124],[-118.29454,39.4208],[-118.28905,39.41357],[-118.28877,39.41165],[-118.28763,39.40942],[-118.28755,39.40686],[-118.2871,39.40519],[-118.28497,39.40216],[-118.28452,39.40079],[-118.28038,39.39879],[-118.27797,39.39651],[-118.27271,39.39497],[-118.26715,39.39218],[-118.26324,39.38942],[-118.2612,39.38876],[-118.25929,39.38763],[-118.25552,39.3844],[-118.25506,39.38247],[-118.25423,39.38157],[-118.2505,39.38035],[-118.24764,39.37889],[-118.24275,39.37438],[-118.23785,39.37128],[-118.23345,39.36697],[-118.22998,39.36506],[-118.23001,39.36475],[-118.2292,39.36397],[-118.22686,39.36229],[-118.21846,39.35797],[-118.21515,39.3559],[-118.21407,39.35487],[-118.21313,39.35288],[-118.20914,39.34814],[-118.20769,39.34701],[-118.20546,39.34604],[-118.20766,39.34704],[-118.20911,39.34816],[-118.21309,39.3529],[-118.21402,39.35489],[-118.21512,39.35593],[-118.21843,39.358],[-118.22602,39.36178],[-118.22916,39.36399],[-118.22997,39.36476],[-118.22994,39.36508],[-118.23342,39.36699],[-118.23544,39.36879],[-118.23621,39.36998],[-118.23097,39.36849],[-118.22862,39.36717],[-118.22716,39.36671],[-118.22502,39.36532],[-118.22277,39.3648],[-118.21861,39.36238],[-118.21525,39.36171],[-118.21364,39.36187],[-118.21275,39.36106],[-118.21159,39.36071],[-118.20948,39.36104],[-118.2071,39.36028],[-118.20594,39.36023],[-118.20449,39.35901],[-118.20116,39.35922],[-118.19984,39.36],[-118.1987,39.36121],[-118.19525,39.36201],[-118.19403,39.36209],[-118.19124,39.3616],[-118.18852,39.36268],[-118.18686,39.36103],[-118.18636,39.36102],[-118.18682,39.36105],[-118.18851,39.36271],[-118.19125,39.36164],[-118.19402,39.36212],[-118.19573,39.36199],[-118.19873,39.36124],[-118.19987,39.36002],[-118.20118,39.35925],[-118.20347,39.35898],[-118.20467,39.35909],[-118.20583,39.36024],[-118.20708,39.36032],[-118.20851,39.36087],[-118.20948,39.36107],[-118.21189,39.3608],[-118.21885,39.36454],[-118.22613,39.36614],[-118.23095,39.36853],[-118.23599,39.36989],[-118.24235,39.37411],[-118.24757,39.37891],[-118.24436,39.37848],[-118.24343,39.37785],[-118.24135,39.37756],[-118.24016,39.37675],[-118.23367,39.37522],[-118.23099,39.37337],[-118.22815,39.37254],[-118.22516,39.37065],[-118.21998,39.36919],[-118.21774,39.36788],[-118.21576,39.36723],[-118.20933,39.3671],[-118.20618,39.36557],[-118.20498,39.36584],[-118.20032,39.36463],[-118.19938,39.36471],[-118.19723,39.36345],[-118.19455,39.36362],[-118.19248,39.36456],[-118.18901,39.36529],[-118.18746,39.36602],[-118.18902,39.36533],[-118.1925,39.36459],[-118.19457,39.36365],[-118.19722,39.36348],[-118.19936,39.36475],[-118.20031,39.36467],[-118.20498,39.36587],[-118.20616,39.3656],[-118.20932,39.36714],[-118.21575,39.36727],[-118.21771,39.36791],[-118.21995,39.36922],[-118.22514,39.37068],[-118.22813,39.37258],[-118.23096,39.3734],[-118.2321,39.3744],[-118.22956,39.37373],[-118.22696,39.3726],[-118.22478,39.37232],[-118.22235,39.3725],[-118.2175,39.37116],[-118.215,39.37095],[-118.21246,39.37142],[-118.20997,39.37085],[-118.20785,39.37097],[-118.20586,39.37049],[-118.20422,39.36923],[-118.20172,39.36903],[-118.19871,39.36826],[-118.19659,39.36848],[-118.19556,39.36827],[-118.19274,39.36868],[-118.18746,39.36821],[-118.18332,39.36836],[-118.18,39.36948],[-118.18004,39.36902],[-118.18353,39.36597],[-118.18474,39.36335],[-118.18604,39.36189],[-118.18617,39.36129],[-118.18474,39.36327],[-118.18349,39.36595],[-118.18,39.36901],[-118.17986,39.36972],[-118.17884,39.37077],[-118.17823,39.37262],[-118.17591,39.37525],[-118.1754,39.3769],[-118.17398,39.37908],[-118.17257,39.38038],[-118.17238,39.38101],[-118.1728,39.38195],[-118.1727,39.38274],[-118.17208,39.38349],[-118.17004,39.38457],[-118.16845,39.3862],[-118.16769,39.38775],[-118.16768,39.38925],[-118.1672,39.39007],[-118.16268,39.39314],[-118.16023,39.39387],[-118.16036,39.39272],[-118.16174,39.39062],[-118.16344,39.38892],[-118.16368,39.38476],[-118.16462,39.38084],[-118.16323,39.37741],[-118.16294,39.37372],[-118.16134,39.36997],[-118.16478,39.36921],[-118.16694,39.36794],[-118.16824,39.36759],[-118.16692,39.36791],[-118.16477,39.36917],[-118.16134,39.3699],[-118.15835,39.36738],[-118.15739,39.36528],[-118.15867,39.36345],[-118.15872,39.36264],[-118.15837,39.3604],[-118.15732,39.35803],[-118.15674,39.35517],[-118.15284,39.3514],[-118.15102,39.35119],[-118.1505,39.35075],[-118.15044,39.34931],[-118.14947,39.34752],[-118.14985,39.34634],[-118.14951,39.34531],[-118.148,39.34172],[-118.14647,39.3408],[-118.14634,39.33971],[-118.14598,39.33925],[-118.14885,39.33584],[-118.14961,39.33418],[-118.15044,39.33351],[-118.15035,39.33087],[-118.15228,39.3289],[-118.15279,39.32555],[-118.15333,39.32455],[-118.1542,39.32386],[-118.15545,39.32148],[-118.15556,39.31868],[-118.15595,39.3169],[-118.15769,39.31496],[-118.15831,39.3124],[-118.15772,39.31009],[-118.15775,39.30616],[-118.15874,39.30265],[-118.15645,39.29584],[-118.15651,39.29274],[-118.15586,39.29106],[-118.156,39.28926],[-118.15515,39.2872],[-118.15595,39.28926],[-118.15581,39.29107],[-118.15647,39.29275],[-118.15641,39.29584],[-118.15869,39.30265],[-118.1577,39.30615],[-118.15765,39.30974],[-118.15826,39.3124],[-118.1581,39.31337],[-118.15764,39.31495],[-118.15591,39.31689],[-118.15529,39.32033],[-118.15427,39.3191],[-118.15272,39.31823],[-118.15246,39.31755],[-118.15238,39.31603],[-118.15279,39.31413],[-118.15198,39.31254],[-118.15254,39.31076],[-118.15321,39.30987],[-118.15278,39.30766],[-118.15317,39.30222],[-118.15407,39.29917],[-118.15323,39.29361],[-118.15262,39.29189],[-118.15119,39.28985],[-118.15103,39.28781],[-118.15045,39.28716],[-118.15098,39.28781],[-118.15115,39.28987],[-118.15257,39.29191],[-118.15319,39.29362],[-118.15403,39.29917],[-118.15312,39.30222],[-118.15273,39.30766],[-118.15316,39.30987],[-118.1525,39.31075],[-118.15203,39.31243],[-118.151,39.31156],[-118.15007,39.30931],[-118.14939,39.30874],[-118.14689,39.30772],[-118.14697,39.30563],[-118.14442,39.30444],[-118.14296,39.30315],[-118.14206,39.30106],[-118.14251,39.29902],[-118.14199,39.30078],[-118.14291,39.30316],[-118.14439,39.30447],[-118.14693,39.30565],[-118.14685,39.30774],[-118.14936,39.30877],[-118.15002,39.30933],[-118.14755,39.30942],[-118.14366,39.30827],[-118.14078,39.30686],[-118.13888,39.30495],[-118.14075,39.30689],[-118.14356,39.30828],[-118.13872,39.30801],[-118.13529,39.30632],[-118.1387,39.30804],[-118.14426,39.30835],[-118.14754,39.30945],[-118.14997,39.3094],[-118.15095,39.31158],[-118.15212,39.31278],[-118.15275,39.31413],[-118.15234,39.31603],[-118.15257,39.31809],[-118.15423,39.31912],[-118.15533,39.32037],[-118.15541,39.32147],[-118.15416,39.32384],[-118.15329,39.32454],[-118.15275,39.32554],[-118.15224,39.32888],[-118.1503,39.33086],[-118.15039,39.3335],[-118.14957,39.33416],[-118.14881,39.33582],[-118.14595,39.33922],[-118.14484,39.3381],[-118.14378,39.33528],[-118.1444,39.33229],[-118.14435,39.33113],[-118.14495,39.33038],[-118.14509,39.32773],[-118.14404,39.32539],[-118.14228,39.32319],[-118.144,39.3254],[-118.14505,39.32774],[-118.1449,39.33038],[-118.1443,39.33112],[-118.14376,39.33564],[-118.14497,39.33845],[-118.14624,39.33956],[-118.14643,39.34079],[-118.14501,39.3404],[-118.14442,39.3395],[-118.1411,39.33709],[-118.14039,39.33569],[-118.14023,39.33032],[-118.1389,39.32531],[-118.13933,39.32379],[-118.13877,39.32237],[-118.13977,39.31794],[-118.13965,39.31681],[-118.13464,39.31401],[-118.13234,39.31179],[-118.12896,39.31122],[-118.12852,39.31065],[-118.12836,39.3095],[-118.12635,39.30817],[-118.1269,39.30785],[-118.12741,39.30675],[-118.12771,39.30549],[-118.12738,39.30488],[-118.12776,39.30301],[-118.13112,39.29961],[-118.13353,39.29469],[-118.13107,39.2996],[-118.12771,39.30299],[-118.12733,39.30488],[-118.12766,39.30549],[-118.12729,39.30699],[-118.12671,39.30799],[-118.12632,39.30814],[-118.12597,39.3078],[-118.12701,39.30884],[-118.12833,39.30952],[-118.12859,39.31085],[-118.12774,39.31073],[-118.12612,39.30913],[-118.12404,39.30797],[-118.12217,39.30779],[-118.12059,39.3084],[-118.1193,39.30781],[-118.11811,39.30789],[-118.11679,39.30846],[-118.11653,39.30924],[-118.11558,39.30995],[-118.10971,39.31106],[-118.10819,39.31171],[-118.10656,39.31393],[-118.10187,39.31694],[-118.09987,39.31756],[-118.09838,39.31752],[-118.09613,39.31804],[-118.09027,39.31785],[-118.08939,39.31749],[-118.08502,39.31793],[-118.08185,39.31932],[-118.07693,39.32076],[-118.07685,39.32179],[-118.076,39.32291],[-118.07453,39.32257],[-118.07163,39.32452],[-118.0703,39.32441],[-118.06827,39.32497],[-118.07031,39.32446],[-118.07134,39.32469],[-118.07455,39.32262],[-118.07603,39.32296],[-118.07692,39.32181],[-118.07697,39.32081],[-118.08188,39.31937],[-118.08504,39.31798],[-118.08939,39.31754],[-118.09025,39.31791],[-118.09517,39.31815],[-118.1002,39.31756],[-118.10216,39.31686],[-118.10661,39.31397],[-118.1084,39.31167],[-118.10935,39.3112],[-118.11392,39.31031],[-118.11291,39.31114],[-118.11029,39.31228],[-118.10915,39.31369],[-118.10836,39.31609],[-118.10781,39.31668],[-118.10771,39.31787],[-118.10636,39.32075],[-118.10561,39.32168],[-118.10525,39.32528],[-118.10413,39.32847],[-118.10364,39.33113],[-118.10202,39.33185],[-118.09884,39.33256],[-118.0931,39.33213],[-118.09198,39.3323],[-118.08913,39.33177],[-118.08479,39.33151],[-118.0747,39.33218],[-118.07356,39.33293],[-118.07267,39.33276],[-118.07179,39.33189],[-118.07082,39.33166],[-118.07018,39.33178],[-118.06896,39.33279],[-118.06763,39.33205],[-118.06719,39.33109],[-118.06475,39.33034],[-118.0642,39.32931],[-118.0627,39.32972],[-118.06214,39.32947],[-118.06162,39.32988],[-118.05917,39.32829],[-118.0616,39.32994],[-118.06215,39.32953],[-118.0627,39.32977],[-118.06416,39.32936],[-118.0647,39.33038],[-118.06714,39.33114],[-118.06759,39.332],[-118.06654,39.33219],[-118.06506,39.33411],[-118.06407,39.33486],[-118.06357,39.3344],[-118.06117,39.33406],[-118.06052,39.33343],[-118.05984,39.33359],[-118.05917,39.33427],[-118.05821,39.33416],[-118.05733,39.33315],[-118.05634,39.33313],[-118.05558,39.33276],[-118.05631,39.33318],[-118.05729,39.3332],[-118.0582,39.33421],[-118.05919,39.33433],[-118.05988,39.33363],[-118.06051,39.33349],[-118.06154,39.33417],[-118.06116,39.33489],[-118.06128,39.33537],[-118.06052,39.33614],[-118.06016,39.33616],[-118.06001,39.33558],[-118.0597,39.3355],[-118.05862,39.33622],[-118.05544,39.33712],[-118.05499,39.3377],[-118.05379,39.3381],[-118.0527,39.33729],[-118.05334,39.33805],[-118.05444,39.33798],[-118.05548,39.33717],[-118.05865,39.33626],[-118.05972,39.33555],[-118.06012,39.33622],[-118.06116,39.33564],[-118.06099,39.33612],[-118.06175,39.33642],[-118.06096,39.3369],[-118.06101,39.33803],[-118.05998,39.33865],[-118.05887,39.3388],[-118.05799,39.34017],[-118.05596,39.33966],[-118.05381,39.34151],[-118.05348,39.34221],[-118.05289,39.3422],[-118.05211,39.34269],[-118.05162,39.34271],[-118.04988,39.34156],[-118.05183,39.34281],[-118.05353,39.34225],[-118.05388,39.34154],[-118.056,39.3397],[-118.05803,39.34022],[-118.05891,39.33885],[-118.06002,39.3387],[-118.06108,39.33804],[-118.06102,39.33693],[-118.06184,39.33656],[-118.06105,39.33609],[-118.0616,39.33413],[-118.06354,39.33445],[-118.0641,39.33491],[-118.06511,39.33414],[-118.06541,39.33343],[-118.06665,39.33218],[-118.06757,39.33208],[-118.06896,39.33284],[-118.07022,39.33182],[-118.07132,39.33175],[-118.07263,39.3328],[-118.07356,39.33298],[-118.07472,39.33223],[-118.08479,39.33156],[-118.08912,39.33182],[-118.09197,39.33236],[-118.0931,39.33218],[-118.09885,39.33262],[-118.1028,39.33162],[-118.10375,39.33111],[-118.1042,39.32849],[-118.10532,39.32529],[-118.10568,39.32169],[-118.10642,39.32077],[-118.10777,39.31789],[-118.10788,39.31669],[-118.10842,39.31611],[-118.10921,39.31371],[-118.11034,39.31232],[-118.11295,39.31119],[-118.11414,39.31027],[-118.11562,39.31],[-118.1166,39.30926],[-118.11684,39.3085],[-118.11813,39.30794],[-118.11927,39.30786],[-118.12058,39.30846],[-118.12218,39.30784],[-118.12402,39.30802],[-118.12609,39.30916],[-118.12772,39.31076],[-118.12843,39.3108],[-118.12949,39.31152],[-118.13263,39.31199],[-118.13461,39.31403],[-118.1392,39.31642],[-118.13967,39.31694],[-118.13972,39.31793],[-118.13873,39.3222],[-118.13891,39.32277],[-118.13612,39.32347],[-118.13527,39.32427],[-118.13444,39.32445],[-118.1307,39.32413],[-118.12944,39.32445],[-118.12692,39.32423],[-118.12598,39.32489],[-118.12475,39.3243],[-118.12269,39.32455],[-118.12474,39.32435],[-118.12597,39.32493],[-118.12693,39.32426],[-118.12944,39.32448],[-118.1307,39.32417],[-118.13444,39.32449],[-118.1353,39.3243],[-118.13615,39.32351],[-118.13893,39.3228],[-118.13928,39.32379],[-118.13885,39.32531],[-118.14019,39.33032],[-118.14054,39.33632],[-118.14124,39.33726],[-118.14439,39.33953],[-118.14497,39.34043],[-118.14643,39.34082],[-118.14789,39.34167],[-118.14866,39.34358],[-118.14744,39.34222],[-118.146,39.34141],[-118.14403,39.34142],[-118.14156,39.34329],[-118.1406,39.34198],[-118.13977,39.34144],[-118.13942,39.34054],[-118.13777,39.33966],[-118.13681,39.33812],[-118.13569,39.33755],[-118.13306,39.33732],[-118.13061,39.33824],[-118.12861,39.33805],[-118.128,39.33775],[-118.12688,39.33567],[-118.1262,39.33509],[-118.12343,39.33391],[-118.12169,39.33475],[-118.1211,39.33426],[-118.11904,39.33369],[-118.11838,39.3329],[-118.11901,39.33374],[-118.12106,39.3343],[-118.12167,39.3348],[-118.12308,39.334],[-118.12402,39.33409],[-118.1265,39.33536],[-118.12789,39.33725],[-118.12797,39.33778],[-118.13033,39.3383],[-118.12932,39.33914],[-118.12859,39.34031],[-118.12659,39.34144],[-118.12421,39.34121],[-118.12214,39.3398],[-118.11983,39.33921],[-118.12211,39.33985],[-118.12418,39.34126],[-118.1266,39.34148],[-118.12863,39.34033],[-118.12936,39.33916],[-118.13045,39.33827],[-118.13307,39.33736],[-118.13553,39.33754],[-118.13677,39.33815],[-118.13774,39.33968],[-118.13939,39.34056],[-118.13973,39.34146],[-118.14056,39.342],[-118.14154,39.34332],[-118.14405,39.34145],[-118.1462,39.3415],[-118.14741,39.34224],[-118.14869,39.34364],[-118.14961,39.34571],[-118.14724,39.34479],[-118.14325,39.34386],[-118.14201,39.34398],[-118.13877,39.34514],[-118.13554,39.34543],[-118.13165,39.34536],[-118.1284,39.34425],[-118.12274,39.34421],[-118.12098,39.34299],[-118.1201,39.34069],[-118.11689,39.33779],[-118.11605,39.3368],[-118.11575,39.33574],[-118.11599,39.33683],[-118.11845,39.3395],[-118.11954,39.34004],[-118.12084,39.34291],[-118.12227,39.34411],[-118.12839,39.34429],[-118.13157,39.34537],[-118.12659,39.34476],[-118.11662,39.34573],[-118.11063,39.34556],[-118.10841,39.345],[-118.10858,39.34397],[-118.10904,39.34346],[-118.10891,39.34213],[-118.1096,39.34061],[-118.1086,39.33948],[-118.10999,39.33927],[-118.11058,39.33777],[-118.11044,39.33719],[-118.11051,39.33777],[-118.10994,39.33924],[-118.10853,39.33946],[-118.10953,39.3406],[-118.10884,39.34212],[-118.10897,39.34346],[-118.10836,39.3443],[-118.10835,39.34498],[-118.10655,39.34415],[-118.10636,39.34322],[-118.10567,39.34249],[-118.10558,39.34153],[-118.10392,39.34038],[-118.10369,39.33975],[-118.10567,39.33895],[-118.10713,39.33935],[-118.10915,39.33812],[-118.1071,39.33929],[-118.10566,39.3389],[-118.10362,39.33973],[-118.10386,39.3404],[-118.10508,39.34119],[-118.10015,39.33969],[-118.0946,39.34011],[-118.09253,39.33974],[-118.09017,39.33861],[-118.0873,39.33801],[-118.08417,39.33607],[-118.08267,39.33536],[-118.08101,39.33506],[-118.07915,39.33411],[-118.07788,39.33466],[-118.07618,39.3349],[-118.07586,39.33541],[-118.07621,39.33495],[-118.0779,39.33472],[-118.07913,39.33416],[-118.08098,39.33511],[-118.08264,39.33541],[-118.0847,39.33663],[-118.08348,39.33677],[-118.08172,39.33756],[-118.07564,39.33733],[-118.07243,39.33827],[-118.07097,39.3376],[-118.07243,39.33832],[-118.07566,39.33738],[-118.08174,39.33762],[-118.0835,39.33682],[-118.08473,39.33668],[-118.08727,39.33806],[-118.09014,39.33866],[-118.09251,39.33979],[-118.0946,39.34017],[-118.10013,39.33974],[-118.10514,39.34123],[-118.10556,39.34201],[-118.09935,39.3428],[-118.08511,39.34191],[-118.08139,39.3426],[-118.0784,39.34262],[-118.07578,39.3421],[-118.0744,39.34134],[-118.07021,39.34158],[-118.06968,39.34195],[-118.06953,39.34287],[-118.06867,39.34306],[-118.06866,39.34401],[-118.06948,39.34439],[-118.06952,39.34468],[-118.06743,39.34462],[-118.06698,39.34603],[-118.06592,39.34632],[-118.06323,39.34568],[-118.06209,39.34472],[-118.0606,39.34448],[-118.05845,39.34261],[-118.0569,39.34213],[-118.05351,39.34392],[-118.05725,39.34221],[-118.05893,39.34302],[-118.0602,39.34432],[-118.06206,39.34477],[-118.06287,39.34554],[-118.06096,39.3461],[-118.06018,39.34684],[-118.05931,39.3462],[-118.05867,39.34612],[-118.05809,39.34676],[-118.0567,39.34714],[-118.05601,39.34701],[-118.05558,39.34736],[-118.05468,39.34719],[-118.05375,39.34782],[-118.05471,39.34724],[-118.05561,39.34741],[-118.05603,39.34706],[-118.0567,39.3472],[-118.05812,39.34681],[-118.05869,39.34618],[-118.0602,39.34689],[-118.06099,39.34615],[-118.06292,39.34558],[-118.06585,39.34638],[-118.06668,39.34627],[-118.06713,39.3459],[-118.06747,39.34467],[-118.06958,39.34471],[-118.06953,39.34435],[-118.06873,39.34398],[-118.0687,39.34342],[-118.06877,39.34305],[-118.06959,39.3429],[-118.06989,39.34173],[-118.07439,39.3414],[-118.07575,39.34214],[-118.0784,39.34267],[-118.08141,39.34265],[-118.08511,39.34196],[-118.09934,39.34286],[-118.1051,39.34204],[-118.10547,39.3421],[-118.10629,39.34325],[-118.10664,39.34431],[-118.10447,39.34368],[-118.1016,39.34362],[-118.09939,39.34478],[-118.09575,39.34561],[-118.09075,39.34747],[-118.08642,39.3481],[-118.08514,39.34857],[-118.08241,39.34848],[-118.07874,39.34895],[-118.07419,39.34759],[-118.07234,39.34807],[-118.07417,39.34765],[-118.07872,39.34901],[-118.08242,39.34853],[-118.08516,39.34863],[-118.08644,39.34815],[-118.09077,39.34753],[-118.09578,39.34566],[-118.09942,39.34483],[-118.10162,39.34367],[-118.10446,39.34373],[-118.10771,39.34484],[-118.10628,39.34496],[-118.10501,39.3457],[-118.10328,39.34591],[-118.10243,39.34649],[-118.0951,39.34846],[-118.09128,39.34809],[-118.08892,39.3482],[-118.08655,39.34997],[-118.08036,39.35265],[-118.07592,39.35207],[-118.07378,39.3524],[-118.07147,39.35166],[-118.07047,39.35054],[-118.069,39.35062],[-118.06814,39.35014],[-118.06784,39.34956],[-118.06594,39.34889],[-118.0678,39.3496],[-118.06853,39.35047],[-118.07044,39.35058],[-118.07143,39.3517],[-118.07376,39.35245],[-118.07592,39.35213],[-118.08037,39.3527],[-118.08659,39.35002],[-118.08895,39.34825],[-118.09512,39.34851],[-118.10246,39.34654],[-118.10331,39.34596],[-118.10503,39.34575],[-118.10631,39.34501],[-118.10777,39.34488],[-118.10861,39.34516],[-118.10532,39.34715],[-118.10232,39.34802],[-118.1013,39.34889],[-118.1005,39.35022],[-118.09751,39.35166],[-118.0959,39.35317],[-118.09323,39.35426],[-118.09114,39.35486],[-118.0895,39.35506],[-118.08777,39.35483],[-118.08659,39.35534],[-118.08246,39.35577],[-118.07973,39.35549],[-118.07318,39.3564],[-118.06889,39.35632],[-118.06824,39.35574],[-118.06721,39.35583],[-118.06612,39.35534],[-118.06568,39.35436],[-118.06446,39.35351],[-118.06458,39.35274],[-118.06415,39.3524],[-118.06293,39.35248],[-118.06204,39.35192],[-118.06149,39.35195],[-118.0608,39.35129],[-118.05985,39.35121],[-118.05967,39.35073],[-118.05887,39.3503],[-118.05818,39.3491],[-118.05751,39.3487],[-118.0598,39.35125],[-118.06077,39.35134],[-118.06145,39.35199],[-118.06201,39.35197],[-118.06291,39.35253],[-118.06411,39.35245],[-118.06452,39.35276],[-118.06439,39.35354],[-118.06562,39.35439],[-118.06607,39.35538],[-118.06715,39.35585],[-118.06639,39.3562],[-118.06509,39.35597],[-118.06426,39.3567],[-118.06313,39.35632],[-118.06234,39.35659],[-118.06163,39.35646],[-118.06033,39.35545],[-118.05956,39.35579],[-118.05897,39.35536],[-118.05812,39.35527],[-118.05717,39.35446],[-118.05617,39.35448],[-118.0554,39.3539],[-118.05364,39.35392],[-118.05229,39.3553],[-118.05105,39.35541],[-118.05232,39.35535],[-118.05366,39.35397],[-118.05484,39.35391],[-118.05615,39.35453],[-118.05714,39.35451],[-118.05806,39.3553],[-118.05752,39.3563],[-118.05706,39.35643],[-118.05608,39.35552],[-118.05535,39.35537],[-118.0539,39.35688],[-118.05251,39.35779],[-118.05222,39.35876],[-118.05257,39.35782],[-118.05394,39.35692],[-118.0554,39.35541],[-118.05604,39.35556],[-118.05704,39.35648],[-118.05757,39.35633],[-118.05813,39.35533],[-118.05955,39.35585],[-118.0603,39.3555],[-118.06161,39.35652],[-118.06312,39.35638],[-118.06426,39.35676],[-118.06511,39.35602],[-118.06639,39.35626],[-118.06789,39.35576],[-118.06918,39.35646],[-118.07318,39.35646],[-118.07973,39.35554],[-118.08246,39.35582],[-118.08661,39.35539],[-118.08778,39.35488],[-118.08958,39.35511],[-118.09147,39.35485],[-118.09594,39.35322],[-118.09755,39.3517],[-118.09954,39.35093],[-118.09491,39.35425],[-118.09279,39.3548],[-118.09101,39.35596],[-118.08943,39.35628],[-118.0876,39.35766],[-118.08619,39.35823],[-118.08393,39.35871],[-118.07697,39.3577],[-118.07619,39.35814],[-118.07494,39.35821],[-118.07466,39.35996],[-118.07393,39.36066],[-118.0716,39.36048],[-118.07113,39.36106],[-118.07032,39.36118],[-118.06863,39.35993],[-118.06642,39.3599],[-118.06859,39.35999],[-118.07032,39.36124],[-118.07116,39.36111],[-118.07162,39.36054],[-118.07283,39.36055],[-118.07355,39.36088],[-118.07398,39.36071],[-118.07473,39.35998],[-118.075,39.35825],[-118.07621,39.35819],[-118.07699,39.35775],[-118.08394,39.35877],[-118.08611,39.35829],[-118.08482,39.35967],[-118.08437,39.36068],[-118.08244,39.36246],[-118.07935,39.36354],[-118.07722,39.36397],[-118.07404,39.3631],[-118.07201,39.36323],[-118.07076,39.36282],[-118.0688,39.36278],[-118.06593,39.36036],[-118.06433,39.36011],[-118.0627,39.3603],[-118.06172,39.35991],[-118.06268,39.36035],[-118.06433,39.36016],[-118.0659,39.36041],[-118.06878,39.36283],[-118.07074,39.36287],[-118.072,39.36329],[-118.07402,39.36316],[-118.0768,39.36397],[-118.07937,39.36359],[-118.08205,39.36271],[-118.07884,39.36415],[-118.07541,39.36451],[-118.06922,39.36327],[-118.06479,39.36426],[-118.06353,39.36328],[-118.06203,39.36278],[-118.0618,39.36201],[-118.06115,39.36167],[-118.05868,39.36114],[-118.05798,39.36144],[-118.05511,39.36072],[-118.05796,39.36149],[-118.05869,39.36119],[-118.06056,39.36155],[-118.06174,39.36204],[-118.06196,39.36278],[-118.06089,39.36321],[-118.05945,39.36297],[-118.05886,39.36322],[-118.05524,39.36278],[-118.05886,39.36328],[-118.05946,39.36303],[-118.06089,39.36327],[-118.062,39.36283],[-118.0635,39.36333],[-118.06479,39.36431],[-118.06922,39.36333],[-118.07539,39.36456],[-118.07887,39.3642],[-118.08155,39.36313],[-118.08265,39.36237],[-118.08442,39.36071],[-118.08488,39.3597],[-118.08623,39.35827],[-118.08764,39.3577],[-118.08946,39.35633],[-118.09104,39.35601],[-118.09262,39.35494],[-118.09474,39.35439],[-118.09661,39.35332],[-118.10073,39.35012],[-118.10122,39.34909],[-118.10237,39.34806],[-118.10536,39.34719],[-118.10868,39.34519],[-118.11302,39.34585],[-118.10963,39.34859],[-118.10877,39.34885],[-118.10474,39.35156],[-118.10409,39.35158],[-118.10207,39.35282],[-118.09975,39.35312],[-118.09467,39.35513],[-118.09329,39.35532],[-118.0893,39.35722],[-118.08601,39.36168],[-118.08486,39.36254],[-118.08187,39.36383],[-118.07891,39.36473],[-118.07616,39.36492],[-118.07474,39.36584],[-118.07388,39.36598],[-118.07087,39.36624],[-118.06808,39.36601],[-118.06522,39.36522],[-118.06307,39.36583],[-118.06566,39.36528],[-118.06809,39.36608],[-118.07087,39.36629],[-118.07389,39.36604],[-118.07478,39.36589],[-118.07618,39.36497],[-118.07893,39.36478],[-118.0819,39.36388],[-118.0849,39.36258],[-118.08607,39.36171],[-118.08935,39.35727],[-118.09332,39.35537],[-118.0981,39.354],[-118.09277,39.35782],[-118.0886,39.35976],[-118.08609,39.3623],[-118.0838,39.36388],[-118.07476,39.36664],[-118.07119,39.3674],[-118.06707,39.3672],[-118.06565,39.36667],[-118.063,39.36786],[-118.06125,39.36764],[-118.06064,39.36687],[-118.06004,39.36668],[-118.05918,39.36698],[-118.0576,39.36641],[-118.05586,39.36701],[-118.05521,39.36786],[-118.0559,39.36705],[-118.05761,39.36647],[-118.05917,39.36703],[-118.06036,39.36678],[-118.06122,39.36769],[-118.063,39.36791],[-118.06566,39.36672],[-118.06705,39.36725],[-118.0712,39.36745],[-118.07912,39.36547],[-118.08397,39.36385],[-118.08148,39.36502],[-118.07943,39.36662],[-118.06869,39.37051],[-118.06498,39.37056],[-118.06261,39.36958],[-118.06496,39.37061],[-118.06772,39.37073],[-118.07431,39.36861],[-118.07164,39.3707],[-118.06761,39.37183],[-118.06571,39.37294],[-118.0637,39.37254],[-118.0594,39.37039],[-118.05762,39.37108],[-118.05547,39.37013],[-118.05447,39.36924],[-118.05234,39.3698],[-118.05147,39.36971],[-118.05235,39.36986],[-118.05446,39.36929],[-118.05657,39.37087],[-118.05546,39.37134],[-118.05541,39.37195],[-118.05503,39.3721],[-118.05419,39.37183],[-118.05313,39.37089],[-118.05087,39.37149],[-118.05311,39.37094],[-118.05414,39.37187],[-118.05504,39.37216],[-118.05547,39.37198],[-118.05552,39.37138],[-118.05656,39.37076],[-118.05775,39.37115],[-118.05938,39.37044],[-118.06367,39.37259],[-118.0657,39.373],[-118.06765,39.37188],[-118.07052,39.37117],[-118.06868,39.3726],[-118.06833,39.37321],[-118.06699,39.37383],[-118.06411,39.37421],[-118.06235,39.37409],[-118.06168,39.37469],[-118.06092,39.37471],[-118.06007,39.37423],[-118.05774,39.37428],[-118.05638,39.37544],[-118.05538,39.37475],[-118.05456,39.37518],[-118.05338,39.37473],[-118.05152,39.37518],[-118.04998,39.37778],[-118.05156,39.37523],[-118.05337,39.37478],[-118.05458,39.37524],[-118.05553,39.37487],[-118.05628,39.37561],[-118.05371,39.37778],[-118.0535,39.37855],[-118.05149,39.3797],[-118.05355,39.37858],[-118.05377,39.37781],[-118.05642,39.37552],[-118.05669,39.37573],[-118.05709,39.37972],[-118.05682,39.38188],[-118.05717,39.37971],[-118.05676,39.37571],[-118.05645,39.37544],[-118.05746,39.37447],[-118.05914,39.37419],[-118.06169,39.37474],[-118.06237,39.37414],[-118.06636,39.37402],[-118.06807,39.37345],[-118.06991,39.37155],[-118.072,39.37055],[-118.07506,39.36814],[-118.07947,39.36666],[-118.08152,39.36507],[-118.08372,39.36416],[-118.08614,39.36234],[-118.08865,39.35979],[-118.09282,39.35786],[-118.09848,39.35377],[-118.1001,39.35308],[-118.1021,39.35287],[-118.10412,39.35163],[-118.10478,39.3516],[-118.10882,39.34889],[-118.10968,39.34863],[-118.11308,39.34587],[-118.11752,39.34574],[-118.12659,39.3448],[-118.13098,39.34549],[-118.13282,39.34524],[-118.1355,39.34545],[-118.13386,39.34625],[-118.12933,39.34617],[-118.12597,39.34564],[-118.12933,39.34621],[-118.1338,39.34628],[-118.12702,39.34693],[-118.12361,39.34653],[-118.11961,39.34663],[-118.1171,39.34604],[-118.11478,39.34768],[-118.11336,39.34787],[-118.10877,39.35124],[-118.10628,39.35234],[-118.1054,39.3533],[-118.10386,39.3542],[-118.10333,39.35507],[-118.09969,39.35766],[-118.09574,39.3619],[-118.09332,39.36294],[-118.09114,39.36503],[-118.08801,39.36667],[-118.08644,39.3682],[-118.08329,39.36876],[-118.08225,39.36951],[-118.07863,39.36961],[-118.0768,39.37039],[-118.07297,39.37088],[-118.07208,39.37139],[-118.07072,39.37162],[-118.07055,39.37263],[-118.06667,39.37554],[-118.06659,39.37676],[-118.06581,39.37796],[-118.06502,39.37842],[-118.06586,39.37799],[-118.06666,39.37678],[-118.06673,39.37557],[-118.0706,39.37266],[-118.07076,39.37167],[-118.07212,39.37144],[-118.07299,39.37093],[-118.07683,39.37044],[-118.07865,39.36966],[-118.08227,39.36956],[-118.08332,39.36881],[-118.08639,39.36825],[-118.0856,39.36931],[-118.08396,39.37056],[-118.08316,39.37081],[-118.08002,39.37069],[-118.07712,39.3724],[-118.0759,39.37449],[-118.07316,39.37688],[-118.06975,39.37748],[-118.06873,39.37787],[-118.06785,39.37867],[-118.06573,39.37936],[-118.06338,39.37907],[-118.06199,39.38062],[-118.06086,39.38119],[-118.06205,39.38065],[-118.06342,39.37911],[-118.06575,39.37941],[-118.06789,39.37871],[-118.06877,39.37791],[-118.06978,39.37753],[-118.07304,39.37696],[-118.07101,39.37882],[-118.0686,39.37995],[-118.06759,39.3797],[-118.06633,39.38065],[-118.06761,39.37975],[-118.0686,39.38],[-118.06924,39.3798],[-118.07106,39.37886],[-118.07555,39.37495],[-118.07773,39.37202],[-118.08005,39.37073],[-118.08306,39.37081],[-118.08241,39.37212],[-118.08254,39.37275],[-118.08217,39.37386],[-118.08145,39.37491],[-118.07825,39.37712],[-118.07816,39.37783],[-118.07753,39.3784],[-118.07562,39.37905],[-118.07431,39.38018],[-118.07164,39.3814],[-118.06544,39.38121],[-118.06428,39.38202],[-118.0628,39.38232],[-118.06214,39.38336],[-118.06134,39.38364],[-118.0598,39.38335],[-118.05856,39.38357],[-118.05979,39.38341],[-118.06137,39.38369],[-118.06219,39.38339],[-118.06284,39.38237],[-118.06432,39.38207],[-118.06546,39.38126],[-118.07166,39.38145],[-118.07435,39.38022],[-118.07566,39.37909],[-118.07757,39.37844],[-118.07822,39.37785],[-118.0783,39.37716],[-118.08151,39.37494],[-118.08224,39.37387],[-118.08294,39.37106],[-118.08565,39.36935],[-118.08805,39.36671],[-118.09119,39.36507],[-118.09337,39.36298],[-118.09578,39.36194],[-118.09974,39.3577],[-118.10339,39.3551],[-118.10391,39.35423],[-118.10544,39.35334],[-118.10632,39.35238],[-118.10833,39.35157],[-118.1134,39.34792],[-118.11482,39.34772],[-118.11712,39.34609],[-118.1196,39.34669],[-118.12957,39.34682],[-118.13349,39.34645],[-118.13554,39.34547],[-118.13879,39.34517],[-118.14288,39.34388],[-118.14722,39.34483],[-118.14962,39.34575],[-118.14979,39.34666],[-118.14943,39.34753],[-118.1504,39.34932],[-118.15046,39.35076],[-118.151,39.35123],[-118.15247,39.35133],[-118.1533,39.35181],[-118.15227,39.35289],[-118.14906,39.35373],[-118.14686,39.35382],[-118.14538,39.3534],[-118.14193,39.35325],[-118.13772,39.35169],[-118.13487,39.35151],[-118.12936,39.35036],[-118.12733,39.34935],[-118.12327,39.34838],[-118.11875,39.34976],[-118.1147,39.35191],[-118.11221,39.35389],[-118.10899,39.35548],[-118.10764,39.3568],[-118.1061,39.35711],[-118.1049,39.35796],[-118.10208,39.36246],[-118.10028,39.36386],[-118.09735,39.36542],[-118.09351,39.36631],[-118.08988,39.36902],[-118.08701,39.37056],[-118.08531,39.37186],[-118.08363,39.37566],[-118.08232,39.37699],[-118.08064,39.37966],[-118.07909,39.38073],[-118.07711,39.38368],[-118.07613,39.38369],[-118.0725,39.38274],[-118.0681,39.3838],[-118.06681,39.3847],[-118.06668,39.38538],[-118.06625,39.38547],[-118.06489,39.38445],[-118.0643,39.38437],[-118.06317,39.38486],[-118.06238,39.38443],[-118.06144,39.3848],[-118.05949,39.38481],[-118.05593,39.38445],[-118.05253,39.3852],[-118.05644,39.38448],[-118.05948,39.38487],[-118.06146,39.38486],[-118.06237,39.38448],[-118.06302,39.38485],[-118.06182,39.38498],[-118.06097,39.38548],[-118.06003,39.38638],[-118.06015,39.38679],[-118.05876,39.38696],[-118.05888,39.38756],[-118.05841,39.38778],[-118.05791,39.39124],[-118.05845,39.38924],[-118.05848,39.3878],[-118.05895,39.38757],[-118.05883,39.38698],[-118.0602,39.38683],[-118.0601,39.38639],[-118.06184,39.38503],[-118.06469,39.38444],[-118.06594,39.3854],[-118.06651,39.38548],[-118.06687,39.38473],[-118.06813,39.38385],[-118.07192,39.38283],[-118.07321,39.38283],[-118.0761,39.38374],[-118.07709,39.38373],[-118.07705,39.38404],[-118.07543,39.38389],[-118.07388,39.38476],[-118.07268,39.3847],[-118.07067,39.38554],[-118.06973,39.38542],[-118.06778,39.38646],[-118.06715,39.3871],[-118.06975,39.38547],[-118.07067,39.3856],[-118.0727,39.38475],[-118.07391,39.38481],[-118.07545,39.38394],[-118.07705,39.38409],[-118.07709,39.38497],[-118.0754,39.38542],[-118.07102,39.38755],[-118.06713,39.3886],[-118.06625,39.38843],[-118.06716,39.38865],[-118.07069,39.38772],[-118.07544,39.38547],[-118.0772,39.38494],[-118.07653,39.38618],[-118.07412,39.38676],[-118.07265,39.3882],[-118.07062,39.38895],[-118.06933,39.39033],[-118.06612,39.39006],[-118.06516,39.39078],[-118.06389,39.39077],[-118.06232,39.39149],[-118.06143,39.39231],[-118.06015,39.39254],[-118.06145,39.39236],[-118.06236,39.39153],[-118.06392,39.39082],[-118.06519,39.39083],[-118.06614,39.39011],[-118.06936,39.39038],[-118.07067,39.38899],[-118.07269,39.38824],[-118.07417,39.3868],[-118.0765,39.38624],[-118.07639,39.38733],[-118.07718,39.38868],[-118.07678,39.38933],[-118.07547,39.38916],[-118.07453,39.38982],[-118.07333,39.39013],[-118.07222,39.39113],[-118.07074,39.39117],[-118.07003,39.39209],[-118.06837,39.39226],[-118.06829,39.39258],[-118.0672,39.39315],[-118.06512,39.39291],[-118.06407,39.3931],[-118.06744,39.39314],[-118.06841,39.39232],[-118.07007,39.39214],[-118.07077,39.39122],[-118.07225,39.39118],[-118.07338,39.39017],[-118.07559,39.38921],[-118.07328,39.39182],[-118.07214,39.39234],[-118.06889,39.39285],[-118.06853,39.39335],[-118.06537,39.3943],[-118.06496,39.39516],[-118.06338,39.39503],[-118.06219,39.39447],[-118.06336,39.39508],[-118.065,39.39521],[-118.06542,39.39435],[-118.06858,39.39339],[-118.06891,39.3929],[-118.0728,39.39215],[-118.07568,39.3892],[-118.07633,39.38914],[-118.07785,39.39066],[-118.07814,39.39141],[-118.07688,39.39271],[-118.07663,39.39405],[-118.0731,39.39468],[-118.07169,39.39603],[-118.07164,39.39653],[-118.07034,39.39726],[-118.06975,39.398],[-118.06747,39.39714],[-118.06853,39.39781],[-118.06978,39.39805],[-118.07039,39.39729],[-118.07169,39.39656],[-118.07175,39.39606],[-118.07313,39.39473],[-118.07571,39.39412],[-118.07646,39.39424],[-118.07677,39.39394],[-118.07707,39.39435],[-118.07503,39.39549],[-118.0734,39.39804],[-118.07151,39.39903],[-118.07094,39.39964],[-118.0704,39.39971],[-118.06609,39.39935],[-118.0656,39.39875],[-118.0656,39.3982],[-118.06448,39.39752],[-118.0635,39.39845],[-118.06221,39.39862],[-118.06148,39.39966],[-118.06034,39.40007],[-118.06132,39.39985],[-118.06224,39.39867],[-118.06354,39.39849],[-118.0645,39.39757],[-118.06555,39.39823],[-118.06553,39.39877],[-118.06613,39.39943],[-118.07097,39.39969],[-118.07362,39.39791],[-118.07509,39.39552],[-118.07709,39.3944],[-118.0784,39.39608],[-118.07829,39.39676],[-118.07679,39.39769],[-118.07554,39.39901],[-118.07204,39.40015],[-118.06716,39.40267],[-118.06506,39.40246],[-118.06417,39.4028],[-118.06346,39.40254],[-118.0616,39.40298],[-118.06346,39.40259],[-118.06418,39.40285],[-118.06507,39.40252],[-118.06756,39.40257],[-118.07208,39.40019],[-118.07582,39.39891],[-118.07684,39.39772],[-118.07827,39.39695],[-118.07846,39.39619],[-118.07903,39.39672],[-118.07765,39.39777],[-118.07802,39.39994],[-118.07629,39.40182],[-118.07619,39.40271],[-118.07543,39.40378],[-118.07568,39.40484],[-118.07291,39.40553],[-118.06988,39.40465],[-118.06897,39.40498],[-118.06554,39.40524],[-118.06418,39.4047],[-118.06554,39.40529],[-118.06899,39.40503],[-118.06987,39.4047],[-118.07291,39.40559],[-118.0756,39.40492],[-118.07552,39.40543],[-118.07489,39.40622],[-118.06925,39.40785],[-118.06828,39.40759],[-118.06509,39.40761],[-118.06266,39.40603],[-118.06071,39.40562],[-118.06262,39.40607],[-118.06439,39.40743],[-118.06581,39.40781],[-118.07004,39.40782],[-118.07135,39.40715],[-118.0749,39.40628],[-118.07487,39.40708],[-118.0739,39.40812],[-118.07439,39.41057],[-118.07728,39.41194],[-118.07885,39.41182],[-118.08023,39.41127],[-118.07883,39.41177],[-118.07729,39.41189],[-118.07445,39.41053],[-118.07396,39.40813],[-118.07499,39.40699],[-118.07495,39.40625],[-118.07558,39.40545],[-118.07581,39.40443],[-118.0765,39.40527],[-118.07948,39.40722],[-118.07996,39.40826],[-118.07991,39.4089],[-118.08211,39.41048],[-118.08399,39.41128],[-118.08215,39.41044],[-118.07996,39.40886],[-118.08003,39.40826],[-118.07954,39.40718],[-118.07656,39.40523],[-118.0757,39.40427],[-118.0755,39.40378],[-118.07629,39.4023],[-118.07932,39.40379],[-118.08046,39.40386],[-118.0821,39.40495],[-118.08575,39.40462],[-118.08614,39.40508],[-118.08689,39.40758],[-118.08667,39.40859],[-118.0872,39.40921],[-118.08789,39.41109],[-118.08788,39.41047],[-118.08674,39.40858],[-118.08696,39.40758],[-118.08595,39.40469],[-118.08213,39.4049],[-118.08049,39.40381],[-118.07935,39.40374],[-118.07724,39.40255],[-118.07665,39.40252],[-118.0763,39.40198],[-118.07792,39.40023],[-118.07816,39.39928],[-118.07884,39.40099],[-118.07961,39.40119],[-118.08042,39.40241],[-118.08174,39.4035],[-118.08336,39.40322],[-118.08651,39.40343],[-118.08336,39.40316],[-118.08179,39.40344],[-118.08049,39.40239],[-118.07967,39.40116],[-118.07889,39.40096],[-118.07769,39.39797],[-118.0789,39.39701],[-118.08042,39.39721],[-118.08103,39.39766],[-118.08088,39.3982],[-118.0814,39.39919],[-118.08242,39.39982],[-118.08215,39.40039],[-118.0823,39.40112],[-118.0843,39.40216],[-118.08589,39.40189],[-118.08432,39.40211],[-118.08235,39.40108],[-118.08222,39.40039],[-118.08255,39.39996],[-118.08129,39.39894],[-118.08091,39.39798],[-118.08109,39.3977],[-118.08207,39.398],[-118.08742,39.3981],[-118.08177,39.39791],[-118.08046,39.39716],[-118.07895,39.39696],[-118.0791,39.3967],[-118.07769,39.39527],[-118.07673,39.3933],[-118.07719,39.39238],[-118.07819,39.39144],[-118.08034,39.3925],[-118.08154,39.39377],[-118.08234,39.39386],[-118.08278,39.39448],[-118.08274,39.39496],[-118.08316,39.39518],[-118.08553,39.39521],[-118.0862,39.39414],[-118.08716,39.39411],[-118.08616,39.39409],[-118.0855,39.39516],[-118.08288,39.39499],[-118.08238,39.39381],[-118.08158,39.39373],[-118.08038,39.39246],[-118.07895,39.39153],[-118.0782,39.39139],[-118.07683,39.38937],[-118.07725,39.38869],[-118.07717,39.38825],[-118.07638,39.38699],[-118.07706,39.38552],[-118.07835,39.38701],[-118.07973,39.38794],[-118.08034,39.38931],[-118.08168,39.38989],[-118.08188,39.39055],[-118.08174,39.38986],[-118.08039,39.38928],[-118.07979,39.38791],[-118.0784,39.38698],[-118.07722,39.38569],[-118.07717,39.38371],[-118.07915,39.38076],[-118.08028,39.38004],[-118.08089,39.38101],[-118.08148,39.38128],[-118.08149,39.38224],[-118.08242,39.384],[-118.08198,39.3826],[-118.08156,39.38222],[-118.08155,39.38126],[-118.08095,39.38097],[-118.08033,39.38],[-118.08238,39.37702],[-118.08369,39.37569],[-118.08465,39.37362],[-118.08496,39.37493],[-118.08465,39.37737],[-118.08487,39.37812],[-118.08349,39.37862],[-118.08265,39.38099],[-118.08308,39.38178],[-118.08436,39.3829],[-118.08314,39.38176],[-118.08274,39.38078],[-118.08355,39.37865],[-118.08489,39.37824],[-118.08494,39.37657],[-118.08701,39.37995],[-118.08706,39.38066],[-118.08659,39.38135],[-118.08713,39.38068],[-118.08707,39.37993],[-118.08497,39.37647],[-118.0847,39.37349],[-118.08513,39.37226],[-118.08504,39.37382],[-118.08576,39.37493],[-118.08584,39.37623],[-118.08823,39.37709],[-118.08847,39.37766],[-118.09029,39.3791],[-118.08961,39.37824],[-118.08854,39.37763],[-118.08827,39.37705],[-118.0859,39.37621],[-118.08583,39.37492],[-118.08511,39.37382],[-118.08537,39.3719],[-118.09041,39.36869],[-118.08996,39.3708],[-118.08941,39.37168],[-118.08947,39.37285],[-118.08907,39.37343],[-118.08976,39.37468],[-118.08981,39.37647],[-118.08982,39.37467],[-118.08914,39.37344],[-118.08954,39.37286],[-118.08948,39.37169],[-118.09004,39.3708],[-118.08992,39.37043],[-118.09061,39.36857],[-118.09068,39.3698],[-118.09027,39.37128],[-118.09117,39.37231],[-118.09165,39.37237],[-118.09237,39.37349],[-118.09218,39.37393],[-118.09256,39.3747],[-118.09234,39.37514],[-118.09303,39.37595],[-118.09241,39.37513],[-118.09263,39.3747],[-118.09225,39.37393],[-118.09244,39.37347],[-118.09171,39.37234],[-118.09122,39.37227],[-118.09031,39.37115],[-118.0907,39.36904],[-118.09173,39.37053],[-118.09353,39.37156],[-118.09413,39.37287],[-118.09359,39.37152],[-118.09179,39.3705],[-118.09068,39.36896],[-118.09069,39.36852],[-118.09267,39.36685],[-118.09355,39.36635],[-118.09797,39.36522],[-118.09549,39.36676],[-118.09519,39.36988],[-118.09449,39.37091],[-118.09526,39.36989],[-118.09555,39.36678],[-118.10032,39.36391],[-118.10227,39.36237],[-118.10391,39.36199],[-118.10605,39.36073],[-118.11044,39.35945],[-118.11265,39.35738],[-118.11505,39.35591],[-118.11882,39.3548],[-118.12086,39.35371],[-118.12597,39.35284],[-118.12084,39.35366],[-118.11879,39.35475],[-118.11502,39.35587],[-118.1126,39.35734],[-118.1104,39.35941],[-118.10602,39.36068],[-118.10387,39.36195],[-118.10225,39.36232],[-118.10339,39.3607],[-118.10551,39.35983],[-118.11261,39.3557],[-118.1167,39.35482],[-118.11992,39.35353],[-118.12386,39.35271],[-118.12669,39.35088],[-118.12924,39.35033],[-118.13264,39.35094],[-118.12928,39.35184],[-118.12767,39.35269],[-118.12597,39.35284],[-118.12769,39.35272],[-118.1293,39.35187],[-118.13268,39.35102],[-118.13487,39.35154],[-118.13771,39.35172],[-118.14191,39.35328],[-118.14537,39.35343],[-118.14686,39.35386],[-118.14907,39.35376],[-118.15212,39.35299],[-118.15333,39.35184],[-118.1567,39.35518],[-118.15728,39.35801],[-118.15458,39.35686],[-118.15338,39.35719],[-118.14738,39.35713],[-118.14523,39.35739],[-118.14181,39.35685],[-118.13854,39.35893],[-118.13268,39.35946],[-118.13082,39.36052],[-118.12881,39.36094],[-118.1259,39.3621],[-118.12369,39.3632],[-118.12242,39.36423],[-118.11505,39.36473],[-118.11043,39.36631],[-118.10811,39.36624],[-118.10624,39.36553],[-118.10491,39.36544],[-118.10129,39.36646],[-118.09871,39.36624],[-118.09818,39.36689],[-118.09783,39.37029],[-118.09672,39.37087],[-118.0979,39.37032],[-118.09825,39.3669],[-118.09875,39.36628],[-118.10131,39.36651],[-118.10491,39.36549],[-118.10621,39.36558],[-118.10813,39.36629],[-118.10682,39.36684],[-118.10496,39.36875],[-118.10255,39.36958],[-118.09993,39.36963],[-118.09893,39.37051],[-118.09996,39.36968],[-118.10256,39.36963],[-118.105,39.36879],[-118.10686,39.36688],[-118.10803,39.36636],[-118.11062,39.36635],[-118.10932,39.3683],[-118.10565,39.37019],[-118.10326,39.37186],[-118.10117,39.37217],[-118.09919,39.37192],[-118.09889,39.37247],[-118.09704,39.37276],[-118.09695,39.37305],[-118.09499,39.37375],[-118.09593,39.37357],[-118.09708,39.37281],[-118.09895,39.37252],[-118.09922,39.37197],[-118.10117,39.37222],[-118.10329,39.37191],[-118.1057,39.37024],[-118.10937,39.36833],[-118.11071,39.36634],[-118.11291,39.3662],[-118.1167,39.36522],[-118.11886,39.36523],[-118.1224,39.36428],[-118.12053,39.36535],[-118.11839,39.36717],[-118.11607,39.36991],[-118.11304,39.37041],[-118.1038,39.37314],[-118.10283,39.37376],[-118.10233,39.37491],[-118.10119,39.37581],[-118.09995,39.37623],[-118.09816,39.37755],[-118.0963,39.37769],[-118.09519,39.37895],[-118.09579,39.37862],[-118.09633,39.37774],[-118.0982,39.37759],[-118.09999,39.37627],[-118.10123,39.37585],[-118.10339,39.37385],[-118.10452,39.37322],[-118.10613,39.37291],[-118.11024,39.3729],[-118.1131,39.37205],[-118.1145,39.37115],[-118.11212,39.37316],[-118.10891,39.37446],[-118.10575,39.3773],[-118.10456,39.37792],[-118.10436,39.37848],[-118.10311,39.37946],[-118.10925,39.37428],[-118.11203,39.37324],[-118.10938,39.37637],[-118.10926,39.37759],[-118.10832,39.37862],[-118.10826,39.37952],[-118.10676,39.38028],[-118.10832,39.37955],[-118.10839,39.37863],[-118.10933,39.3776],[-118.10944,39.37639],[-118.11081,39.37449],[-118.11252,39.3728],[-118.11587,39.37029],[-118.11844,39.3672],[-118.12058,39.36539],[-118.12373,39.36324],[-118.12592,39.36215],[-118.12883,39.36097],[-118.13085,39.36062],[-118.13017,39.36144],[-118.12659,39.36327],[-118.1251,39.36461],[-118.1243,39.3663],[-118.11931,39.36863],[-118.11775,39.37002],[-118.11714,39.37146],[-118.11623,39.37217],[-118.11549,39.37451],[-118.11459,39.37592],[-118.1137,39.37667],[-118.11288,39.37798],[-118.11037,39.38025],[-118.10798,39.38118],[-118.10305,39.38109],[-118.10081,39.38144],[-118.09804,39.38353],[-118.09582,39.38346],[-118.09518,39.38467],[-118.0928,39.38449],[-118.09216,39.38413],[-118.09087,39.38419],[-118.08457,39.38543],[-118.08419,39.38573],[-118.08391,39.38707],[-118.08219,39.38833],[-118.08397,39.3871],[-118.08454,39.38551],[-118.08583,39.38541],[-118.08709,39.38486],[-118.08668,39.38624],[-118.08499,39.38828],[-118.08534,39.39061],[-118.08506,39.38829],[-118.08609,39.38731],[-118.0872,39.38484],[-118.08868,39.38485],[-118.08808,39.38674],[-118.08707,39.38814],[-118.08801,39.38849],[-118.0877,39.38956],[-118.08839,39.39013],[-118.08894,39.39129],[-118.08853,39.3902],[-118.08776,39.38954],[-118.08808,39.38847],[-118.08714,39.38812],[-118.08814,39.38676],[-118.08885,39.38476],[-118.09184,39.38419],[-118.0952,39.38473],[-118.09586,39.3835],[-118.09806,39.38358],[-118.10084,39.38149],[-118.10489,39.38108],[-118.10866,39.38139],[-118.1114,39.38101],[-118.11526,39.37979],[-118.11728,39.37951],[-118.12088,39.37793],[-118.12385,39.37731],[-118.11928,39.38048],[-118.1149,39.38446],[-118.11024,39.38642],[-118.10751,39.38811],[-118.10654,39.38816],[-118.10533,39.38697],[-118.10399,39.3871],[-118.10358,39.38731],[-118.10361,39.38767],[-118.10449,39.38883],[-118.10315,39.38927],[-118.10249,39.38984],[-118.10062,39.38944],[-118.09982,39.3898],[-118.09779,39.38962],[-118.09424,39.3915],[-118.09512,39.39129],[-118.09563,39.39071],[-118.0978,39.38968],[-118.09983,39.38986],[-118.10062,39.38949],[-118.10235,39.38989],[-118.1006,39.39022],[-118.10056,39.39174],[-118.10086,39.39213],[-118.10014,39.39334],[-118.09959,39.39384],[-118.09685,39.395],[-118.09964,39.39389],[-118.1002,39.39337],[-118.10093,39.39214],[-118.10064,39.39173],[-118.10066,39.39026],[-118.10221,39.39],[-118.10455,39.38886],[-118.10449,39.38843],[-118.10368,39.38766],[-118.10379,39.38722],[-118.10531,39.38703],[-118.10642,39.38816],[-118.1074,39.38822],[-118.11027,39.38647],[-118.11289,39.38556],[-118.11495,39.3845],[-118.11933,39.38052],[-118.12275,39.37795],[-118.12604,39.37625],[-118.12989,39.37495],[-118.13121,39.37361],[-118.13357,39.37289],[-118.13658,39.37263],[-118.14053,39.37149],[-118.14283,39.37028],[-118.14533,39.36962],[-118.14627,39.36963],[-118.14713,39.3704],[-118.14957,39.36982],[-118.15476,39.36968],[-118.15564,39.36949],[-118.1578,39.36825],[-118.15894,39.36802],[-118.16131,39.36992],[-118.16138,39.37025],[-118.16086,39.37067],[-118.15905,39.37114],[-118.15753,39.3723],[-118.15551,39.37242],[-118.15179,39.37205],[-118.15009,39.37256],[-118.149,39.37395],[-118.14582,39.37449],[-118.14122,39.37652],[-118.14041,39.37672],[-118.13766,39.37646],[-118.1364,39.37676],[-118.13586,39.37739],[-118.13452,39.37771],[-118.13317,39.37892],[-118.13096,39.37998],[-118.1283,39.38248],[-118.12715,39.38281],[-118.12643,39.38354],[-118.12485,39.38432],[-118.12219,39.38501],[-118.12036,39.38512],[-118.11678,39.38643],[-118.11524,39.38757],[-118.11146,39.38821],[-118.11042,39.38909],[-118.11009,39.39029],[-118.10824,39.39055],[-118.11014,39.39033],[-118.11048,39.38911],[-118.11149,39.38826],[-118.11527,39.38762],[-118.11682,39.38647],[-118.12038,39.38517],[-118.12221,39.38506],[-118.12489,39.38437],[-118.12647,39.38358],[-118.12719,39.38286],[-118.12835,39.38252],[-118.13101,39.38002],[-118.13322,39.37896],[-118.13456,39.37776],[-118.13591,39.37743],[-118.13644,39.37681],[-118.13766,39.37651],[-118.14047,39.37677],[-118.14584,39.37452],[-118.1484,39.37412],[-118.14489,39.37575],[-118.14444,39.37719],[-118.14378,39.37776],[-118.14154,39.37874],[-118.14038,39.37873],[-118.13771,39.37988],[-118.13412,39.38262],[-118.1319,39.38319],[-118.13038,39.38318],[-118.12729,39.38447],[-118.12505,39.38475],[-118.12465,39.38514],[-118.12178,39.38586],[-118.11785,39.38779],[-118.11446,39.3885],[-118.11282,39.38983],[-118.11047,39.39041],[-118.10977,39.39113],[-118.10965,39.3918],[-118.10871,39.39256],[-118.10638,39.39263],[-118.10464,39.39328],[-118.10398,39.39306],[-118.10465,39.39333],[-118.1064,39.39268],[-118.10875,39.39261],[-118.10971,39.39183],[-118.10983,39.39115],[-118.11051,39.39046],[-118.11286,39.38987],[-118.1145,39.38854],[-118.11787,39.38784],[-118.12338,39.38532],[-118.12731,39.38452],[-118.13039,39.38324],[-118.13191,39.38324],[-118.13457,39.38248],[-118.13775,39.37993],[-118.14041,39.37878],[-118.14156,39.37879],[-118.14382,39.3778],[-118.1445,39.37722],[-118.14494,39.37579],[-118.14737,39.37445],[-118.1491,39.37394],[-118.15019,39.37255],[-118.1525,39.37201],[-118.1572,39.3724],[-118.15793,39.37216],[-118.15908,39.37116],[-118.16088,39.3707],[-118.16139,39.37028],[-118.16212,39.37141],[-118.16302,39.37437],[-118.16316,39.37742],[-118.16396,39.37942],[-118.1636,39.38358],[-118.16224,39.38601],[-118.1627,39.38928],[-118.161,39.39174],[-118.15613,39.3881],[-118.15198,39.38599],[-118.15761,39.38856],[-118.16112,39.38871],[-118.15764,39.38851],[-118.15256,39.38601],[-118.14943,39.38526],[-118.15363,39.38496],[-118.15577,39.38438],[-118.15862,39.38445],[-118.15576,39.38432],[-118.15362,39.38491],[-118.14996,39.38525],[-118.14624,39.38478],[-118.14425,39.38539],[-118.14134,39.38472],[-118.13941,39.38604],[-118.13459,39.38577],[-118.132,39.38732],[-118.13086,39.38723],[-118.1286,39.38776],[-118.12596,39.38951],[-118.12458,39.3893],[-118.12216,39.38987],[-118.11798,39.39006],[-118.11667,39.38979],[-118.11483,39.39015],[-118.11286,39.39105],[-118.11291,39.39173],[-118.11242,39.39248],[-118.11102,39.39304],[-118.10992,39.39399],[-118.10907,39.39404],[-118.10832,39.39456],[-118.10911,39.39409],[-118.10995,39.39404],[-118.11107,39.39308],[-118.11246,39.39252],[-118.11298,39.39174],[-118.11293,39.39108],[-118.11357,39.39062],[-118.11577,39.38995],[-118.12217,39.38992],[-118.12458,39.38935],[-118.12598,39.38956],[-118.12863,39.38781],[-118.13086,39.38728],[-118.13203,39.38737],[-118.13461,39.38582],[-118.13943,39.3861],[-118.14135,39.38477],[-118.14426,39.38544],[-118.14625,39.38484],[-118.14923,39.38525],[-118.15195,39.38604],[-118.15609,39.38815],[-118.15684,39.38894],[-118.15841,39.38972],[-118.15964,39.39101],[-118.16096,39.39179],[-118.16032,39.39267],[-118.1598,39.39247],[-118.16029,39.39272],[-118.16016,39.3939],[-118.1563,39.39268],[-118.14672,39.39159],[-118.14475,39.39056],[-118.14237,39.39061],[-118.13944,39.39155],[-118.13876,39.39283],[-118.13805,39.39278],[-118.13768,39.39353],[-118.13576,39.39424],[-118.13525,39.39481],[-118.13103,39.39561],[-118.13529,39.39486],[-118.13579,39.39428],[-118.13773,39.39357],[-118.13808,39.39283],[-118.13881,39.39286],[-118.13949,39.39159],[-118.14238,39.39066],[-118.14474,39.39061],[-118.1467,39.39165],[-118.1503,39.39224],[-118.15343,39.39221],[-118.15924,39.3935],[-118.16016,39.39396],[-118.16021,39.39525],[-118.15972,39.39954],[-118.15919,39.40111],[-118.1576,39.40253],[-118.15805,39.40349],[-118.15816,39.40612],[-118.15333,39.40609],[-118.14858,39.40516],[-118.1423,39.40566],[-118.14096,39.40537],[-118.13975,39.40606],[-118.13816,39.40614],[-118.13156,39.40453],[-118.12614,39.40159],[-118.1172,39.40053],[-118.11316,39.39923],[-118.11201,39.39864],[-118.11141,39.39778],[-118.10897,39.39772],[-118.10634,39.39669],[-118.10222,39.39743],[-118.09985,39.39904],[-118.09903,39.39893],[-118.09748,39.39767],[-118.09669,39.39743],[-118.09419,39.39808],[-118.09344,39.39777],[-118.09301,39.39715],[-118.09351,39.39624],[-118.09351,39.39566],[-118.09303,39.39513],[-118.09344,39.39446],[-118.09332,39.39378],[-118.09337,39.39444],[-118.09296,39.39513],[-118.09345,39.39567],[-118.09344,39.39623],[-118.09294,39.39716],[-118.09337,39.39776],[-118.09256,39.39796],[-118.09239,39.39912],[-118.09173,39.3994],[-118.09075,39.39864],[-118.09011,39.39859],[-118.0894,39.3993],[-118.08942,39.39985],[-118.08911,39.40011],[-118.08645,39.40163],[-118.08773,39.40118],[-118.08916,39.40014],[-118.09014,39.39864],[-118.09192,39.39947],[-118.09246,39.39914],[-118.09279,39.39782],[-118.09467,39.39815],[-118.09638,39.3975],[-118.0953,39.39836],[-118.09466,39.40035],[-118.09296,39.401],[-118.0927,39.40225],[-118.09105,39.40307],[-118.09067,39.40419],[-118.09087,39.40471],[-118.09019,39.40529],[-118.09033,39.40586],[-118.09103,39.4063],[-118.09039,39.40583],[-118.09026,39.4053],[-118.09094,39.40472],[-118.09075,39.40419],[-118.09102,39.40323],[-118.09279,39.4022],[-118.09335,39.40252],[-118.09342,39.40759],[-118.09357,39.40286],[-118.09281,39.40214],[-118.09285,39.4012],[-118.09472,39.40038],[-118.09537,39.39838],[-118.0958,39.3979],[-118.09667,39.39748],[-118.09744,39.39771],[-118.09922,39.39908],[-118.10038,39.3989],[-118.10029,39.40012],[-118.10086,39.40103],[-118.10054,39.40136],[-118.09875,39.4018],[-118.09847,39.40256],[-118.09885,39.40334],[-118.09845,39.40436],[-118.09885,39.40387],[-118.09854,39.40256],[-118.09881,39.40183],[-118.10088,39.40116],[-118.10032,39.39956],[-118.10102,39.39821],[-118.10225,39.39748],[-118.10632,39.39675],[-118.10896,39.39777],[-118.11123,39.39778],[-118.11207,39.39877],[-118.11313,39.39928],[-118.11718,39.40058],[-118.1261,39.40164],[-118.13154,39.40458],[-118.13814,39.40619],[-118.13977,39.40611],[-118.14096,39.40543],[-118.1423,39.40571],[-118.14879,39.40521],[-118.15317,39.40613],[-118.15817,39.40618],[-118.15828,39.40641],[-118.15816,39.4071],[-118.15577,39.40999],[-118.15341,39.41047],[-118.15361,39.41134],[-118.15279,39.41265],[-118.15147,39.41315],[-118.15082,39.41182],[-118.14924,39.41079],[-118.14535,39.41061],[-118.144,39.41088],[-118.14277,39.41019],[-118.14022,39.40986],[-118.13856,39.40905],[-118.13743,39.40909],[-118.13557,39.4085],[-118.13741,39.40914],[-118.13855,39.40911],[-118.14019,39.40991],[-118.14275,39.41024],[-118.14379,39.4109],[-118.14884,39.41078],[-118.14988,39.41109],[-118.15101,39.41213],[-118.15141,39.41317],[-118.15056,39.41451],[-118.15071,39.41614],[-118.15051,39.41643],[-118.1473,39.41542],[-118.14561,39.41371],[-118.14412,39.41369],[-118.14196,39.41246],[-118.13923,39.41183],[-118.1382,39.41122],[-118.13747,39.41026],[-118.13497,39.41022],[-118.13022,39.40618],[-118.12869,39.40606],[-118.12741,39.40524],[-118.1257,39.40478],[-118.12258,39.40293],[-118.1184,39.40192],[-118.11742,39.40112],[-118.11645,39.40093],[-118.11753,39.40121],[-118.11837,39.40197],[-118.12179,39.40266],[-118.12567,39.40483],[-118.12767,39.40556],[-118.12667,39.40553],[-118.12489,39.40482],[-118.12205,39.40324],[-118.11961,39.40285],[-118.11822,39.40221],[-118.11537,39.40159],[-118.11351,39.40037],[-118.11046,39.40061],[-118.10866,39.40147],[-118.10712,39.40082],[-118.10604,39.40154],[-118.10361,39.40205],[-118.10319,39.40243],[-118.10607,39.40159],[-118.10713,39.40087],[-118.10867,39.40152],[-118.11048,39.40066],[-118.1135,39.40042],[-118.11534,39.40164],[-118.1182,39.40226],[-118.11958,39.4029],[-118.12202,39.40329],[-118.12369,39.40438],[-118.12665,39.40558],[-118.12817,39.40564],[-118.12867,39.40611],[-118.13019,39.40623],[-118.13494,39.41027],[-118.13744,39.41031],[-118.13815,39.41126],[-118.1392,39.41187],[-118.14193,39.41251],[-118.1441,39.41374],[-118.14558,39.41376],[-118.14673,39.41507],[-118.14513,39.41555],[-118.1439,39.41499],[-118.14313,39.4151],[-118.14178,39.41407],[-118.13959,39.41323],[-118.13666,39.41154],[-118.13955,39.41328],[-118.14173,39.41411],[-118.14281,39.41505],[-118.14389,39.41504],[-118.14512,39.41561],[-118.14677,39.41512],[-118.15048,39.41648],[-118.1497,39.41994],[-118.14979,39.41826],[-118.14626,39.41786],[-118.14547,39.41722],[-118.14159,39.41602],[-118.14093,39.41508],[-118.14154,39.41606],[-118.14247,39.41615],[-118.14272,39.41652],[-118.14502,39.41711],[-118.14597,39.41779],[-118.1471,39.41807],[-118.14451,39.41831],[-118.13954,39.41662],[-118.13832,39.41521],[-118.1378,39.41399],[-118.13657,39.41303],[-118.13647,39.41221],[-118.1346,39.41182],[-118.13273,39.4109],[-118.13457,39.41186],[-118.13642,39.41225],[-118.13651,39.41305],[-118.13774,39.41402],[-118.13825,39.41523],[-118.1395,39.41666],[-118.14449,39.41836],[-118.14751,39.4181],[-118.14974,39.41831],[-118.14944,39.4212],[-118.14759,39.42123],[-118.14516,39.41926],[-118.14244,39.41777],[-118.14009,39.41743],[-118.138,39.41667],[-118.13494,39.41691],[-118.13174,39.41595],[-118.13037,39.41404],[-118.12828,39.41234],[-118.12672,39.41035],[-118.12294,39.40742],[-118.1209,39.40657],[-118.11916,39.40425],[-118.1183,39.40382],[-118.11603,39.40364],[-118.11292,39.40157],[-118.11148,39.40205],[-118.11027,39.4019],[-118.1089,39.40287],[-118.1103,39.40195],[-118.11149,39.4021],[-118.11289,39.40162],[-118.11599,39.40368],[-118.1187,39.40398],[-118.11954,39.40464],[-118.1212,39.40689],[-118.11706,39.40758],[-118.11583,39.40671],[-118.11446,39.40668],[-118.1131,39.40519],[-118.11147,39.40531],[-118.11001,39.40371],[-118.11143,39.40535],[-118.11307,39.40524],[-118.11442,39.40673],[-118.1158,39.40676],[-118.11704,39.40763],[-118.11831,39.40755],[-118.11594,39.40847],[-118.11403,39.40836],[-118.11135,39.40631],[-118.1095,39.40586],[-118.10855,39.40512],[-118.10569,39.4052],[-118.1046,39.40572],[-118.10357,39.40564],[-118.10462,39.40577],[-118.1057,39.40526],[-118.10852,39.40517],[-118.10947,39.40591],[-118.1113,39.40636],[-118.11345,39.40819],[-118.10974,39.40848],[-118.10902,39.40795],[-118.10392,39.40653],[-118.10521,39.40715],[-118.10899,39.408],[-118.10973,39.40854],[-118.11353,39.40823],[-118.11596,39.40852],[-118.11846,39.40754],[-118.12126,39.40692],[-118.1229,39.40747],[-118.12667,39.41038],[-118.12823,39.41238],[-118.13032,39.41407],[-118.1317,39.41599],[-118.13492,39.41696],[-118.13799,39.41673],[-118.14006,39.41748],[-118.14242,39.41782],[-118.14511,39.4193],[-118.14755,39.42128],[-118.14945,39.42125],[-118.14976,39.42218],[-118.14732,39.42266],[-118.14519,39.42266],[-118.14006,39.42159],[-118.13867,39.42085],[-118.13663,39.42041],[-118.13405,39.41901],[-118.13243,39.41763],[-118.13035,39.41685],[-118.1287,39.41518],[-118.1252,39.41515],[-118.12205,39.41418],[-118.12065,39.41432],[-118.11722,39.41369],[-118.1113,39.41051],[-118.10787,39.41033],[-118.10577,39.40971],[-118.10372,39.41006],[-118.10215,39.4108],[-118.10175,39.41016],[-118.101,39.41011],[-118.09945,39.40909],[-118.09778,39.40922],[-118.09647,39.40879],[-118.09776,39.40927],[-118.09943,39.40915],[-118.10096,39.41016],[-118.1017,39.41021],[-118.10185,39.4108],[-118.10215,39.41085],[-118.10375,39.41011],[-118.10577,39.40976],[-118.10787,39.41038],[-118.11128,39.41056],[-118.11719,39.41374],[-118.12063,39.41437],[-118.12203,39.41423],[-118.12359,39.41476],[-118.1181,39.41471],[-118.11327,39.41335],[-118.10948,39.41428],[-118.10531,39.41347],[-118.10387,39.41366],[-118.10323,39.41269],[-118.10169,39.41194],[-118.10317,39.41273],[-118.10386,39.41372],[-118.1053,39.41352],[-118.10949,39.41433],[-118.11326,39.41341],[-118.11809,39.41477],[-118.12162,39.41461],[-118.12618,39.41529],[-118.12843,39.41515],[-118.13074,39.4172],[-118.13239,39.41767],[-118.13394,39.41899],[-118.13315,39.41907],[-118.13082,39.41828],[-118.1285,39.41827],[-118.12516,39.41744],[-118.12201,39.41735],[-118.12036,39.41694],[-118.11822,39.41756],[-118.11348,39.4174],[-118.1111,39.41651],[-118.10776,39.41601],[-118.10634,39.41504],[-118.10131,39.41368],[-118.09926,39.41324],[-118.09668,39.41333],[-118.09456,39.41282],[-118.09404,39.41231],[-118.09308,39.41229],[-118.09401,39.41236],[-118.09453,39.41286],[-118.09666,39.41338],[-118.09925,39.41329],[-118.10129,39.41373],[-118.10631,39.41509],[-118.10774,39.41606],[-118.11107,39.41656],[-118.11345,39.41745],[-118.11823,39.41761],[-118.12036,39.41699],[-118.12199,39.4174],[-118.12515,39.41749],[-118.12849,39.41832],[-118.13081,39.41833],[-118.13301,39.41909],[-118.1266,39.41932],[-118.12541,39.41987],[-118.12281,39.41997],[-118.11601,39.41869],[-118.11152,39.41881],[-118.10983,39.41758],[-118.10906,39.41746],[-118.1062,39.41823],[-118.10431,39.41701],[-118.10252,39.41661],[-118.10428,39.41706],[-118.10618,39.41828],[-118.10906,39.41751],[-118.1098,39.41763],[-118.11149,39.41886],[-118.116,39.41874],[-118.1228,39.42002],[-118.12543,39.41993],[-118.12662,39.41937],[-118.13398,39.41903],[-118.1366,39.42046],[-118.13807,39.42071],[-118.14088,39.42189],[-118.14571,39.42275],[-118.14978,39.42223],[-118.15003,39.42375],[-118.14619,39.42463],[-118.13992,39.42435],[-118.1384,39.42308],[-118.13646,39.42216],[-118.12853,39.42181],[-118.12294,39.42045],[-118.11975,39.42018],[-118.11243,39.42103],[-118.10849,39.42084],[-118.10446,39.41945],[-118.10339,39.4194],[-118.10287,39.41829],[-118.10201,39.41805],[-118.10149,39.41753],[-118.10081,39.41505],[-118.10142,39.41754],[-118.10197,39.41809],[-118.10281,39.41832],[-118.1033,39.41938],[-118.10212,39.41897],[-118.10144,39.41837],[-118.09919,39.41847],[-118.09708,39.41699],[-118.09605,39.41711],[-118.093,39.4163],[-118.09077,39.41637],[-118.09299,39.41635],[-118.09603,39.41716],[-118.09706,39.41705],[-118.09915,39.41852],[-118.10141,39.41842],[-118.10272,39.4193],[-118.10443,39.4195],[-118.10929,39.42105],[-118.11295,39.42105],[-118.11976,39.42023],[-118.12408,39.42062],[-118.12606,39.42144],[-118.12851,39.42186],[-118.13644,39.42221],[-118.13836,39.42312],[-118.13991,39.42441],[-118.14621,39.42468],[-118.15006,39.4238],[-118.15228,39.42639],[-118.15279,39.42807],[-118.15261,39.42908],[-118.15104,39.43089],[-118.15013,39.42998],[-118.14998,39.42923],[-118.14876,39.42912],[-118.14803,39.42845],[-118.14787,39.42786],[-118.14441,39.42554],[-118.14104,39.425],[-118.13354,39.42635],[-118.13156,39.42612],[-118.1295,39.42515],[-118.1257,39.42469],[-118.12246,39.42437],[-118.12036,39.42464],[-118.11659,39.42454],[-118.11414,39.424],[-118.11161,39.42273],[-118.10944,39.42239],[-118.10622,39.42116],[-118.10154,39.42065],[-118.1062,39.42121],[-118.10941,39.42244],[-118.11163,39.42284],[-118.10738,39.42292],[-118.10578,39.42205],[-118.1019,39.42151],[-118.10037,39.4221],[-118.09953,39.42199],[-118.10038,39.42216],[-118.1019,39.42156],[-118.10577,39.4221],[-118.10736,39.42297],[-118.11168,39.42289],[-118.1141,39.42405],[-118.11623,39.4245],[-118.11199,39.42433],[-118.11087,39.4248],[-118.10895,39.42389],[-118.10794,39.42397],[-118.10523,39.42335],[-118.10793,39.42402],[-118.10892,39.42394],[-118.11087,39.42485],[-118.11201,39.42438],[-118.11483,39.42453],[-118.11302,39.42494],[-118.11175,39.42572],[-118.10841,39.4264],[-118.10403,39.42473],[-118.10216,39.42518],[-118.10175,39.42479],[-118.10173,39.42404],[-118.10087,39.4233],[-118.09994,39.42346],[-118.09916,39.42413],[-118.09763,39.42348],[-118.09681,39.42386],[-118.09381,39.42368],[-118.09682,39.42392],[-118.09762,39.42354],[-118.09916,39.42418],[-118.09998,39.42351],[-118.10084,39.42335],[-118.10166,39.42407],[-118.10168,39.4248],[-118.10213,39.42523],[-118.10401,39.42479],[-118.10841,39.42645],[-118.11177,39.42577],[-118.11305,39.42498],[-118.11518,39.42454],[-118.12036,39.4247],[-118.12245,39.42443],[-118.12569,39.42474],[-118.12948,39.4252],[-118.13153,39.42617],[-118.13354,39.4264],[-118.14119,39.42505],[-118.14503,39.42586],[-118.14781,39.42789],[-118.14797,39.42848],[-118.14865,39.42904],[-118.14782,39.42892],[-118.14487,39.42959],[-118.14365,39.43086],[-118.13963,39.42968],[-118.13637,39.42748],[-118.13302,39.42706],[-118.12955,39.42724],[-118.13302,39.42711],[-118.13635,39.42753],[-118.13892,39.42937],[-118.14085,39.43017],[-118.13917,39.43064],[-118.1365,39.4307],[-118.13364,39.4299],[-118.12994,39.42815],[-118.12768,39.42787],[-118.12519,39.42847],[-118.12306,39.42792],[-118.11983,39.42836],[-118.11371,39.42773],[-118.10798,39.42768],[-118.10628,39.42724],[-118.10413,39.4261],[-118.10239,39.42653],[-118.10141,39.42621],[-118.09951,39.42642],[-118.09772,39.42575],[-118.0995,39.42648],[-118.10141,39.42627],[-118.10239,39.42658],[-118.10412,39.42615],[-118.10625,39.42729],[-118.10797,39.42774],[-118.1137,39.42778],[-118.11983,39.42841],[-118.12305,39.42797],[-118.1252,39.42853],[-118.12768,39.42793],[-118.12993,39.42821],[-118.13361,39.42995],[-118.13649,39.43075],[-118.13919,39.43069],[-118.14091,39.4302],[-118.14366,39.43091],[-118.1449,39.42963],[-118.14783,39.42898],[-118.14868,39.42914],[-118.14722,39.42944],[-118.14674,39.43039],[-118.14496,39.4311],[-118.14375,39.43227],[-118.14186,39.43257],[-118.13618,39.43167],[-118.13431,39.43183],[-118.13113,39.43071],[-118.12468,39.43091],[-118.13068,39.43073],[-118.1343,39.43188],[-118.13546,39.43178],[-118.1339,39.43243],[-118.12433,39.43389],[-118.11794,39.43274],[-118.1122,39.43299],[-118.10477,39.42981],[-118.10297,39.42967],[-118.10156,39.42918],[-118.09945,39.42983],[-118.09783,39.42959],[-118.09616,39.42804],[-118.09467,39.42868],[-118.09399,39.42825],[-118.09273,39.42816],[-118.09215,39.42937],[-118.09254,39.43062],[-118.09203,39.43121],[-118.09215,39.43184],[-118.09214,39.4311],[-118.09261,39.43063],[-118.0922,39.42986],[-118.09229,39.4288],[-118.09277,39.42821],[-118.09396,39.4283],[-118.09467,39.42874],[-118.09614,39.42809],[-118.0978,39.42964],[-118.09946,39.42988],[-118.10154,39.42923],[-118.10295,39.42972],[-118.10475,39.42987],[-118.1119,39.43297],[-118.10988,39.43259],[-118.10463,39.43248],[-118.10213,39.43354],[-118.10109,39.43371],[-118.09937,39.43344],[-118.09736,39.43423],[-118.09673,39.43489],[-118.09571,39.43503],[-118.09675,39.43495],[-118.0974,39.43427],[-118.09939,39.43349],[-118.10109,39.43376],[-118.10215,39.43359],[-118.10425,39.43264],[-118.10561,39.43243],[-118.10741,39.43271],[-118.10612,39.43323],[-118.10461,39.4332],[-118.10235,39.43459],[-118.10121,39.43432],[-118.1007,39.43478],[-118.1,39.4346],[-118.09871,39.43672],[-118.10005,39.43464],[-118.10072,39.43483],[-118.10122,39.43438],[-118.10237,39.43464],[-118.10464,39.43325],[-118.10642,39.43323],[-118.10799,39.43264],[-118.11128,39.43279],[-118.11169,39.43308],[-118.11084,39.43336],[-118.10826,39.43563],[-118.10745,39.43584],[-118.10589,39.43525],[-118.10442,39.43527],[-118.10254,39.43623],[-118.1017,39.43627],[-118.10107,39.43725],[-118.10174,39.43632],[-118.10256,39.43628],[-118.10444,39.43532],[-118.10587,39.4353],[-118.10662,39.43572],[-118.10596,39.43582],[-118.1053,39.43643],[-118.10436,39.43649],[-118.10328,39.43776],[-118.10114,39.43813],[-118.10014,39.43888],[-118.09907,39.43798],[-118.1,39.4389],[-118.10037,39.4389],[-118.10117,39.43818],[-118.10331,39.4378],[-118.10444,39.43651],[-118.10533,39.43648],[-118.10618,39.43581],[-118.10738,39.43587],[-118.10657,39.43659],[-118.10625,39.43736],[-118.10532,39.43797],[-118.10477,39.43774],[-118.10395,39.43812],[-118.10364,39.43904],[-118.10167,39.43979],[-118.1037,39.43907],[-118.10399,39.43817],[-118.10479,39.4378],[-118.10557,39.43789],[-118.10631,39.43739],[-118.10694,39.43625],[-118.1084,39.43562],[-118.11067,39.43373],[-118.10951,39.43512],[-118.10936,39.43576],[-118.10994,39.43596],[-118.10964,39.43662],[-118.10987,39.43698],[-118.10784,39.4386],[-118.10994,39.437],[-118.10971,39.43662],[-118.11001,39.43593],[-118.10943,39.43575],[-118.1097,39.43478],[-118.11056,39.43425],[-118.11089,39.4334],[-118.11197,39.433],[-118.11793,39.43279],[-118.12433,39.43394],[-118.13392,39.43248],[-118.13582,39.4317],[-118.14173,39.43259],[-118.13702,39.43378],[-118.1321,39.43397],[-118.12934,39.43476],[-118.12751,39.43573],[-118.12531,39.43609],[-118.12224,39.43569],[-118.11759,39.43355],[-118.11415,39.43419],[-118.11395,39.43469],[-118.11283,39.43528],[-118.11401,39.43473],[-118.11419,39.43424],[-118.11758,39.43361],[-118.12221,39.43574],[-118.12532,39.43614],[-118.12754,39.43579],[-118.12938,39.43481],[-118.13212,39.43402],[-118.13703,39.43383],[-118.13924,39.43313],[-118.14361,39.43238],[-118.14501,39.43114],[-118.14679,39.43043],[-118.14726,39.42948],[-118.1498,39.42916],[-118.15007,39.43],[-118.15104,39.43101],[-118.15089,39.43235],[-118.15115,39.43328],[-118.15258,39.43484],[-118.15266,39.43629],[-118.15186,39.43686],[-118.15056,39.43719],[-118.14515,39.4362],[-118.14263,39.43396],[-118.14129,39.43364],[-118.13413,39.4346],[-118.14128,39.43369],[-118.1427,39.43408],[-118.14447,39.43591],[-118.13814,39.43525],[-118.14453,39.43597],[-118.15056,39.43724],[-118.15181,39.43692],[-118.15167,39.43728],[-118.15234,39.43777],[-118.15266,39.43878],[-118.15261,39.43973],[-118.15189,39.44076],[-118.15259,39.44162],[-118.15293,39.44381],[-118.15261,39.44518],[-118.15279,39.44591],[-118.15205,39.44681],[-118.15195,39.44745],[-118.15153,39.44613],[-118.15202,39.44455],[-118.15164,39.44295],[-118.15117,39.44241],[-118.15111,39.44146],[-118.15035,39.44164],[-118.14653,39.44061],[-118.14204,39.44012],[-118.14003,39.43923],[-118.1396,39.43809],[-118.13823,39.43688],[-118.13427,39.43587],[-118.12958,39.4358],[-118.12839,39.43616],[-118.12812,39.43676],[-118.12625,39.43666],[-118.12244,39.43782],[-118.12102,39.43788],[-118.11916,39.4391],[-118.11735,39.4383],[-118.11609,39.43812],[-118.11478,39.43693],[-118.1136,39.43726],[-118.11281,39.43681],[-118.11143,39.43691],[-118.11279,39.43686],[-118.11359,39.43731],[-118.11475,39.43699],[-118.11615,39.43821],[-118.11534,39.4388],[-118.11418,39.43826],[-118.11268,39.4394],[-118.1113,39.43946],[-118.11076,39.4391],[-118.11128,39.43951],[-118.1127,39.43945],[-118.1145,39.43829],[-118.11535,39.43885],[-118.11621,39.43823],[-118.11732,39.43835],[-118.11902,39.43914],[-118.11771,39.43958],[-118.11725,39.44071],[-118.11606,39.44064],[-118.11356,39.43966],[-118.11604,39.4407],[-118.11749,39.44068],[-118.11793,39.43948],[-118.11956,39.43907],[-118.12105,39.43793],[-118.1232,39.43765],[-118.12106,39.43923],[-118.1197,39.44089],[-118.12242,39.43813],[-118.12303,39.43807],[-118.1241,39.43718],[-118.12581,39.43694],[-118.12318,39.44057],[-118.11797,39.44197],[-118.11477,39.44143],[-118.1128,39.44166],[-118.11111,39.44144],[-118.10996,39.44046],[-118.10817,39.44003],[-118.10751,39.43933],[-118.10696,39.4395],[-118.10657,39.44037],[-118.10591,39.44055],[-118.10479,39.44021],[-118.10404,39.44111],[-118.10296,39.44103],[-118.10407,39.44116],[-118.10481,39.44026],[-118.1059,39.4406],[-118.10661,39.44042],[-118.10702,39.43953],[-118.10749,39.43938],[-118.10813,39.44007],[-118.10992,39.44051],[-118.11109,39.4415],[-118.1128,39.44171],[-118.11477,39.44149],[-118.11606,39.44178],[-118.11473,39.44256],[-118.11371,39.44429],[-118.1131,39.44471],[-118.11245,39.44612],[-118.11479,39.44259],[-118.11612,39.4418],[-118.11699,39.44195],[-118.11623,39.44231],[-118.11602,39.44325],[-118.11504,39.44393],[-118.11425,39.44632],[-118.11511,39.44395],[-118.11608,39.44327],[-118.11629,39.44233],[-118.12323,39.44061],[-118.12551,39.43734],[-118.12627,39.43672],[-118.12808,39.43682],[-118.12771,39.43762],[-118.12576,39.4389],[-118.12543,39.43988],[-118.12377,39.44128],[-118.12322,39.44276],[-118.12379,39.44137],[-118.1255,39.43991],[-118.12582,39.43893],[-118.12777,39.43765],[-118.12844,39.4362],[-118.13051,39.43567],[-118.13601,39.43693],[-118.13806,39.43813],[-118.14275,39.44212],[-118.13898,39.44101],[-118.13722,39.44158],[-118.13472,39.44061],[-118.13347,39.4407],[-118.13189,39.44129],[-118.13012,39.44102],[-118.12926,39.44143],[-118.13025,39.44107],[-118.13213,39.44131],[-118.13349,39.44075],[-118.1347,39.44067],[-118.13748,39.44166],[-118.13897,39.44106],[-118.14299,39.44223],[-118.14707,39.44489],[-118.14832,39.44525],[-118.14601,39.44598],[-118.14489,39.44598],[-118.13902,39.44498],[-118.13505,39.44375],[-118.13274,39.44448],[-118.1316,39.4442],[-118.13128,39.44346],[-118.12916,39.44228],[-118.13122,39.4435],[-118.13154,39.44424],[-118.1332,39.44445],[-118.13299,39.44532],[-118.13229,39.44581],[-118.13121,39.44591],[-118.12962,39.44519],[-118.12791,39.44532],[-118.12455,39.44457],[-118.12371,39.44387],[-118.12162,39.4434],[-118.12369,39.44393],[-118.12452,39.44462],[-118.12777,39.44535],[-118.126,39.44595],[-118.12534,39.44645],[-118.12504,39.44722],[-118.12419,39.44758],[-118.12273,39.44708],[-118.122,39.44603],[-118.12073,39.44597],[-118.11999,39.44561],[-118.11906,39.4466],[-118.1167,39.44598],[-118.11543,39.44732],[-118.11674,39.44604],[-118.11907,39.44665],[-118.11953,39.44645],[-118.11998,39.44566],[-118.12071,39.44603],[-118.12196,39.44608],[-118.12248,39.44694],[-118.12334,39.44748],[-118.12421,39.44763],[-118.12517,39.44718],[-118.12477,39.44846],[-118.1237,39.44889],[-118.12178,39.44889],[-118.12098,39.44941],[-118.12027,39.44911],[-118.12009,39.4483],[-118.12021,39.44915],[-118.12097,39.44946],[-118.1218,39.44894],[-118.12372,39.44894],[-118.12481,39.4485],[-118.12433,39.45086],[-118.12256,39.45172],[-118.12186,39.4516],[-118.12124,39.45076],[-118.11888,39.45063],[-118.11791,39.44998],[-118.11649,39.4499],[-118.11789,39.45003],[-118.11886,39.45068],[-118.1212,39.45081],[-118.12182,39.45165],[-118.12286,39.45175],[-118.12439,39.45088],[-118.1254,39.44647],[-118.12726,39.4455],[-118.12924,39.44518],[-118.13114,39.44595],[-118.12955,39.44728],[-118.12936,39.44808],[-118.12992,39.44932],[-118.12912,39.45021],[-118.13,39.44932],[-118.12944,39.44807],[-118.12967,39.44723],[-118.13122,39.44597],[-118.13275,39.44566],[-118.1333,39.44439],[-118.13443,39.44381],[-118.13845,39.44487],[-118.1407,39.44662],[-118.14352,39.44714],[-118.1452,39.44902],[-118.14637,39.44953],[-118.14864,39.44996],[-118.15098,39.44962],[-118.15146,39.45023],[-118.15074,39.45214],[-118.14957,39.45207],[-118.14849,39.45142],[-118.14605,39.45123],[-118.14334,39.45146],[-118.14104,39.45111],[-118.13897,39.45141],[-118.13755,39.45107],[-118.13502,39.45136],[-118.1341,39.45116],[-118.133,39.45033],[-118.13226,39.45058],[-118.13119,39.45029],[-118.1303,39.45044],[-118.13226,39.45063],[-118.13298,39.45038],[-118.13407,39.45121],[-118.13502,39.45141],[-118.13684,39.4514],[-118.13755,39.45112],[-118.13897,39.45146],[-118.14212,39.45117],[-118.14328,39.45151],[-118.13966,39.45267],[-118.13808,39.45276],[-118.13674,39.45247],[-118.13807,39.45282],[-118.13968,39.45272],[-118.14347,39.45148],[-118.14554,39.45131],[-118.14848,39.45147],[-118.14954,39.45212],[-118.15045,39.45203],[-118.15074,39.45222],[-118.15072,39.45547],[-118.14928,39.45636],[-118.14657,39.45632],[-118.14316,39.45534],[-118.14179,39.45529],[-118.14009,39.45428],[-118.13599,39.45334],[-118.13424,39.45343],[-118.13307,39.45443],[-118.13141,39.4549],[-118.12987,39.45492],[-118.12905,39.45462],[-118.12815,39.45479],[-118.13144,39.45495],[-118.1331,39.45448],[-118.13427,39.45348],[-118.13598,39.4534],[-118.14006,39.45432],[-118.14178,39.45534],[-118.14314,39.45539],[-118.14663,39.45638],[-118.1496,39.45635],[-118.14915,39.45701],[-118.14473,39.45743],[-118.14231,39.45809],[-118.13918,39.45687],[-118.13795,39.45689],[-118.13459,39.45609],[-118.1333,39.45617],[-118.13224,39.45579],[-118.1314,39.456],[-118.13222,39.45584],[-118.13329,39.45622],[-118.13459,39.45614],[-118.13793,39.45694],[-118.13916,39.45693],[-118.1423,39.45815],[-118.14475,39.45749],[-118.14918,39.45706],[-118.14964,39.45673],[-118.14963,39.45628],[-118.15076,39.45552],[-118.15158,39.456],[-118.15178,39.45705],[-118.15137,39.4579],[-118.15002,39.45805],[-118.14902,39.45901],[-118.14716,39.45954],[-118.14488,39.46166],[-118.14355,39.46228],[-118.14251,39.4624],[-118.14011,39.46197],[-118.13904,39.46116],[-118.13805,39.46117],[-118.13507,39.45964],[-118.13268,39.45958],[-118.13504,39.45968],[-118.13801,39.46122],[-118.13901,39.46121],[-118.14008,39.46202],[-118.14252,39.46245],[-118.14384,39.46225],[-118.14492,39.4617],[-118.1472,39.45959],[-118.14906,39.45905],[-118.14989,39.45818],[-118.15138,39.45796],[-118.15245,39.45876],[-118.15248,39.45969],[-118.15306,39.46034],[-118.15303,39.46121],[-118.1541,39.46388],[-118.15415,39.46594],[-118.14765,39.46685],[-118.14252,39.4668],[-118.14015,39.46757],[-118.1368,39.46693],[-118.13302,39.46681],[-118.12939,39.46563],[-118.12585,39.46525],[-118.12501,39.46442],[-118.12455,39.46152],[-118.12371,39.46065],[-118.12324,39.45896],[-118.12352,39.45599],[-118.1244,39.45392],[-118.12345,39.45598],[-118.12317,39.45896],[-118.12336,39.45981],[-118.12278,39.45805],[-118.1231,39.45647],[-118.12276,39.45559],[-118.12189,39.45488],[-118.12198,39.45412],[-118.12182,39.45489],[-118.1227,39.45561],[-118.12302,39.45648],[-118.1227,39.45747],[-118.12304,39.45954],[-118.12449,39.46154],[-118.12477,39.46383],[-118.12534,39.46493],[-118.12694,39.46561],[-118.12937,39.46568],[-118.13197,39.46653],[-118.12871,39.46584],[-118.12447,39.4655],[-118.12088,39.46367],[-118.11912,39.4624],[-118.11642,39.46134],[-118.11736,39.45826],[-118.1184,39.45627],[-118.11855,39.45432],[-118.11833,39.45626],[-118.1173,39.45823],[-118.11634,39.46131],[-118.11432,39.46072],[-118.11235,39.45863],[-118.11214,39.4563],[-118.11259,39.45543],[-118.1136,39.45547],[-118.115,39.45388],[-118.11439,39.45209],[-118.1152,39.45134],[-118.1153,39.45046],[-118.11503,39.45009],[-118.11518,39.45122],[-118.11432,39.45209],[-118.11493,39.45386],[-118.11356,39.45542],[-118.11268,39.45532],[-118.11189,39.45404],[-118.11233,39.45194],[-118.11176,39.45149],[-118.11142,39.45032],[-118.1126,39.44699],[-118.11168,39.44881],[-118.11172,39.44985],[-118.11135,39.45031],[-118.1117,39.45152],[-118.11226,39.45195],[-118.11182,39.45405],[-118.11268,39.45523],[-118.11207,39.45629],[-118.11204,39.45758],[-118.11229,39.45866],[-118.1142,39.4607],[-118.11174,39.46027],[-118.11078,39.45939],[-118.11036,39.45814],[-118.10803,39.45662],[-118.10741,39.45585],[-118.10749,39.45379],[-118.10699,39.45281],[-118.10813,39.45193],[-118.10835,39.4514],[-118.10718,39.45021],[-118.10854,39.44785],[-118.10813,39.44617],[-118.10561,39.44391],[-118.1059,39.44449],[-118.10807,39.4462],[-118.10846,39.44784],[-118.10711,39.45021],[-118.10828,39.45141],[-118.10692,39.4528],[-118.10742,39.45381],[-118.10735,39.45587],[-118.10798,39.45665],[-118.11031,39.45817],[-118.11071,39.45941],[-118.11142,39.46012],[-118.11348,39.46067],[-118.11021,39.46015],[-118.10728,39.45844],[-118.1059,39.45725],[-118.1057,39.45664],[-118.10568,39.45523],[-118.106,39.45448],[-118.10577,39.45331],[-118.10543,39.45266],[-118.10428,39.45176],[-118.10512,39.45008],[-118.10521,39.44922],[-118.10619,39.44809],[-118.10588,39.44709],[-118.1054,39.44655],[-118.10612,39.44807],[-118.10514,39.4492],[-118.10502,39.45011],[-118.10402,39.44884],[-118.10457,39.44682],[-118.1045,39.44573],[-118.10395,39.44884],[-118.10498,39.45017],[-118.10422,39.4517],[-118.10292,39.45035],[-118.1033,39.44874],[-118.10262,39.44793],[-118.10401,39.44571],[-118.10255,39.44793],[-118.10321,39.44858],[-118.10286,39.45026],[-118.09997,39.44726],[-118.10023,39.44651],[-118.10126,39.44594],[-118.10108,39.44535],[-118.10149,39.44486],[-118.10123,39.44307],[-118.10049,39.44184],[-118.10116,39.44308],[-118.10142,39.44486],[-118.10101,39.44534],[-118.10119,39.44592],[-118.10018,39.44647],[-118.09991,39.44724],[-118.09715,39.44524],[-118.09571,39.44471],[-118.09579,39.44341],[-118.09742,39.44295],[-118.09812,39.44193],[-118.09781,39.43875],[-118.09805,39.44192],[-118.09737,39.44291],[-118.09634,39.44305],[-118.09727,39.44221],[-118.09761,39.44095],[-118.09671,39.43964],[-118.09708,39.43863],[-118.09587,39.43679],[-118.09402,39.4367],[-118.09282,39.43581],[-118.09224,39.43422],[-118.09235,39.43351],[-118.09167,39.43308],[-118.09039,39.43297],[-118.09077,39.43323],[-118.09165,39.43313],[-118.09228,39.43354],[-118.09217,39.43422],[-118.09276,39.43584],[-118.09398,39.43675],[-118.09583,39.43683],[-118.09701,39.43864],[-118.09665,39.43966],[-118.09754,39.44095],[-118.09721,39.44218],[-118.09626,39.44306],[-118.09589,39.44326],[-118.09558,39.44231],[-118.09535,39.44132],[-118.09552,39.44004],[-118.09478,39.43976],[-118.09393,39.4389],[-118.09381,39.43834],[-118.0929,39.43759],[-118.09146,39.43782],[-118.09021,39.43668],[-118.08821,39.43624],[-118.09017,39.43673],[-118.09143,39.43787],[-118.09286,39.43763],[-118.09472,39.43979],[-118.09546,39.44007],[-118.09528,39.44132],[-118.09585,39.44316],[-118.09548,39.44415],[-118.09576,39.4448],[-118.09482,39.44522],[-118.09342,39.44508],[-118.09287,39.44356],[-118.09211,39.44351],[-118.09178,39.44318],[-118.09194,39.44224],[-118.0914,39.44153],[-118.09168,39.44081],[-118.09061,39.44016],[-118.09008,39.43938],[-118.09055,39.4402],[-118.09162,39.44086],[-118.09132,39.44153],[-118.09187,39.44225],[-118.09165,39.44298],[-118.09202,39.44352],[-118.09069,39.44342],[-118.09043,39.44269],[-118.09059,39.44213],[-118.09025,39.44186],[-118.08887,39.44175],[-118.08746,39.4423],[-118.08542,39.44195],[-118.08345,39.44011],[-118.0854,39.44201],[-118.08746,39.44235],[-118.08888,39.44181],[-118.09038,39.44196],[-118.09063,39.44345],[-118.09282,39.4436],[-118.09328,39.44502],[-118.09369,39.44532],[-118.09611,39.44492],[-118.09711,39.44529],[-118.10026,39.44745],[-118.10157,39.44877],[-118.10015,39.44756],[-118.09739,39.4461],[-118.09507,39.44601],[-118.09452,39.44659],[-118.09266,39.44695],[-118.09455,39.44665],[-118.09493,39.44612],[-118.09629,39.44594],[-118.09736,39.44615],[-118.10043,39.44782],[-118.10559,39.45298],[-118.10593,39.45448],[-118.10561,39.45522],[-118.10565,39.45671],[-118.10311,39.45626],[-118.10205,39.45654],[-118.10073,39.45601],[-118.10023,39.45501],[-118.10057,39.45402],[-118.09883,39.45264],[-118.09817,39.45278],[-118.09777,39.45131],[-118.09681,39.45124],[-118.0971,39.45014],[-118.09688,39.44959],[-118.09396,39.4485],[-118.09683,39.44962],[-118.09703,39.45014],[-118.09675,39.45127],[-118.09772,39.45136],[-118.09813,39.45283],[-118.0988,39.45269],[-118.10051,39.45404],[-118.10016,39.45502],[-118.10068,39.45605],[-118.10205,39.4566],[-118.10311,39.45631],[-118.10537,39.45665],[-118.10582,39.45722],[-118.10417,39.45687],[-118.10093,39.45747],[-118.10005,39.45696],[-118.09922,39.45568],[-118.09793,39.45466],[-118.09578,39.4545],[-118.09448,39.45398],[-118.09378,39.45344],[-118.09344,39.45167],[-118.09206,39.45065],[-118.09166,39.449],[-118.08922,39.44816],[-118.08905,39.4462],[-118.08757,39.44548],[-118.08657,39.44554],[-118.08628,39.44452],[-118.08569,39.44433],[-118.08558,39.44293],[-118.08261,39.44187],[-118.08197,39.44135],[-118.08258,39.44192],[-118.08552,39.44297],[-118.08562,39.44435],[-118.08623,39.44455],[-118.08651,39.44558],[-118.08824,39.44571],[-118.08909,39.44633],[-118.08896,39.44763],[-118.08915,39.44819],[-118.08963,39.44843],[-118.08796,39.44895],[-118.08737,39.44883],[-118.08689,39.44838],[-118.08674,39.44768],[-118.08604,39.44727],[-118.08607,39.44659],[-118.08542,39.44652],[-118.08519,39.44678],[-118.08427,39.44621],[-118.08464,39.44585],[-118.0837,39.44481],[-118.07993,39.44391],[-118.08367,39.44486],[-118.08457,39.44587],[-118.08421,39.44625],[-118.08518,39.44683],[-118.08601,39.44662],[-118.08596,39.44728],[-118.08668,39.44771],[-118.08682,39.4484],[-118.08734,39.44888],[-118.08798,39.449],[-118.08972,39.44844],[-118.0913,39.44881],[-118.09217,39.45096],[-118.09338,39.4517],[-118.09371,39.45339],[-118.09264,39.45309],[-118.09068,39.45326],[-118.08944,39.45125],[-118.08878,39.45106],[-118.08795,39.4513],[-118.08658,39.45084],[-118.08606,39.45001],[-118.08518,39.44983],[-118.08499,39.44905],[-118.08296,39.44825],[-118.0806,39.44615],[-118.08291,39.44829],[-118.0847,39.44891],[-118.08512,39.44986],[-118.08615,39.45027],[-118.08527,39.45052],[-118.08316,39.44974],[-118.0823,39.44992],[-118.08029,39.44882],[-118.08109,39.44955],[-118.08229,39.44999],[-118.08315,39.4498],[-118.08524,39.45057],[-118.08611,39.45044],[-118.08776,39.45133],[-118.08902,39.45113],[-118.08992,39.45189],[-118.0903,39.45308],[-118.09106,39.45342],[-118.09008,39.45371],[-118.0891,39.45268],[-118.08793,39.45259],[-118.08615,39.45307],[-118.0832,39.45215],[-118.08232,39.45234],[-118.08161,39.45162],[-118.08192,39.45117],[-118.07871,39.44968],[-118.08186,39.4512],[-118.08153,39.45162],[-118.08204,39.45229],[-118.08319,39.4522],[-118.0842,39.45269],[-118.08229,39.45328],[-118.0815,39.45284],[-118.07983,39.45267],[-118.0782,39.45182],[-118.0798,39.45272],[-118.08147,39.45289],[-118.08228,39.45334],[-118.08445,39.45269],[-118.08562,39.45302],[-118.08507,39.45399],[-118.08099,39.45525],[-118.07991,39.45685],[-118.08104,39.45529],[-118.08511,39.45404],[-118.08568,39.45304],[-118.08908,39.45274],[-118.09019,39.45379],[-118.08752,39.45359],[-118.08611,39.4549],[-118.08466,39.45489],[-118.0829,39.45562],[-118.08128,39.45654],[-118.08068,39.45731],[-118.08133,39.45658],[-118.08441,39.45502],[-118.08616,39.45494],[-118.08767,39.45359],[-118.08997,39.45391],[-118.09264,39.45314],[-118.0933,39.45321],[-118.09439,39.45399],[-118.08958,39.4546],[-118.08887,39.4552],[-118.08724,39.45546],[-118.08617,39.4568],[-118.0848,39.45732],[-118.08361,39.45722],[-118.08144,39.45771],[-118.08361,39.45727],[-118.08482,39.45737],[-118.0863,39.45679],[-118.08748,39.45539],[-118.0889,39.45525],[-118.08961,39.45464],[-118.09445,39.45403],[-118.09576,39.45455],[-118.09789,39.45471],[-118.09951,39.45629],[-118.09803,39.45631],[-118.09706,39.45681],[-118.09527,39.45572],[-118.09391,39.45554],[-118.09201,39.45596],[-118.08981,39.45503],[-118.09027,39.45548],[-118.09199,39.45601],[-118.09295,39.45568],[-118.09514,39.45576],[-118.09313,39.45601],[-118.09171,39.45686],[-118.08961,39.45614],[-118.08756,39.45711],[-118.08962,39.45619],[-118.09171,39.45692],[-118.09316,39.45606],[-118.09525,39.45577],[-118.09651,39.45652],[-118.09541,39.45649],[-118.09466,39.4572],[-118.09167,39.45704],[-118.09002,39.45789],[-118.08913,39.45753],[-118.08772,39.45801],[-118.08693,39.45863],[-118.08828,39.45784],[-118.0894,39.45758],[-118.09003,39.45795],[-118.09169,39.45709],[-118.09467,39.45726],[-118.09571,39.45649],[-118.09706,39.45686],[-118.09806,39.45635],[-118.09954,39.45634],[-118.1008,39.45748],[-118.09996,39.45766],[-118.0986,39.45866],[-118.09677,39.4586],[-118.09572,39.45813],[-118.09374,39.45876],[-118.09309,39.4582],[-118.09246,39.45886],[-118.09108,39.45917],[-118.08817,39.45905],[-118.09109,39.45922],[-118.09251,39.45891],[-118.09293,39.45828],[-118.09336,39.45846],[-118.09276,39.45987],[-118.09079,39.46046],[-118.08925,39.46016],[-118.08863,39.45973],[-118.0858,39.45992],[-118.08466,39.46093],[-118.08635,39.45976],[-118.08722,39.4597],[-118.08768,39.46002],[-118.08862,39.45979],[-118.09066,39.46053],[-118.09243,39.46012],[-118.09302,39.45969],[-118.09315,39.45893],[-118.09348,39.45868],[-118.09512,39.45857],[-118.09564,39.45819],[-118.09675,39.45865],[-118.09902,39.45854],[-118.09836,39.45928],[-118.09674,39.45947],[-118.09595,39.46036],[-118.09426,39.46006],[-118.09329,39.4605],[-118.09226,39.46023],[-118.09104,39.46118],[-118.09014,39.46082],[-118.08643,39.46196],[-118.08444,39.46124],[-118.08595,39.46197],[-118.0871,39.46196],[-118.08829,39.46127],[-118.08963,39.46097],[-118.09106,39.46123],[-118.09227,39.46028],[-118.09329,39.46055],[-118.09426,39.46011],[-118.09598,39.46041],[-118.09692,39.45943],[-118.09833,39.45934],[-118.09797,39.46018],[-118.09652,39.4614],[-118.09543,39.46115],[-118.09416,39.46153],[-118.09381,39.46185],[-118.09403,39.46259],[-118.09286,39.46317],[-118.092,39.46343],[-118.08951,39.46283],[-118.08737,39.46325],[-118.08952,39.46288],[-118.09201,39.46349],[-118.09408,39.46262],[-118.09388,39.46186],[-118.0942,39.46157],[-118.09543,39.46121],[-118.09654,39.46146],[-118.09719,39.46094],[-118.09627,39.46171],[-118.09614,39.46282],[-118.09571,39.46335],[-118.09438,39.46363],[-118.09551,39.46355],[-118.0962,39.46284],[-118.09633,39.46175],[-118.09692,39.46151],[-118.0996,39.45799],[-118.10023,39.45759],[-118.10375,39.45696],[-118.10586,39.45729],[-118.10687,39.45819],[-118.105,39.45842],[-118.10445,39.45823],[-118.10419,39.45845],[-118.10431,39.45879],[-118.10131,39.45927],[-118.09988,39.46067],[-118.10134,39.45932],[-118.10436,39.45884],[-118.10446,39.45829],[-118.105,39.45848],[-118.10693,39.45824],[-118.10937,39.45966],[-118.10819,39.45991],[-118.10666,39.46093],[-118.10497,39.46042],[-118.10331,39.46084],[-118.10234,39.46227],[-118.09907,39.46361],[-118.09891,39.46444],[-118.09913,39.46364],[-118.09958,39.46335],[-118.10239,39.4623],[-118.10334,39.46089],[-118.10497,39.46047],[-118.10662,39.46098],[-118.10627,39.4615],[-118.10632,39.4622],[-118.10393,39.46416],[-118.10216,39.46684],[-118.10292,39.46612],[-118.10309,39.46537],[-118.10396,39.46459],[-118.104,39.46418],[-118.10638,39.46223],[-118.10634,39.46151],[-118.1067,39.46098],[-118.10823,39.45996],[-118.10946,39.4597],[-118.11122,39.46047],[-118.10888,39.46145],[-118.10846,39.46273],[-118.10771,39.46272],[-118.107,39.46322],[-118.10697,39.46403],[-118.10647,39.46499],[-118.10522,39.46568],[-118.10531,39.46613],[-118.10384,39.46697],[-118.10537,39.46617],[-118.10528,39.4657],[-118.10653,39.46502],[-118.10704,39.46403],[-118.10707,39.46324],[-118.10775,39.46277],[-118.10851,39.46277],[-118.10893,39.46149],[-118.11133,39.4605],[-118.11521,39.46093],[-118.11907,39.46245],[-118.12084,39.46372],[-118.12672,39.46647],[-118.1368,39.46698],[-118.14015,39.46762],[-118.14253,39.46685],[-118.14779,39.46691],[-118.14873,39.46717],[-118.15079,39.46868],[-118.15225,39.46908],[-118.15083,39.46863],[-118.14877,39.46712],[-118.14784,39.46686],[-118.15415,39.46599],[-118.15437,39.46627],[-118.15492,39.46932],[-118.1539,39.46979],[-118.15411,39.47099],[-118.15293,39.47257],[-118.15366,39.47301],[-118.15385,39.4752],[-118.15527,39.478],[-118.15535,39.47861],[-118.15483,39.4806],[-118.15461,39.48062],[-118.15316,39.48048],[-118.14841,39.47778],[-118.14638,39.47702],[-118.14104,39.47574],[-118.13692,39.47303],[-118.13644,39.47079],[-118.13582,39.47024],[-118.13478,39.47006],[-118.13322,39.4705],[-118.12991,39.46878],[-118.126,39.46849],[-118.11803,39.46261],[-118.11472,39.4632],[-118.11422,39.46433],[-118.11372,39.4647],[-118.11188,39.46475],[-118.10967,39.46664],[-118.10772,39.4678],[-118.10972,39.46668],[-118.11191,39.4648],[-118.11377,39.46474],[-118.11428,39.46436],[-118.11475,39.46325],[-118.11801,39.46267],[-118.12155,39.46523],[-118.12056,39.46486],[-118.11769,39.46485],[-118.11753,39.46522],[-118.11642,39.46527],[-118.11547,39.46624],[-118.11318,39.46581],[-118.11227,39.46638],[-118.11319,39.46587],[-118.1155,39.46629],[-118.11647,39.46531],[-118.11757,39.46527],[-118.11771,39.46491],[-118.12055,39.46491],[-118.12163,39.46529],[-118.12287,39.4663],[-118.12151,39.46659],[-118.12012,39.4664],[-118.11619,39.46783],[-118.11305,39.4677],[-118.11202,39.4687],[-118.11047,39.46902],[-118.11208,39.46874],[-118.11307,39.46775],[-118.11442,39.46799],[-118.1152,39.4677],[-118.11655,39.46783],[-118.1174,39.46728],[-118.12014,39.46646],[-118.12151,39.46664],[-118.12294,39.46635],[-118.12497,39.46788],[-118.12116,39.46664],[-118.12037,39.46688],[-118.11843,39.46831],[-118.11693,39.46844],[-118.1162,39.46911],[-118.11336,39.46902],[-118.11231,39.46975],[-118.11099,39.46985],[-118.11234,39.4698],[-118.11339,39.46907],[-118.11623,39.46916],[-118.11697,39.46848],[-118.11846,39.46836],[-118.12117,39.4667],[-118.12424,39.46756],[-118.12608,39.46856],[-118.12399,39.46859],[-118.1214,39.46984],[-118.11846,39.47042],[-118.11756,39.47104],[-118.11552,39.47085],[-118.11452,39.47186],[-118.11366,39.47129],[-118.11243,39.47158],[-118.11031,39.47105],[-118.10752,39.46972],[-118.10743,39.46923],[-118.10636,39.46839],[-118.10737,39.46926],[-118.10747,39.46976],[-118.11028,39.4711],[-118.11243,39.47163],[-118.11365,39.47134],[-118.1144,39.47189],[-118.11263,39.47234],[-118.11112,39.47409],[-118.10967,39.47489],[-118.11118,39.47412],[-118.11267,39.47239],[-118.11501,39.4717],[-118.1151,39.47118],[-118.11555,39.4709],[-118.11688,39.47089],[-118.11748,39.47142],[-118.1181,39.47148],[-118.1197,39.47088],[-118.12156,39.47109],[-118.12001,39.4725],[-118.11908,39.47383],[-118.11786,39.47462],[-118.11756,39.47532],[-118.11602,39.47506],[-118.1147,39.47417],[-118.11338,39.47438],[-118.11179,39.47551],[-118.11341,39.47442],[-118.11471,39.47423],[-118.11599,39.47511],[-118.11752,39.47538],[-118.11667,39.47625],[-118.11275,39.47662],[-118.11657,39.47637],[-118.11755,39.47548],[-118.11792,39.47465],[-118.11914,39.47386],[-118.12007,39.47254],[-118.12164,39.47111],[-118.12309,39.47098],[-118.12402,39.47052],[-118.12629,39.46858],[-118.12924,39.46866],[-118.13024,39.46902],[-118.12732,39.469],[-118.12614,39.46946],[-118.12427,39.47249],[-118.12438,39.47321],[-118.12387,39.47349],[-118.1236,39.47418],[-118.12445,39.47323],[-118.12434,39.47251],[-118.1262,39.4695],[-118.12733,39.46905],[-118.13047,39.4691],[-118.133,39.47051],[-118.13478,39.47011],[-118.13579,39.47029],[-118.13637,39.47081],[-118.13686,39.47305],[-118.1412,39.47589],[-118.14634,39.47707],[-118.14837,39.47783],[-118.15312,39.48053],[-118.15484,39.48066],[-118.15518,39.4825],[-118.15603,39.48384],[-118.15586,39.48579],[-118.15634,39.48818],[-118.15613,39.48928],[-118.15407,39.4906],[-118.15291,39.49197],[-118.15174,39.49432],[-118.15108,39.49482],[-118.15079,39.49552],[-118.14805,39.49797],[-118.14659,39.49619],[-118.14817,39.49394],[-118.14822,39.49341],[-118.15047,39.49188],[-118.15018,39.49103],[-118.14905,39.48971],[-118.149,39.48792],[-118.14981,39.48693],[-118.15216,39.486],[-118.15277,39.48419],[-118.15207,39.48302],[-118.14717,39.48217],[-118.14431,39.4822],[-118.14349,39.48135],[-118.14201,39.48141],[-118.14184,39.48072],[-118.14113,39.48073],[-118.14089,39.48012],[-118.13989,39.47923],[-118.13994,39.47887],[-118.13824,39.47756],[-118.13826,39.47714],[-118.13742,39.47669],[-118.13544,39.47664],[-118.13494,39.47601],[-118.13432,39.47593],[-118.13375,39.47466],[-118.13236,39.47412],[-118.13123,39.47188],[-118.1295,39.47097],[-118.13117,39.47191],[-118.1323,39.47415],[-118.13369,39.47469],[-118.13405,39.47567],[-118.13324,39.47588],[-118.13179,39.47531],[-118.13112,39.47425],[-118.12788,39.47482],[-118.1311,39.4743],[-118.13153,39.47519],[-118.13322,39.47593],[-118.13371,39.47573],[-118.13491,39.47606],[-118.13561,39.47673],[-118.1374,39.47675],[-118.1382,39.47717],[-118.13817,39.47759],[-118.13987,39.4789],[-118.13982,39.47925],[-118.14084,39.48015],[-118.14108,39.48077],[-118.14178,39.48074],[-118.14198,39.48146],[-118.14347,39.48141],[-118.14428,39.48225],[-118.14715,39.48223],[-118.15203,39.48306],[-118.1527,39.48419],[-118.1521,39.48597],[-118.14977,39.48689],[-118.14898,39.48785],[-118.14855,39.48675],[-118.147,39.48668],[-118.14477,39.48717],[-118.1433,39.4868],[-118.14194,39.4853],[-118.13977,39.48382],[-118.139,39.48236],[-118.13724,39.48153],[-118.13623,39.48009],[-118.13461,39.47933],[-118.13123,39.47668],[-118.12947,39.4775],[-118.1257,39.47677],[-118.12367,39.47757],[-118.12259,39.47834],[-118.12572,39.47682],[-118.12804,39.47747],[-118.12776,39.47778],[-118.12683,39.47754],[-118.1259,39.47816],[-118.12506,39.4781],[-118.12471,39.47866],[-118.12364,39.47908],[-118.12312,39.47989],[-118.12511,39.47814],[-118.12593,39.47821],[-118.12684,39.4776],[-118.12779,39.47783],[-118.12835,39.47736],[-118.1299,39.47752],[-118.1312,39.47673],[-118.13456,39.47937],[-118.13618,39.48013],[-118.13719,39.48157],[-118.13895,39.48239],[-118.13971,39.48385],[-118.14189,39.48533],[-118.14326,39.48685],[-118.14476,39.48722],[-118.14746,39.48669],[-118.14865,39.48685],[-118.14893,39.48791],[-118.14748,39.48988],[-118.14704,39.49237],[-118.14582,39.49344],[-118.14431,39.49417],[-118.14339,39.49595],[-118.14275,39.49463],[-118.14406,39.49334],[-118.14389,39.49194],[-118.14309,39.49104],[-118.14314,39.48912],[-118.14103,39.4864],[-118.14004,39.48557],[-118.13776,39.48457],[-118.1362,39.48285],[-118.13474,39.48261],[-118.1317,39.48328],[-118.13475,39.48266],[-118.13617,39.48289],[-118.13771,39.48461],[-118.14031,39.48584],[-118.14293,39.48894],[-118.14302,39.49106],[-118.14382,39.49195],[-118.14406,39.49314],[-118.14267,39.49462],[-118.14337,39.4962],[-118.14292,39.49846],[-118.14251,39.49751],[-118.14042,39.49566],[-118.13736,39.49503],[-118.13356,39.49507],[-118.12852,39.49399],[-118.1234,39.49243],[-118.12086,39.4906],[-118.121,39.48919],[-118.12056,39.4877],[-118.12103,39.48656],[-118.12077,39.48479],[-118.12232,39.48394],[-118.12372,39.48269],[-118.12317,39.48119],[-118.12365,39.48267],[-118.1207,39.48478],[-118.12096,39.48656],[-118.12049,39.4877],[-118.12093,39.48919],[-118.12078,39.49051],[-118.12034,39.49021],[-118.11988,39.4895],[-118.11926,39.48681],[-118.11988,39.48403],[-118.11953,39.4818],[-118.12009,39.48106],[-118.12038,39.47853],[-118.12025,39.47994],[-118.11989,39.48052],[-118.12001,39.48105],[-118.11946,39.48179],[-118.11958,39.48339],[-118.11897,39.4828],[-118.11867,39.48191],[-118.11877,39.48022],[-118.11801,39.47905],[-118.11821,39.47814],[-118.11796,39.4788],[-118.11805,39.47942],[-118.1187,39.48023],[-118.11848,39.48098],[-118.1189,39.48282],[-118.11981,39.48403],[-118.11922,39.48618],[-118.1195,39.48789],[-118.11834,39.48652],[-118.11641,39.48555],[-118.115,39.48541],[-118.11496,39.48373],[-118.11459,39.4833],[-118.11465,39.4825],[-118.11549,39.48107],[-118.11531,39.47988],[-118.11542,39.48106],[-118.11459,39.48248],[-118.11452,39.4833],[-118.11489,39.48375],[-118.11472,39.48481],[-118.11494,39.48544],[-118.11638,39.4856],[-118.11847,39.48668],[-118.11957,39.4881],[-118.1198,39.48946],[-118.11899,39.48902],[-118.11707,39.48872],[-118.11375,39.48891],[-118.1088,39.48719],[-118.10776,39.48621],[-118.10749,39.4846],[-118.10839,39.48353],[-118.10958,39.48299],[-118.11036,39.47823],[-118.11083,39.47747],[-118.11029,39.47822],[-118.10952,39.48297],[-118.10835,39.48348],[-118.10734,39.48481],[-118.10757,39.48604],[-118.10869,39.48716],[-118.10547,39.4864],[-118.10469,39.48585],[-118.10355,39.4833],[-118.10358,39.48267],[-118.10764,39.48038],[-118.1092,39.47813],[-118.10946,39.47706],[-118.11081,39.47594],[-118.1094,39.47704],[-118.10914,39.47811],[-118.10759,39.48035],[-118.10377,39.4825],[-118.10554,39.48071],[-118.10636,39.47771],[-118.10696,39.47743],[-118.1073,39.47641],[-118.1069,39.4774],[-118.10629,39.47769],[-118.10547,39.48068],[-118.10386,39.48216],[-118.10383,39.48118],[-118.10328,39.4802],[-118.10344,39.47913],[-118.10545,39.47739],[-118.10545,39.47694],[-118.10647,39.47601],[-118.10641,39.4756],[-118.10621,39.47634],[-118.10538,39.47691],[-118.10539,39.47736],[-118.10337,39.47911],[-118.10321,39.48021],[-118.10385,39.48163],[-118.10349,39.48318],[-118.10289,39.48173],[-118.1011,39.47976],[-118.1006,39.47711],[-118.10109,39.47626],[-118.10225,39.47542],[-118.10259,39.47221],[-118.10315,39.47111],[-118.10436,39.47021],[-118.10471,39.46882],[-118.10288,39.46712],[-118.10469,39.46908],[-118.10429,39.47018],[-118.10287,39.47138],[-118.1023,39.47307],[-118.10232,39.4745],[-118.10052,39.47317],[-118.09979,39.47189],[-118.09928,39.46954],[-118.09952,39.46898],[-118.09863,39.46768],[-118.09832,39.46488],[-118.09827,39.4665],[-118.09857,39.4677],[-118.09945,39.46899],[-118.09924,39.4695],[-118.09889,39.46928],[-118.09756,39.46951],[-118.09713,39.46855],[-118.09529,39.46838],[-118.09491,39.4672],[-118.0939,39.46703],[-118.0934,39.46648],[-118.09166,39.46667],[-118.08906,39.46614],[-118.09167,39.46672],[-118.09337,39.46653],[-118.09387,39.46708],[-118.09485,39.46723],[-118.09525,39.46843],[-118.09708,39.4686],[-118.09754,39.46956],[-118.09889,39.46933],[-118.09921,39.46955],[-118.10004,39.4726],[-118.10234,39.4746],[-118.10219,39.47541],[-118.10102,39.47623],[-118.10055,39.4775],[-118.09895,39.47516],[-118.09829,39.47476],[-118.09821,39.47355],[-118.09711,39.47344],[-118.09727,39.47232],[-118.09698,39.47327],[-118.09815,39.47358],[-118.09822,39.47479],[-118.09889,39.47519],[-118.10056,39.47761],[-118.10103,39.47978],[-118.10194,39.48093],[-118.10028,39.48015],[-118.09919,39.47882],[-118.09831,39.47849],[-118.09797,39.47767],[-118.09707,39.47787],[-118.09714,39.47709],[-118.09661,39.47657],[-118.0969,39.47548],[-118.09622,39.47483],[-118.09649,39.47362],[-118.0963,39.47274],[-118.09411,39.47174],[-118.09464,39.47099],[-118.09359,39.46957],[-118.09256,39.46948],[-118.09161,39.4689],[-118.09253,39.46953],[-118.09354,39.46961],[-118.09457,39.47099],[-118.09404,39.47176],[-118.09624,39.47277],[-118.09642,39.47361],[-118.09615,39.47483],[-118.09683,39.47549],[-118.09674,39.47585],[-118.09616,39.47529],[-118.09499,39.47528],[-118.09425,39.47444],[-118.09323,39.47478],[-118.09267,39.47456],[-118.09251,39.47323],[-118.09156,39.47229],[-118.09245,39.47326],[-118.09261,39.47459],[-118.09323,39.47484],[-118.09422,39.4745],[-118.09495,39.47533],[-118.09613,39.47534],[-118.0966,39.47568],[-118.09654,39.47658],[-118.09708,39.47711],[-118.09701,39.4779],[-118.09806,39.4778],[-118.09825,39.47852],[-118.09913,39.47885],[-118.10023,39.48018],[-118.10251,39.48136],[-118.10321,39.48269],[-118.10112,39.48103],[-118.09911,39.48031],[-118.09794,39.48029],[-118.09726,39.47954],[-118.09684,39.4784],[-118.09483,39.47752],[-118.09382,39.47656],[-118.09277,39.47628],[-118.09171,39.47657],[-118.0901,39.47523],[-118.08723,39.4753],[-118.08649,39.47366],[-118.08699,39.47261],[-118.08786,39.47176],[-118.08791,39.47128],[-118.08672,39.47012],[-118.08689,39.46909],[-118.08472,39.46886],[-118.08304,39.46723],[-118.08412,39.46569],[-118.08487,39.46523],[-118.08475,39.46445],[-118.08333,39.46371],[-118.08318,39.46247],[-118.08361,39.46174],[-118.08311,39.46246],[-118.08326,39.46373],[-118.08471,39.46449],[-118.0848,39.46521],[-118.08313,39.46674],[-118.08296,39.46724],[-118.08327,39.46744],[-118.08236,39.46706],[-118.08196,39.46622],[-118.0825,39.4652],[-118.08251,39.46255],[-118.08214,39.46204],[-118.08212,39.46119],[-118.08278,39.46043],[-118.08205,39.46118],[-118.08208,39.46205],[-118.08244,39.46255],[-118.08243,39.46519],[-118.08189,39.46622],[-118.08231,39.46709],[-118.08391,39.4679],[-118.08469,39.46891],[-118.08682,39.46911],[-118.08665,39.47014],[-118.08784,39.47129],[-118.0878,39.47174],[-118.08649,39.47334],[-118.08577,39.47253],[-118.0855,39.47124],[-118.0837,39.47004],[-118.08388,39.46946],[-118.08344,39.46888],[-118.08381,39.46946],[-118.08363,39.47007],[-118.08544,39.47127],[-118.08571,39.47255],[-118.08646,39.47341],[-118.08651,39.47419],[-118.08716,39.47531],[-118.08521,39.47554],[-118.08414,39.47503],[-118.08384,39.47309],[-118.08325,39.47287],[-118.08321,39.47214],[-118.0825,39.47165],[-118.08222,39.4708],[-118.08149,39.47003],[-118.08244,39.47167],[-118.08315,39.47216],[-118.08319,39.4729],[-118.08378,39.47311],[-118.08405,39.47501],[-118.08226,39.47535],[-118.08188,39.47467],[-118.08129,39.47438],[-118.08055,39.47272],[-118.07744,39.47127],[-118.0805,39.47276],[-118.08123,39.47441],[-118.08182,39.4747],[-118.08218,39.47534],[-118.08101,39.47499],[-118.08007,39.47523],[-118.07956,39.47502],[-118.07744,39.47625],[-118.07738,39.47675],[-118.07795,39.47766],[-118.07735,39.47911],[-118.07789,39.47847],[-118.07802,39.47765],[-118.07741,39.47636],[-118.07957,39.47507],[-118.08007,39.47529],[-118.08099,39.47504],[-118.08282,39.47548],[-118.08387,39.47505],[-118.08463,39.4754],[-118.08403,39.47576],[-118.0839,39.47636],[-118.08333,39.47693],[-118.08349,39.4776],[-118.08311,39.47883],[-118.08356,39.47761],[-118.0834,39.47695],[-118.08408,39.47579],[-118.0847,39.47543],[-118.09008,39.47529],[-118.09167,39.47662],[-118.09277,39.47633],[-118.09378,39.4766],[-118.09479,39.47756],[-118.09679,39.47844],[-118.09699,39.479],[-118.09093,39.47918],[-118.09044,39.47907],[-118.0899,39.47838],[-118.08826,39.47777],[-118.09092,39.47924],[-118.09701,39.47905],[-118.09875,39.4822],[-118.10004,39.48538],[-118.09921,39.48442],[-118.09621,39.48288],[-118.09335,39.48288],[-118.09286,39.48246],[-118.09268,39.48175],[-118.09165,39.48088],[-118.09332,39.48293],[-118.09618,39.48293],[-118.09916,39.48446],[-118.10012,39.48559],[-118.10295,39.49111],[-118.10635,39.49222],[-118.10771,39.49351],[-118.11265,39.49674],[-118.11955,39.50221],[-118.12415,39.50421],[-118.12689,39.50441],[-118.13173,39.50708],[-118.13701,39.50889],[-118.1357,39.50853],[-118.13094,39.50836],[-118.12728,39.50758],[-118.12589,39.50679],[-118.12256,39.50644],[-118.12037,39.50583],[-118.11379,39.50598],[-118.11258,39.50555],[-118.1082,39.50157],[-118.10758,39.50005],[-118.10696,39.49936],[-118.10096,39.49433],[-118.09981,39.49158],[-118.09947,39.48924],[-118.09559,39.48652],[-118.09587,39.48584],[-118.09566,39.4852],[-118.0925,39.48393],[-118.0912,39.48408],[-118.09032,39.48368],[-118.08892,39.48284],[-118.08867,39.48145],[-118.08886,39.48286],[-118.09028,39.48372],[-118.09119,39.48413],[-118.09247,39.48398],[-118.09561,39.48523],[-118.0958,39.48584],[-118.09552,39.48651],[-118.09397,39.48627],[-118.09255,39.48703],[-118.09113,39.48586],[-118.09027,39.48564],[-118.08931,39.48462],[-118.09013,39.4856],[-118.09109,39.48591],[-118.09229,39.48699],[-118.09303,39.48703],[-118.09399,39.48632],[-118.09554,39.48656],[-118.09937,39.48922],[-118.09974,39.49159],[-118.1009,39.49436],[-118.10691,39.49939],[-118.10752,39.50008],[-118.10814,39.50159],[-118.11232,39.50544],[-118.10882,39.50396],[-118.10528,39.50174],[-118.10466,39.50075],[-118.10343,39.49992],[-118.1008,39.497],[-118.09736,39.49551],[-118.0943,39.49476],[-118.09271,39.49392],[-118.09103,39.4923],[-118.0887,39.48796],[-118.0864,39.48511],[-118.08494,39.4816],[-118.08388,39.48125],[-118.08062,39.48131],[-118.07944,39.48162],[-118.07856,39.48285],[-118.0795,39.48166],[-118.08064,39.48136],[-118.08388,39.4813],[-118.08489,39.48164],[-118.08634,39.48513],[-118.08864,39.48799],[-118.09096,39.49232],[-118.09266,39.49396],[-118.09427,39.49481],[-118.09733,39.49556],[-118.10076,39.49704],[-118.10337,39.49995],[-118.1046,39.50078],[-118.10522,39.50177],[-118.10667,39.5028],[-118.11338,39.50597],[-118.10662,39.50549],[-118.10379,39.50487],[-118.09544,39.50568],[-118.09458,39.50546],[-118.09009,39.50331],[-118.08745,39.50152],[-118.08663,39.50116],[-118.08531,39.5012],[-118.08498,39.50015],[-118.08337,39.49983],[-118.08242,39.49748],[-118.08256,39.4953],[-118.08235,39.49748],[-118.08332,39.49986],[-118.08375,39.50016],[-118.08494,39.5002],[-118.08527,39.50125],[-118.08697,39.50136],[-118.09005,39.50336],[-118.09529,39.5057],[-118.09161,39.50662],[-118.08996,39.50552],[-118.08937,39.50458],[-118.08818,39.50372],[-118.08614,39.5035],[-118.08338,39.50369],[-118.08259,39.50312],[-118.08291,39.50353],[-118.08418,39.50379],[-118.08614,39.50355],[-118.08816,39.50377],[-118.08932,39.50462],[-118.08991,39.50555],[-118.09154,39.50664],[-118.08956,39.50752],[-118.08836,39.50899],[-118.09017,39.50721],[-118.09385,39.50612],[-118.09099,39.5087],[-118.09393,39.50613],[-118.09535,39.50572],[-118.10379,39.50492],[-118.10648,39.50547],[-118.11071,39.50825],[-118.11206,39.50947],[-118.11596,39.51129],[-118.11902,39.51343],[-118.12011,39.51457],[-118.12279,39.515],[-118.1244,39.51575],[-118.12785,39.51607],[-118.13758,39.51918],[-118.13825,39.51998],[-118.13787,39.52087],[-118.13793,39.52241],[-118.13695,39.52486],[-118.13556,39.52662],[-118.1345,39.52941],[-118.12784,39.52288],[-118.12575,39.5218],[-118.12458,39.52038],[-118.12377,39.52013],[-118.12305,39.51942],[-118.12095,39.5188],[-118.11736,39.51657],[-118.12091,39.51884],[-118.12302,39.51947],[-118.12372,39.52017],[-118.12454,39.52042],[-118.12569,39.52183],[-118.12798,39.52319],[-118.12558,39.52236],[-118.12498,39.52242],[-118.12152,39.52013],[-118.12063,39.5201],[-118.11972,39.51908],[-118.11527,39.5173],[-118.11409,39.5165],[-118.11224,39.51626],[-118.11117,39.51653],[-118.10787,39.51644],[-118.1049,39.51537],[-118.10285,39.51366],[-118.09936,39.51165],[-118.095,39.51031],[-118.09057,39.50975],[-118.08394,39.51028],[-118.08136,39.50995],[-118.07886,39.50825],[-118.07611,39.50582],[-118.07615,39.50518],[-118.07992,39.50147],[-118.08045,39.49993],[-118.07916,39.49674],[-118.07777,39.49539],[-118.0774,39.49448],[-118.07771,39.49541],[-118.0791,39.49677],[-118.08038,39.49992],[-118.07947,39.50193],[-118.07602,39.50526],[-118.07604,39.50584],[-118.07653,39.50641],[-118.07395,39.5058],[-118.07123,39.50423],[-118.0642,39.49926],[-118.06411,39.49643],[-118.06618,39.49633],[-118.06888,39.4949],[-118.06934,39.49346],[-118.07066,39.49257],[-118.07242,39.49303],[-118.07354,39.49265],[-118.07242,39.49297],[-118.07062,39.49252],[-118.06928,39.49343],[-118.06884,39.49486],[-118.06616,39.49628],[-118.06465,39.49617],[-118.06393,39.49658],[-118.0638,39.49529],[-118.0641,39.49469],[-118.06472,39.49424],[-118.06645,39.49386],[-118.07014,39.49097],[-118.07345,39.4913],[-118.07693,39.4881],[-118.07699,39.48752],[-118.07685,39.48811],[-118.07341,39.49125],[-118.07016,39.49092],[-118.0707,39.4897],[-118.07043,39.48856],[-118.07075,39.48781],[-118.07239,39.48698],[-118.07275,39.48638],[-118.07361,39.48636],[-118.07447,39.48566],[-118.07417,39.48394],[-118.07458,39.4836],[-118.07471,39.4824],[-118.07451,39.48359],[-118.0741,39.48392],[-118.0744,39.48564],[-118.07357,39.48632],[-118.0727,39.48634],[-118.07234,39.48694],[-118.0707,39.48777],[-118.07036,39.48833],[-118.07063,39.48969],[-118.07012,39.49061],[-118.06919,39.48842],[-118.06826,39.48765],[-118.06828,39.48625],[-118.06771,39.48573],[-118.06821,39.48627],[-118.0682,39.48767],[-118.06912,39.48844],[-118.07009,39.49093],[-118.06646,39.49377],[-118.0672,39.4921],[-118.06681,39.49181],[-118.06658,39.49005],[-118.06721,39.48885],[-118.06585,39.48779],[-118.06714,39.48885],[-118.06651,39.49004],[-118.06675,39.49183],[-118.06712,39.4921],[-118.06639,39.49381],[-118.06451,39.49428],[-118.0638,39.49511],[-118.06413,39.49918],[-118.05917,39.49323],[-118.05877,39.49259],[-118.05993,39.49142],[-118.06083,39.49117],[-118.0619,39.49137],[-118.06524,39.48911],[-118.06443,39.48661],[-118.06448,39.48578],[-118.0638,39.48517],[-118.06441,39.48579],[-118.06436,39.48661],[-118.06517,39.4891],[-118.06186,39.49131],[-118.06083,39.49112],[-118.05988,39.49137],[-118.05874,39.49254],[-118.05791,39.49104],[-118.05823,39.48909],[-118.05873,39.48856],[-118.05881,39.48684],[-118.05917,39.48596],[-118.06122,39.48274],[-118.06259,39.48256],[-118.06658,39.48377],[-118.06725,39.48338],[-118.06785,39.48365],[-118.06841,39.48345],[-118.07084,39.48219],[-118.06837,39.4834],[-118.06782,39.48359],[-118.06723,39.48333],[-118.06659,39.48371],[-118.06261,39.48251],[-118.06125,39.48266],[-118.06166,39.48023],[-118.06128,39.47935],[-118.06169,39.47864],[-118.06585,39.47701],[-118.0666,39.47764],[-118.06677,39.47878],[-118.0671,39.47909],[-118.06825,39.47972],[-118.06919,39.47951],[-118.06993,39.48074],[-118.0719,39.48085],[-118.07336,39.48178],[-118.07192,39.4808],[-118.06998,39.4807],[-118.06995,39.48027],[-118.06923,39.47946],[-118.06827,39.47967],[-118.06714,39.47905],[-118.06667,39.47762],[-118.06571,39.47692],[-118.06694,39.47655],[-118.06872,39.47717],[-118.06948,39.47712],[-118.07032,39.47773],[-118.07017,39.47815],[-118.07091,39.47845],[-118.07118,39.47922],[-118.07197,39.47928],[-118.07234,39.47964],[-118.07376,39.47942],[-118.07397,39.48016],[-118.07567,39.48052],[-118.07594,39.48185],[-118.07705,39.48263],[-118.07601,39.48182],[-118.07573,39.48048],[-118.07401,39.48012],[-118.07379,39.47937],[-118.07236,39.47959],[-118.07201,39.47923],[-118.07122,39.47918],[-118.07097,39.47841],[-118.0703,39.47812],[-118.07038,39.47771],[-118.06983,39.47738],[-118.07133,39.47789],[-118.0729,39.47679],[-118.07484,39.47644],[-118.07587,39.47745],[-118.07646,39.47935],[-118.07593,39.47743],[-118.07488,39.47639],[-118.07286,39.47674],[-118.07189,39.47736],[-118.07176,39.47581],[-118.07242,39.47474],[-118.07335,39.47401],[-118.07316,39.47321],[-118.07252,39.47294],[-118.0731,39.47324],[-118.07328,39.474],[-118.07173,39.47568],[-118.07182,39.47741],[-118.07132,39.47784],[-118.0695,39.47706],[-118.06874,39.47712],[-118.06695,39.4765],[-118.06599,39.47666],[-118.06565,39.47202],[-118.06681,39.47067],[-118.06825,39.47032],[-118.07261,39.47097],[-118.07348,39.47067],[-118.07467,39.46962],[-118.07761,39.46959],[-118.07875,39.46903],[-118.07937,39.46779],[-118.07941,39.46696],[-118.07842,39.46455],[-118.07889,39.46395],[-118.07893,39.46322],[-118.08118,39.46291],[-118.0805,39.46035],[-118.07965,39.45982],[-118.07886,39.45877],[-118.07754,39.45839],[-118.07882,39.45881],[-118.07959,39.45986],[-118.08024,39.46014],[-118.08109,39.46238],[-118.08093,39.46297],[-118.07906,39.46313],[-118.07884,39.46343],[-118.07735,39.46289],[-118.07788,39.46213],[-118.07734,39.46127],[-118.07564,39.45981],[-118.07781,39.46214],[-118.07729,39.46291],[-118.07875,39.46333],[-118.07882,39.46394],[-118.07834,39.46476],[-118.07934,39.46696],[-118.0793,39.46778],[-118.07869,39.46899],[-118.07681,39.46961],[-118.07471,39.46958],[-118.07495,39.46906],[-118.07332,39.46818],[-118.07302,39.46686],[-118.07267,39.46657],[-118.07269,39.46558],[-118.07312,39.46499],[-118.07274,39.46397],[-118.07333,39.46342],[-118.07332,39.46246],[-118.07434,39.46154],[-118.07406,39.46082],[-118.07427,39.46153],[-118.07325,39.46243],[-118.07326,39.46341],[-118.07267,39.46396],[-118.07305,39.46499],[-118.07261,39.46557],[-118.07259,39.46658],[-118.07295,39.46689],[-118.07326,39.46821],[-118.07487,39.46908],[-118.07343,39.47063],[-118.07164,39.47095],[-118.06892,39.47018],[-118.06684,39.47061],[-118.0671,39.46909],[-118.06608,39.46814],[-118.06566,39.46698],[-118.06594,39.46526],[-118.06724,39.46445],[-118.06841,39.46439],[-118.06903,39.46393],[-118.06935,39.46266],[-118.07081,39.46116],[-118.07068,39.46064],[-118.0705,39.46156],[-118.07012,39.46162],[-118.06998,39.46211],[-118.06928,39.46264],[-118.06898,39.4639],[-118.06838,39.46434],[-118.0672,39.4644],[-118.06588,39.46523],[-118.06555,39.46646],[-118.066,39.46811],[-118.0652,39.46791],[-118.06408,39.46707],[-118.06369,39.46631],[-118.06333,39.46404],[-118.06242,39.46315],[-118.06274,39.46079],[-118.06179,39.45917],[-118.06205,39.45622],[-118.06328,39.45505],[-118.06624,39.45538],[-118.06813,39.45678],[-118.07052,39.45635],[-118.07165,39.45729],[-118.0737,39.45795],[-118.07446,39.45891],[-118.07375,39.45791],[-118.07169,39.45724],[-118.07055,39.4563],[-118.06815,39.45673],[-118.06626,39.45533],[-118.06332,39.455],[-118.06447,39.45273],[-118.06748,39.45218],[-118.06845,39.45177],[-118.06936,39.45074],[-118.07091,39.45141],[-118.07246,39.45148],[-118.07321,39.45271],[-118.07534,39.45443],[-118.0756,39.45519],[-118.07824,39.45686],[-118.07566,39.45516],[-118.0754,39.4544],[-118.07327,39.45268],[-118.0725,39.45144],[-118.07094,39.45136],[-118.06955,39.45069],[-118.07068,39.44985],[-118.07212,39.45021],[-118.07323,39.44994],[-118.07519,39.4501],[-118.07617,39.44943],[-118.07668,39.44977],[-118.07697,39.45069],[-118.0764,39.44938],[-118.07517,39.45004],[-118.07322,39.44989],[-118.07229,39.45016],[-118.07037,39.44988],[-118.0704,39.44945],[-118.07143,39.44919],[-118.07248,39.44822],[-118.07311,39.44852],[-118.07563,39.44751],[-118.07942,39.4478],[-118.07585,39.44742],[-118.07476,39.44797],[-118.07429,39.44783],[-118.07444,39.44758],[-118.07393,39.44683],[-118.07468,39.44606],[-118.07491,39.44517],[-118.07694,39.44513],[-118.07764,39.44398],[-118.07691,39.44508],[-118.07485,39.44513],[-118.07462,39.44603],[-118.07385,39.44683],[-118.07437,39.4476],[-118.07427,39.44791],[-118.07311,39.44847],[-118.07274,39.44808],[-118.07244,39.44818],[-118.0714,39.44914],[-118.07041,39.44932],[-118.06982,39.45058],[-118.06931,39.4507],[-118.0684,39.45173],[-118.0661,39.45252],[-118.06442,39.45268],[-118.06431,39.45325],[-118.06391,39.45352],[-118.06343,39.45293],[-118.06481,39.45164],[-118.065,39.4507],[-118.06509,39.44973],[-118.06441,39.44733],[-118.06481,39.44603],[-118.06714,39.44553],[-118.06966,39.44678],[-118.07042,39.44681],[-118.07088,39.44659],[-118.07092,39.44567],[-118.07208,39.4445],[-118.07085,39.44565],[-118.07081,39.44657],[-118.0704,39.44675],[-118.06968,39.44672],[-118.06715,39.44548],[-118.06476,39.44598],[-118.06435,39.44677],[-118.06439,39.44811],[-118.0639,39.44841],[-118.06218,39.44821],[-118.06139,39.4476],[-118.05835,39.44703],[-118.05713,39.44637],[-118.05601,39.44709],[-118.05562,39.44772],[-118.0539,39.44843],[-118.05566,39.44776],[-118.05606,39.44712],[-118.05713,39.44642],[-118.05832,39.44708],[-118.06137,39.44765],[-118.06207,39.44822],[-118.0598,39.44907],[-118.05833,39.44889],[-118.05524,39.44933],[-118.05834,39.44894],[-118.05954,39.44916],[-118.06087,39.44892],[-118.06164,39.44834],[-118.06392,39.44846],[-118.0644,39.44816],[-118.06502,39.44974],[-118.06493,39.45069],[-118.06475,39.45162],[-118.06392,39.45236],[-118.06469,39.45122],[-118.06351,39.45036],[-118.06251,39.4506],[-118.06176,39.44982],[-118.06085,39.44961],[-118.05781,39.4502],[-118.06084,39.44967],[-118.06171,39.44986],[-118.06249,39.45065],[-118.06322,39.4504],[-118.06406,39.45064],[-118.06454,39.45104],[-118.06453,39.45156],[-118.06337,39.45291],[-118.06147,39.45257],[-118.06075,39.45166],[-118.05977,39.45167],[-118.05884,39.45228],[-118.05811,39.45114],[-118.05703,39.45099],[-118.05611,39.45047],[-118.057,39.45104],[-118.05806,39.45118],[-118.05882,39.45233],[-118.05979,39.45172],[-118.06074,39.45171],[-118.06143,39.45261],[-118.06337,39.45296],[-118.06387,39.45357],[-118.06375,39.45437],[-118.06208,39.45604],[-118.06071,39.45427],[-118.05646,39.4535],[-118.06067,39.45431],[-118.0619,39.45562],[-118.06172,39.45917],[-118.0625,39.46045],[-118.05954,39.45985],[-118.05743,39.45835],[-118.0562,39.45794],[-118.05584,39.45681],[-118.0568,39.45641],[-118.05591,39.45573],[-118.05596,39.45458],[-118.05463,39.45229],[-118.0559,39.45459],[-118.05585,39.45575],[-118.05673,39.45642],[-118.05577,39.4568],[-118.0563,39.45818],[-118.05543,39.45774],[-118.05486,39.45828],[-118.05342,39.45799],[-118.05266,39.45667],[-118.05003,39.45581],[-118.0494,39.45519],[-118.04826,39.45541],[-118.04742,39.45477],[-118.04751,39.45301],[-118.04792,39.45216],[-118.0475,39.45089],[-118.04785,39.45216],[-118.04744,39.453],[-118.04735,39.45475],[-118.04656,39.45472],[-118.04494,39.45408],[-118.04279,39.45157],[-118.04165,39.45084],[-118.03683,39.4508],[-118.03442,39.44978],[-118.03681,39.45085],[-118.04163,39.45089],[-118.04273,39.4516],[-118.04416,39.45348],[-118.04563,39.45459],[-118.04708,39.45466],[-118.04841,39.4555],[-118.04937,39.45524],[-118.04999,39.45586],[-118.05262,39.45672],[-118.05337,39.45803],[-118.05481,39.45833],[-118.05451,39.45909],[-118.05302,39.45965],[-118.05123,39.45939],[-118.04929,39.45868],[-118.04956,39.45896],[-118.05236,39.45966],[-118.05365,39.45959],[-118.05456,39.45913],[-118.05488,39.45833],[-118.05563,39.45781],[-118.05609,39.45821],[-118.05739,39.45839],[-118.05951,39.4599],[-118.06252,39.4605],[-118.06272,39.46104],[-118.06233,39.46284],[-118.05937,39.4627],[-118.05785,39.46194],[-118.0565,39.46261],[-118.0563,39.46222],[-118.05657,39.46204],[-118.05618,39.46154],[-118.05502,39.46186],[-118.05339,39.46065],[-118.05212,39.46091],[-118.05132,39.46189],[-118.0499,39.46239],[-118.05136,39.46193],[-118.05217,39.46095],[-118.05315,39.4607],[-118.05499,39.4619],[-118.05591,39.46159],[-118.05638,39.46183],[-118.05622,39.4624],[-118.05652,39.46267],[-118.05626,39.46283],[-118.05394,39.46315],[-118.05134,39.46485],[-118.05398,39.4632],[-118.05629,39.46288],[-118.05761,39.46201],[-118.05935,39.46276],[-118.06233,39.46289],[-118.06327,39.46411],[-118.05988,39.46441],[-118.0594,39.46498],[-118.05807,39.46527],[-118.05684,39.46499],[-118.05608,39.46518],[-118.05538,39.46587],[-118.05685,39.46504],[-118.05808,39.46532],[-118.05944,39.46503],[-118.0599,39.46447],[-118.06308,39.46409],[-118.06402,39.4671],[-118.06512,39.46792],[-118.06355,39.46833],[-118.06181,39.46826],[-118.05915,39.46698],[-118.05853,39.46715],[-118.05752,39.46683],[-118.05486,39.46697],[-118.05254,39.46793],[-118.05488,39.46703],[-118.05751,39.46688],[-118.05852,39.46721],[-118.05912,39.46703],[-118.06178,39.46832],[-118.06355,39.46839],[-118.06563,39.46802],[-118.06645,39.46835],[-118.06703,39.4691],[-118.06676,39.47063],[-118.06558,39.47201],[-118.06593,39.4767],[-118.06435,39.47772],[-118.06373,39.47791],[-118.06355,39.47767],[-118.06361,39.47617],[-118.0627,39.47481],[-118.06278,39.47425],[-118.06243,39.47367],[-118.06004,39.472],[-118.06218,39.47345],[-118.06271,39.47426],[-118.06263,39.47483],[-118.06354,39.47618],[-118.06366,39.47793],[-118.06165,39.47859],[-118.06121,39.47931],[-118.05838,39.47651],[-118.05835,39.47512],[-118.05787,39.47406],[-118.05664,39.47329],[-118.05621,39.47224],[-118.05485,39.47074],[-118.05316,39.46993],[-118.05479,39.47078],[-118.05615,39.47227],[-118.05658,39.47332],[-118.0578,39.47409],[-118.05828,39.47513],[-118.05831,39.47653],[-118.06138,39.47955],[-118.06159,39.48023],[-118.06142,39.48213],[-118.0591,39.48594],[-118.05867,39.48765],[-118.05652,39.48561],[-118.05325,39.48393],[-118.05214,39.48214],[-118.05225,39.48056],[-118.05136,39.4789],[-118.05157,39.47828],[-118.05046,39.47669],[-118.04908,39.47634],[-118.04918,39.47514],[-118.04837,39.47455],[-118.04752,39.47131],[-118.04818,39.47088],[-118.0485,39.46967],[-118.04927,39.46862],[-118.05111,39.46803],[-118.04922,39.46858],[-118.04843,39.46965],[-118.04811,39.47086],[-118.04751,39.47118],[-118.04743,39.47186],[-118.04831,39.47457],[-118.04911,39.47516],[-118.04902,39.47636],[-118.05041,39.47673],[-118.0515,39.4783],[-118.05129,39.47891],[-118.05218,39.48057],[-118.05207,39.48215],[-118.05273,39.48326],[-118.05192,39.48271],[-118.05063,39.48243],[-118.04972,39.48062],[-118.04663,39.47859],[-118.04584,39.47773],[-118.04606,39.47716],[-118.04502,39.47562],[-118.04565,39.47518],[-118.04306,39.47343],[-118.04313,39.47249],[-118.043,39.47346],[-118.04552,39.47509],[-118.04495,39.47563],[-118.04599,39.47716],[-118.04577,39.47775],[-118.04653,39.47857],[-118.04523,39.4785],[-118.04305,39.47751],[-118.04054,39.47503],[-118.03962,39.47481],[-118.03894,39.47417],[-118.03861,39.47261],[-118.0399,39.47031],[-118.04115,39.46897],[-118.04131,39.46793],[-118.04061,39.46676],[-118.04144,39.46633],[-118.04195,39.46512],[-118.04243,39.46492],[-118.04454,39.46537],[-118.04566,39.4662],[-118.04816,39.46698],[-118.0487,39.46676],[-118.04799,39.46693],[-118.04662,39.46655],[-118.04461,39.46534],[-118.04703,39.46476],[-118.04804,39.46518],[-118.05025,39.46484],[-118.04805,39.46512],[-118.04703,39.46471],[-118.04423,39.46537],[-118.04215,39.46495],[-118.04185,39.46344],[-118.04327,39.46246],[-118.04508,39.46209],[-118.04666,39.46116],[-118.04655,39.46044],[-118.04604,39.46006],[-118.04649,39.46046],[-118.0466,39.46112],[-118.04505,39.46204],[-118.04322,39.46242],[-118.04177,39.4634],[-118.04218,39.46466],[-118.04152,39.46546],[-118.04131,39.46637],[-118.04065,39.46662],[-118.03902,39.46546],[-118.03979,39.46458],[-118.0392,39.46454],[-118.03899,39.46405],[-118.03925,39.46306],[-118.04116,39.46227],[-118.04183,39.46107],[-118.04209,39.45903],[-118.04422,39.45747],[-118.04543,39.45744],[-118.04418,39.45743],[-118.04203,39.45899],[-118.04205,39.45959],[-118.04135,39.45808],[-118.04069,39.45823],[-118.03908,39.45749],[-118.03878,39.45676],[-118.03665,39.45658],[-118.03568,39.45522],[-118.03661,39.45662],[-118.03758,39.45691],[-118.03874,39.45681],[-118.03905,39.45754],[-118.04067,39.45828],[-118.04139,39.4582],[-118.04203,39.45966],[-118.04171,39.45998],[-118.04194,39.46028],[-118.04177,39.46105],[-118.04082,39.46089],[-118.03862,39.45935],[-118.03808,39.45941],[-118.03726,39.45878],[-118.03347,39.45873],[-118.0323,39.45765],[-118.03202,39.45506],[-118.03145,39.45455],[-118.03126,39.45304],[-118.02925,39.45233],[-118.03119,39.45306],[-118.03138,39.45456],[-118.03195,39.45508],[-118.03223,39.45766],[-118.03331,39.4587],[-118.03723,39.45883],[-118.04171,39.46122],[-118.0411,39.46224],[-118.03947,39.46279],[-118.03896,39.46365],[-118.03762,39.46345],[-118.03628,39.46275],[-118.0354,39.46205],[-118.03461,39.46074],[-118.03534,39.46208],[-118.03624,39.46279],[-118.03758,39.4635],[-118.03894,39.46371],[-118.03915,39.46458],[-118.03971,39.46459],[-118.03895,39.46549],[-118.03967,39.46583],[-118.04107,39.46736],[-118.04108,39.46895],[-118.03984,39.47028],[-118.03856,39.47255],[-118.03805,39.47191],[-118.0368,39.47168],[-118.03552,39.47079],[-118.03472,39.47069],[-118.03477,39.47042],[-118.03349,39.47029],[-118.0315,39.46741],[-118.03015,39.46694],[-118.03082,39.46517],[-118.02894,39.46514],[-118.02709,39.46375],[-118.02961,39.46097],[-118.02978,39.46032],[-118.0307,39.45931],[-118.02735,39.4636],[-118.02705,39.4636],[-118.0275,39.4625],[-118.02756,39.46055],[-118.02698,39.45845],[-118.02749,39.46055],[-118.02743,39.4625],[-118.027,39.46355],[-118.02557,39.46291],[-118.02515,39.4622],[-118.02409,39.46243],[-118.02249,39.4618],[-118.02222,39.46123],[-118.0223,39.45991],[-118.02171,39.45945],[-118.02159,39.45808],[-118.02273,39.45637],[-118.02152,39.45808],[-118.02164,39.45945],[-118.02223,39.45992],[-118.02215,39.46124],[-118.02242,39.46182],[-118.02408,39.46248],[-118.02512,39.46225],[-118.02552,39.46295],[-118.02671,39.46336],[-118.0289,39.46518],[-118.0306,39.46508],[-118.03009,39.46696],[-118.03144,39.46745],[-118.03219,39.46886],[-118.03092,39.46899],[-118.02736,39.46847],[-118.02535,39.46889],[-118.02374,39.46871],[-118.01795,39.46625],[-118.0189,39.46692],[-118.02346,39.4687],[-118.02536,39.46894],[-118.02736,39.46853],[-118.02843,39.46866],[-118.02671,39.47115],[-118.02575,39.47184],[-118.02598,39.47416],[-118.02569,39.47533],[-118.02605,39.47417],[-118.02582,39.47185],[-118.02677,39.47118],[-118.0285,39.46868],[-118.03092,39.46905],[-118.03225,39.46894],[-118.03365,39.47046],[-118.03473,39.47047],[-118.03467,39.47073],[-118.03543,39.47082],[-118.03314,39.47173],[-118.03265,39.47271],[-118.03208,39.4729],[-118.03179,39.47443],[-118.02999,39.4757],[-118.02967,39.47731],[-118.03006,39.47572],[-118.03185,39.47446],[-118.03214,39.47293],[-118.0327,39.47274],[-118.03305,39.47191],[-118.0355,39.47084],[-118.03677,39.47173],[-118.03801,39.47195],[-118.03854,39.47261],[-118.03887,39.47419],[-118.03926,39.4746],[-118.0405,39.47507],[-118.043,39.47755],[-118.04513,39.47853],[-118.04418,39.47896],[-118.04362,39.47997],[-118.04288,39.48011],[-118.04164,39.47972],[-118.04083,39.47899],[-118.03646,39.47868],[-118.03583,39.47827],[-118.03492,39.47826],[-118.03333,39.47913],[-118.03285,39.47999],[-118.03338,39.47916],[-118.03493,39.47831],[-118.0358,39.47832],[-118.03645,39.47873],[-118.04081,39.47904],[-118.0416,39.47976],[-118.04287,39.48016],[-118.04368,39.48],[-118.04423,39.47899],[-118.04523,39.47856],[-118.04732,39.47891],[-118.0466,39.47952],[-118.04592,39.47948],[-118.0456,39.48],[-118.04392,39.48031],[-118.04347,39.48104],[-118.04266,39.48127],[-118.04162,39.48237],[-118.0416,39.48401],[-118.04027,39.48509],[-118.04167,39.48403],[-118.04169,39.48239],[-118.04271,39.48131],[-118.04352,39.48108],[-118.04397,39.48035],[-118.04565,39.48004],[-118.04596,39.47952],[-118.04663,39.47957],[-118.0474,39.47894],[-118.04966,39.48065],[-118.05055,39.48243],[-118.04802,39.48246],[-118.04654,39.48391],[-118.04348,39.48387],[-118.04424,39.48413],[-118.04657,39.48396],[-118.04806,39.48251],[-118.0506,39.48248],[-118.05232,39.48299],[-118.0532,39.48397],[-118.05438,39.48464],[-118.05325,39.48502],[-118.05243,39.48591],[-118.05107,39.48553],[-118.05018,39.48562],[-118.04869,39.48489],[-118.05016,39.48568],[-118.05105,39.48558],[-118.05245,39.48596],[-118.0533,39.48505],[-118.05443,39.48467],[-118.05729,39.4863],[-118.05866,39.48774],[-118.05866,39.48854],[-118.05816,39.48907],[-118.05796,39.49002],[-118.05588,39.48761],[-118.05538,39.4879],[-118.05293,39.48738],[-118.05214,39.48851],[-118.05147,39.48825],[-118.04983,39.48864],[-118.04577,39.48807],[-118.04466,39.48733],[-118.0413,39.48699],[-118.04032,39.48659],[-118.04128,39.48704],[-118.04464,39.48738],[-118.04574,39.48812],[-118.04982,39.48869],[-118.05148,39.4883],[-118.05218,39.48856],[-118.05296,39.48744],[-118.05539,39.48796],[-118.05595,39.48769],[-118.05795,39.49012],[-118.05784,39.49105],[-118.05907,39.4932],[-118.0545,39.49268],[-118.05283,39.49113],[-118.05024,39.4915],[-118.04931,39.49194],[-118.05282,39.49119],[-118.05319,39.49153],[-118.0519,39.49143],[-118.05102,39.49262],[-118.0493,39.49397],[-118.05108,39.49266],[-118.05194,39.49148],[-118.05323,39.49158],[-118.05447,39.49273],[-118.05625,39.49288],[-118.05415,39.49327],[-118.04996,39.49576],[-118.05486,39.49305],[-118.05866,39.49315],[-118.05911,39.49326],[-118.0602,39.49442],[-118.06311,39.49824],[-118.0626,39.49823],[-118.06167,39.49888],[-118.05992,39.49892],[-118.05889,39.49872],[-118.0581,39.49798],[-118.05434,39.49788],[-118.05388,39.49857],[-118.0533,39.49832],[-118.05292,39.49861],[-118.0524,39.49842],[-118.05239,39.49779],[-118.0498,39.49662],[-118.05234,39.49783],[-118.05246,39.49859],[-118.05332,39.49838],[-118.05392,39.49862],[-118.05434,39.49794],[-118.0576,39.49796],[-118.0583,39.4981],[-118.05886,39.49877],[-118.06133,39.49901],[-118.06263,39.49828],[-118.06317,39.4983],[-118.06726,39.50153],[-118.06881,39.50373],[-118.07065,39.50514],[-118.07234,39.50589],[-118.07467,39.50613],[-118.08025,39.51063],[-118.08204,39.51133],[-118.08391,39.51136],[-118.08567,39.51102],[-118.08728,39.51005],[-118.08925,39.50982],[-118.09498,39.51036],[-118.09748,39.51155],[-118.10244,39.51491],[-118.10071,39.5147],[-118.09756,39.51521],[-118.09353,39.51476],[-118.0889,39.51334],[-118.08805,39.51266],[-118.08887,39.51339],[-118.09351,39.51481],[-118.09755,39.51526],[-118.10071,39.51476],[-118.10247,39.51496],[-118.10461,39.5164],[-118.1068,39.51707],[-118.10891,39.51818],[-118.11285,39.51902],[-118.11545,39.51996],[-118.12002,39.52314],[-118.12305,39.52435],[-118.12606,39.52789],[-118.12674,39.52982],[-118.12714,39.53268],[-118.12541,39.53191],[-118.12173,39.5283],[-118.11969,39.52803],[-118.11691,39.52698],[-118.11428,39.5269],[-118.10901,39.52455],[-118.10776,39.52483],[-118.10692,39.52442],[-118.10558,39.52441],[-118.10129,39.52195],[-118.09873,39.5201],[-118.09497,39.51808],[-118.09366,39.51786],[-118.09174,39.5165],[-118.08734,39.51473],[-118.08569,39.51457],[-118.08485,39.51391],[-118.08293,39.51362],[-118.07795,39.51149],[-118.08149,39.51315],[-118.08383,39.51397],[-118.08482,39.51396],[-118.08566,39.51462],[-118.08731,39.51478],[-118.09171,39.51655],[-118.09362,39.51791],[-118.09493,39.51812],[-118.09868,39.52014],[-118.10124,39.52199],[-118.10555,39.52446],[-118.1069,39.52447],[-118.10776,39.52488],[-118.10899,39.52461],[-118.11426,39.52695],[-118.11689,39.52703],[-118.11967,39.52808],[-118.12169,39.52835],[-118.12536,39.53194],[-118.12715,39.53273],[-118.12757,39.53477],[-118.12688,39.53808],[-118.12479,39.53813],[-118.12375,39.53848],[-118.12217,39.53785],[-118.12081,39.5377],[-118.11959,39.53628],[-118.11692,39.53584],[-118.11456,39.53406],[-118.11258,39.53309],[-118.11166,39.5316],[-118.10969,39.53036],[-118.10949,39.52973],[-118.10828,39.52872],[-118.10412,39.52749],[-118.10139,39.52547],[-118.09997,39.52501],[-118.09846,39.52366],[-118.09423,39.52193],[-118.09321,39.5204],[-118.09367,39.52156],[-118.09419,39.52197],[-118.09843,39.5237],[-118.09993,39.52505],[-118.10135,39.52552],[-118.10409,39.52753],[-118.10824,39.52876],[-118.10943,39.52975],[-118.10963,39.53039],[-118.1116,39.53164],[-118.11253,39.53313],[-118.11452,39.53411],[-118.1166,39.53575],[-118.11956,39.53633],[-118.12077,39.53775],[-118.12215,39.5379],[-118.12373,39.53853],[-118.1248,39.53818],[-118.12688,39.53814],[-118.12713,39.53905],[-118.12687,39.54022],[-118.12557,39.54028],[-118.12475,39.54169],[-118.12298,39.54263],[-118.12199,39.54569],[-118.12099,39.54559],[-118.11831,39.54376],[-118.11791,39.54245],[-118.11442,39.53965],[-118.11148,39.53542],[-118.11403,39.53933],[-118.11785,39.54248],[-118.11813,39.54367],[-118.1205,39.54544],[-118.1216,39.54553],[-118.12243,39.54605],[-118.12265,39.54702],[-118.12081,39.5472],[-118.11853,39.54616],[-118.11719,39.54594],[-118.11553,39.54468],[-118.11349,39.5415],[-118.11176,39.54034],[-118.10993,39.53779],[-118.10719,39.53645],[-118.1066,39.53474],[-118.10552,39.53418],[-118.10464,39.53309],[-118.10284,39.53226],[-118.10209,39.53146],[-118.10178,39.53052],[-118.10102,39.52987],[-118.10097,39.52923],[-118.09983,39.52816],[-118.09332,39.5239],[-118.09066,39.51991],[-118.08725,39.51669],[-118.09078,39.52016],[-118.09138,39.52146],[-118.09242,39.52238],[-118.09327,39.52393],[-118.09977,39.5282],[-118.10091,39.52926],[-118.10095,39.52989],[-118.10172,39.53055],[-118.10203,39.53148],[-118.10278,39.53229],[-118.10459,39.53313],[-118.10546,39.53421],[-118.10654,39.53477],[-118.10714,39.53648],[-118.10987,39.53782],[-118.1117,39.54037],[-118.11343,39.54153],[-118.11525,39.54407],[-118.10903,39.53912],[-118.10502,39.53826],[-118.10319,39.53656],[-118.10097,39.53519],[-118.10068,39.5345],[-118.09817,39.5332],[-118.0972,39.53217],[-118.09704,39.53128],[-118.09559,39.52997],[-118.09535,39.52938],[-118.09355,39.52794],[-118.09241,39.5276],[-118.09159,39.52652],[-118.08951,39.52523],[-118.08954,39.52429],[-118.08913,39.5237],[-118.08905,39.52271],[-118.0855,39.51988],[-118.08399,39.51743],[-118.07932,39.51392],[-118.08393,39.51746],[-118.08544,39.51991],[-118.08898,39.52273],[-118.08906,39.52371],[-118.08947,39.5243],[-118.08944,39.52526],[-118.09154,39.52656],[-118.09236,39.52764],[-118.0935,39.52799],[-118.0953,39.52942],[-118.09553,39.52999],[-118.09697,39.5313],[-118.09714,39.53219],[-118.09811,39.53323],[-118.10063,39.53454],[-118.10091,39.53523],[-118.10314,39.5366],[-118.10498,39.5383],[-118.10899,39.53916],[-118.11516,39.54418],[-118.11676,39.54581],[-118.1185,39.54621],[-118.12006,39.5471],[-118.12262,39.54712],[-118.12332,39.54832],[-118.12351,39.5494],[-118.12232,39.55336],[-118.12204,39.55355],[-118.12167,39.55268],[-118.12112,39.55015],[-118.12039,39.54963],[-118.11962,39.54832],[-118.11603,39.54708],[-118.11419,39.54559],[-118.11117,39.54405],[-118.10905,39.54361],[-118.10788,39.54292],[-118.10642,39.54256],[-118.10484,39.54072],[-118.1048,39.54013],[-118.10006,39.53703],[-118.09782,39.53422],[-118.1,39.53706],[-118.10475,39.54016],[-118.10478,39.54074],[-118.10638,39.5426],[-118.10902,39.54366],[-118.11114,39.5441],[-118.11415,39.54563],[-118.11599,39.54712],[-118.11948,39.5483],[-118.12005,39.54915],[-118.11827,39.5491],[-118.11695,39.54998],[-118.11124,39.54776],[-118.10718,39.54663],[-118.10629,39.5458],[-118.10351,39.54485],[-118.09999,39.54443],[-118.09859,39.54349],[-118.09737,39.54214],[-118.09719,39.54123],[-118.09579,39.54036],[-118.09516,39.53798],[-118.09435,39.53658],[-118.09414,39.53437],[-118.09345,39.53356],[-118.09295,39.53155],[-118.08802,39.52684],[-118.0878,39.52621],[-118.08613,39.52485],[-118.08565,39.5237],[-118.08461,39.52256],[-118.08396,39.52074],[-118.08062,39.51758],[-118.07949,39.51519],[-118.07889,39.51494],[-118.0775,39.51343],[-118.07463,39.5087],[-118.07744,39.51345],[-118.07884,39.51498],[-118.07942,39.51521],[-118.08055,39.5176],[-118.0839,39.52077],[-118.08454,39.52258],[-118.08558,39.52373],[-118.08607,39.52488],[-118.08774,39.52624],[-118.08796,39.52687],[-118.09289,39.53158],[-118.09338,39.53358],[-118.09408,39.53439],[-118.09428,39.53659],[-118.09517,39.53854],[-118.09343,39.53828],[-118.09066,39.53677],[-118.09063,39.53643],[-118.08997,39.53605],[-118.08956,39.53501],[-118.08901,39.53464],[-118.08872,39.53309],[-118.08773,39.53156],[-118.08711,39.52958],[-118.08566,39.52859],[-118.08452,39.5266],[-118.08313,39.52525],[-118.08305,39.5245],[-118.08248,39.52392],[-118.08156,39.52186],[-118.07974,39.51979],[-118.07993,39.51908],[-118.07866,39.51799],[-118.07689,39.51501],[-118.07779,39.51691],[-118.07986,39.5191],[-118.07967,39.5198],[-118.0815,39.52189],[-118.08241,39.52394],[-118.08299,39.52451],[-118.08307,39.52527],[-118.08446,39.52663],[-118.08501,39.52798],[-118.08705,39.5296],[-118.08766,39.53157],[-118.08865,39.53311],[-118.08894,39.53465],[-118.08949,39.53503],[-118.0898,39.53594],[-118.09056,39.53646],[-118.09061,39.53681],[-118.0934,39.53833],[-118.09513,39.53864],[-118.09573,39.54039],[-118.09705,39.54117],[-118.09731,39.54212],[-118.09231,39.53893],[-118.09047,39.5372],[-118.08564,39.53438],[-118.08069,39.5288],[-118.0804,39.5278],[-118.07688,39.52475],[-118.07566,39.51857],[-118.07344,39.51589],[-118.07205,39.51461],[-118.07118,39.51423],[-118.07046,39.51289],[-118.07068,39.5105],[-118.07045,39.50944],[-118.06948,39.50635],[-118.06845,39.50442],[-118.07038,39.50945],[-118.07061,39.5105],[-118.07039,39.5129],[-118.07111,39.51421],[-118.07052,39.51399],[-118.07022,39.51338],[-118.06926,39.51315],[-118.06809,39.51182],[-118.06737,39.51034],[-118.06718,39.50911],[-118.06746,39.50806],[-118.06634,39.50687],[-118.06428,39.50624],[-118.06318,39.50622],[-118.0621,39.50554],[-118.05744,39.50597],[-118.06208,39.5056],[-118.0629,39.50619],[-118.06473,39.5064],[-118.06663,39.50717],[-118.06739,39.50807],[-118.06711,39.50911],[-118.0673,39.51035],[-118.06803,39.51184],[-118.06921,39.51319],[-118.07018,39.51343],[-118.07047,39.51403],[-118.0723,39.51488],[-118.0756,39.51859],[-118.07591,39.52081],[-118.07647,39.52223],[-118.07657,39.52431],[-118.07825,39.52605],[-118.07645,39.5252],[-118.07428,39.52524],[-118.07196,39.52469],[-118.06851,39.52315],[-118.06686,39.52199],[-118.06568,39.52035],[-118.06407,39.51885],[-118.06217,39.5173],[-118.06095,39.51677],[-118.06038,39.51576],[-118.06054,39.51478],[-118.05932,39.51371],[-118.05909,39.51282],[-118.05814,39.51187],[-118.05911,39.50994],[-118.05854,39.50851],[-118.05904,39.50993],[-118.05807,39.51189],[-118.05903,39.51284],[-118.05926,39.51373],[-118.06047,39.5148],[-118.06031,39.51576],[-118.06075,39.51666],[-118.06213,39.51735],[-118.06401,39.5189],[-118.06228,39.51825],[-118.05889,39.51545],[-118.05318,39.5128],[-118.05185,39.51089],[-118.04985,39.50929],[-118.05034,39.50808],[-118.04975,39.5063],[-118.0515,39.50537],[-118.05088,39.50379],[-118.04885,39.50257],[-118.05083,39.50383],[-118.05146,39.50506],[-118.05124,39.5055],[-118.04985,39.50602],[-118.04985,39.50741],[-118.04942,39.50704],[-118.04759,39.50698],[-118.04451,39.50387],[-118.04466,39.50316],[-118.0476,39.50203],[-118.04762,39.50097],[-118.04828,39.50041],[-118.0486,39.49956],[-118.04861,39.49844],[-118.04831,39.50024],[-118.0475,39.50113],[-118.04754,39.502],[-118.04461,39.50312],[-118.04435,39.50357],[-118.04471,39.50421],[-118.04294,39.50376],[-118.04325,39.50196],[-118.04422,39.5008],[-118.04527,39.49801],[-118.04588,39.49723],[-118.04734,39.49657],[-118.04854,39.49439],[-118.0473,39.49352],[-118.04851,39.49467],[-118.04728,39.49654],[-118.04583,39.49719],[-118.04521,39.49798],[-118.04415,39.50079],[-118.04325,39.50189],[-118.04312,39.50086],[-118.04253,39.50004],[-118.03956,39.49753],[-118.03952,39.49708],[-118.04042,39.49605],[-118.04195,39.49625],[-118.04271,39.49573],[-118.04297,39.49435],[-118.04422,39.49308],[-118.04456,39.49159],[-118.04389,39.49073],[-118.04449,39.49161],[-118.04428,39.49281],[-118.0429,39.49432],[-118.04265,39.4957],[-118.04194,39.4962],[-118.04038,39.49601],[-118.03949,39.49703],[-118.03908,39.49613],[-118.04001,39.49554],[-118.03975,39.49481],[-118.03997,39.49434],[-118.03884,39.49307],[-118.03872,39.49216],[-118.03912,39.4917],[-118.03863,39.49068],[-118.0387,39.48942],[-118.03814,39.48795],[-118.03905,39.48639],[-118.03544,39.48406],[-118.03518,39.48351],[-118.03539,39.4841],[-118.03897,39.4864],[-118.03807,39.48793],[-118.03863,39.48943],[-118.03856,39.49069],[-118.03905,39.4917],[-118.03865,39.49215],[-118.03878,39.49308],[-118.0399,39.49434],[-118.03968,39.49481],[-118.03993,39.49553],[-118.03901,39.49612],[-118.03948,39.4975],[-118.03722,39.49649],[-118.0361,39.49681],[-118.03569,39.49638],[-118.0348,39.49642],[-118.034,39.49572],[-118.03457,39.49414],[-118.03441,39.49291],[-118.03378,39.49197],[-118.03434,39.49292],[-118.0345,39.49415],[-118.03387,39.49558],[-118.03472,39.49642],[-118.03289,39.4957],[-118.03127,39.49447],[-118.02996,39.49434],[-118.02965,39.49278],[-118.03097,39.49166],[-118.03109,39.49062],[-118.03057,39.49011],[-118.03061,39.48884],[-118.02926,39.48868],[-118.0288,39.48787],[-118.02981,39.48676],[-118.0315,39.48633],[-118.03291,39.48443],[-118.03301,39.48333],[-118.03276,39.48458],[-118.03145,39.48629],[-118.02952,39.4869],[-118.02996,39.48575],[-118.02836,39.48556],[-118.02783,39.48464],[-118.02779,39.48383],[-118.02832,39.48322],[-118.0285,39.48227],[-118.03219,39.48112],[-118.0325,39.48073],[-118.03164,39.48127],[-118.02846,39.48223],[-118.02825,39.48261],[-118.02695,39.47856],[-118.02824,39.48287],[-118.02723,39.48265],[-118.0263,39.48199],[-118.02618,39.48072],[-118.02531,39.4804],[-118.02497,39.47987],[-118.02531,39.47925],[-118.02395,39.47754],[-118.02337,39.47724],[-118.02261,39.4774],[-118.02073,39.47606],[-118.01863,39.47565],[-118.0207,39.47611],[-118.02258,39.47745],[-118.02361,39.47736],[-118.02524,39.47927],[-118.0249,39.47988],[-118.02524,39.48042],[-118.02366,39.48019],[-118.02286,39.47971],[-118.02068,39.47975],[-118.01998,39.47931],[-118.01645,39.47852],[-118.01994,39.47936],[-118.02066,39.4798],[-118.02285,39.47976],[-118.02454,39.48048],[-118.02602,39.48059],[-118.02624,39.48201],[-118.02678,39.48251],[-118.02482,39.4831],[-118.02415,39.48299],[-118.02159,39.48421],[-118.02418,39.48304],[-118.02483,39.48316],[-118.02692,39.48255],[-118.02829,39.48298],[-118.02772,39.48383],[-118.02776,39.48465],[-118.0283,39.48559],[-118.02887,39.48587],[-118.0299,39.48578],[-118.02871,39.48812],[-118.02969,39.48897],[-118.03055,39.48889],[-118.0305,39.49012],[-118.03086,39.49027],[-118.03103,39.49088],[-118.0309,39.49164],[-118.02959,39.49276],[-118.02952,39.49345],[-118.02745,39.49234],[-118.02457,39.48841],[-118.02739,39.49237],[-118.02953,39.49353],[-118.0299,39.49437],[-118.02967,39.4946],[-118.02787,39.49425],[-118.02749,39.49442],[-118.02751,39.49553],[-118.02671,39.49571],[-118.02583,39.49536],[-118.02576,39.49423],[-118.02298,39.49246],[-118.02516,39.49415],[-118.0257,39.49427],[-118.02577,39.49539],[-118.02669,39.49577],[-118.02757,39.49557],[-118.02756,39.49444],[-118.02803,39.49426],[-118.02921,39.4947],[-118.03008,39.49435],[-118.03124,39.49452],[-118.03297,39.49581],[-118.0315,39.49619],[-118.03116,39.49724],[-118.0291,39.49679],[-118.02714,39.49784],[-118.02912,39.49684],[-118.03119,39.49729],[-118.03154,39.49623],[-118.03319,39.49582],[-118.03466,39.49647],[-118.03566,39.49643],[-118.03604,39.49684],[-118.0351,39.4973],[-118.03335,39.49757],[-118.03327,39.49857],[-118.03272,39.49923],[-118.03159,39.49978],[-118.03278,39.49926],[-118.03351,39.49822],[-118.03341,39.4976],[-118.03512,39.49735],[-118.03645,39.49664],[-118.03721,39.49654],[-118.03949,39.49756],[-118.04095,39.49854],[-118.04292,39.5007],[-118.03872,39.49984],[-118.03739,39.50058],[-118.03722,39.50111],[-118.03745,39.50062],[-118.03872,39.49989],[-118.04036,39.50043],[-118.04262,39.50064],[-118.04305,39.50087],[-118.0432,39.5015],[-118.04313,39.503],[-118.04289,39.50333],[-118.04162,39.50315],[-118.04107,39.50351],[-118.04009,39.50337],[-118.03868,39.5038],[-118.03691,39.50344],[-118.03644,39.50297],[-118.03686,39.50348],[-118.03868,39.50386],[-118.04261,39.5032],[-118.0429,39.50381],[-118.04512,39.5044],[-118.04565,39.50528],[-118.04695,39.50626],[-118.04632,39.50638],[-118.0463,39.50678],[-118.04567,39.50671],[-118.0443,39.50746],[-118.04316,39.50742],[-118.04206,39.50679],[-118.04341,39.50754],[-118.04501,39.50733],[-118.0457,39.50676],[-118.04635,39.50681],[-118.04637,39.50642],[-118.04684,39.50631],[-118.04796,39.50716],[-118.0494,39.50709],[-118.05027,39.50808],[-118.04984,39.50899],[-118.04992,39.50959],[-118.05179,39.51093],[-118.05318,39.51323],[-118.05379,39.51366],[-118.05469,39.51375],[-118.05634,39.51478],[-118.05748,39.51494],[-118.05945,39.51588],[-118.06223,39.51829],[-118.06405,39.51896],[-118.06562,39.52038],[-118.0668,39.52202],[-118.06847,39.52319],[-118.07193,39.52474],[-118.07427,39.5253],[-118.07643,39.52525],[-118.07824,39.52611],[-118.08034,39.52783],[-118.08063,39.52883],[-118.08501,39.53391],[-118.08524,39.5346],[-118.08713,39.53591],[-118.08798,39.53887],[-118.09169,39.54165],[-118.09209,39.5431],[-118.09304,39.54405],[-118.0941,39.54483],[-118.0958,39.54536],[-118.09804,39.54732],[-118.09966,39.5496],[-118.10005,39.55248],[-118.101,39.55442],[-118.10314,39.55723],[-118.10488,39.55784],[-118.10697,39.5574],[-118.1084,39.55768],[-118.10941,39.55739],[-118.11504,39.55963],[-118.1166,39.56145],[-118.11866,39.56176],[-118.11663,39.56141],[-118.11508,39.55958],[-118.10944,39.55734],[-118.10839,39.55763],[-118.10696,39.55734],[-118.10488,39.55779],[-118.10319,39.55719],[-118.10107,39.5544],[-118.10012,39.55247],[-118.09973,39.54958],[-118.0981,39.54729],[-118.09584,39.54532],[-118.09393,39.54467],[-118.09224,39.54318],[-118.09174,39.54162],[-118.08804,39.53884],[-118.0872,39.53588],[-118.08531,39.53457],[-118.08502,39.53397],[-118.08744,39.53572],[-118.09043,39.53724],[-118.09189,39.5387],[-118.09393,39.54014],[-118.09533,39.54072],[-118.09995,39.54448],[-118.10348,39.5449],[-118.10626,39.54585],[-118.10715,39.54668],[-118.11121,39.54781],[-118.11694,39.55003],[-118.1183,39.54915],[-118.12004,39.54923],[-118.12132,39.55072],[-118.1216,39.55269],[-118.12238,39.55434],[-118.12297,39.55782],[-118.12278,39.55963],[-118.12378,39.56286],[-118.12353,39.56437],[-118.12409,39.56575],[-118.12401,39.56653],[-118.12575,39.56892],[-118.12739,39.56986],[-118.12742,39.57064],[-118.12814,39.57165],[-118.12832,39.57249],[-118.12739,39.57126],[-118.12595,39.57148],[-118.12735,39.5713],[-118.12835,39.5726],[-118.12935,39.57519],[-118.13212,39.5776],[-118.13223,39.57829],[-118.1344,39.58074],[-118.1373,39.58328],[-118.13857,39.58546],[-118.13898,39.58723],[-118.13822,39.58887],[-118.13823,39.59007],[-118.13741,39.59246],[-118.13805,39.59955],[-118.13762,39.60335],[-118.13821,39.60575],[-118.13722,39.60702],[-118.13762,39.61115],[-118.13624,39.61556],[-118.13513,39.61679],[-118.13276,39.62169],[-118.12635,39.62725],[-118.12513,39.63073],[-118.12203,39.63452],[-118.11807,39.63434],[-118.11829,39.63351],[-118.12179,39.63142],[-118.12279,39.62991],[-118.12542,39.62805],[-118.126,39.6271],[-118.12752,39.62583],[-118.12768,39.6251],[-118.12854,39.6242],[-118.12845,39.62267],[-118.12786,39.62162],[-118.12852,39.61968],[-118.12862,39.6183],[-118.12765,39.61647],[-118.12634,39.61564],[-118.12569,39.61324],[-118.1251,39.61265],[-118.12498,39.61194],[-118.12534,39.61138],[-118.12615,39.60627],[-118.12835,39.60065],[-118.12994,39.59755],[-118.13041,39.59529],[-118.12987,39.59753],[-118.12828,39.60063],[-118.12609,39.60625],[-118.12527,39.61136],[-118.12491,39.61194],[-118.12504,39.61267],[-118.12562,39.61326],[-118.12628,39.61567],[-118.12758,39.6165],[-118.12855,39.61831],[-118.12845,39.61967],[-118.12784,39.62085],[-118.12779,39.62163],[-118.12838,39.62268],[-118.12847,39.62419],[-118.12762,39.62508],[-118.12695,39.62641],[-118.12595,39.62706],[-118.12536,39.62802],[-118.12273,39.62988],[-118.12186,39.63129],[-118.11946,39.63249],[-118.1205,39.63099],[-118.12069,39.62806],[-118.12213,39.62503],[-118.12267,39.62051],[-118.12342,39.61916],[-118.12419,39.61664],[-118.12399,39.61388],[-118.1248,39.61197],[-118.12506,39.60718],[-118.12538,39.60633],[-118.12515,39.60491],[-118.12575,39.60306],[-118.12592,39.59854],[-118.12567,39.59678],[-118.12428,39.59362],[-118.12367,39.59308],[-118.12361,39.59119],[-118.1236,39.5931],[-118.12422,39.59364],[-118.1256,39.59679],[-118.12584,39.59854],[-118.12568,39.60306],[-118.12508,39.6049],[-118.12531,39.60633],[-118.12499,39.60717],[-118.12473,39.61196],[-118.12391,39.61387],[-118.12412,39.61662],[-118.12367,39.61832],[-118.1226,39.6205],[-118.12206,39.62502],[-118.12061,39.62806],[-118.12043,39.63097],[-118.11951,39.63262],[-118.11823,39.63348],[-118.118,39.63434],[-118.11669,39.63436],[-118.11703,39.63275],[-118.11801,39.63078],[-118.11833,39.6283],[-118.11914,39.62726],[-118.11991,39.62372],[-118.12139,39.6217],[-118.11984,39.62371],[-118.11907,39.62725],[-118.11826,39.62828],[-118.11794,39.63077],[-118.11686,39.633],[-118.11686,39.63407],[-118.11651,39.63441],[-118.11117,39.63537],[-118.11025,39.63606],[-118.10982,39.637],[-118.11309,39.63962],[-118.11525,39.64024],[-118.11314,39.63958],[-118.11042,39.63744],[-118.1099,39.63699],[-118.11031,39.63609],[-118.11513,39.63596],[-118.11061,39.63588],[-118.1112,39.63542],[-118.11665,39.6344],[-118.12144,39.63435],[-118.12519,39.63593],[-118.12523,39.64018],[-118.12557,39.64186],[-118.12532,39.64298],[-118.12571,39.64377],[-118.12566,39.64534],[-118.12487,39.6475],[-118.12488,39.6501],[-118.12376,39.65425],[-118.12376,39.65609],[-118.12328,39.65656],[-118.12298,39.65761],[-118.12299,39.65931],[-118.12241,39.6608],[-118.12172,39.66154],[-118.12148,39.66325],[-118.12188,39.66437],[-118.12175,39.66545],[-118.1196,39.66842],[-118.11851,39.66925],[-118.11721,39.67219],[-118.11857,39.66928],[-118.11966,39.66845],[-118.12182,39.66546],[-118.12195,39.66437],[-118.12156,39.66326],[-118.1218,39.66155],[-118.12291,39.6599],[-118.12305,39.65762],[-118.12335,39.65658],[-118.12383,39.6561],[-118.12383,39.65426],[-118.12495,39.6501],[-118.12494,39.64751],[-118.12641,39.64365],[-118.12785,39.64093],[-118.12812,39.63856],[-118.12916,39.63774],[-118.13031,39.63595],[-118.13362,39.63595],[-118.13348,39.63808],[-118.1337,39.63853],[-118.13314,39.63972],[-118.13327,39.64361],[-118.1338,39.64496],[-118.13376,39.646],[-118.13307,39.64714],[-118.13307,39.64857],[-118.13238,39.6492],[-118.1321,39.65156],[-118.13257,39.65276],[-118.13212,39.65381],[-118.13241,39.65552],[-118.13347,39.65759],[-118.13369,39.66199],[-118.13347,39.66293],[-118.13396,39.66335],[-118.13307,39.66633],[-118.13301,39.66717],[-118.1334,39.66808],[-118.13281,39.66887],[-118.13242,39.67039],[-118.13117,39.67132],[-118.13154,39.6715],[-118.13135,39.67237],[-118.13025,39.67283],[-118.13064,39.67311],[-118.13038,39.6734],[-118.13086,39.67397],[-118.13075,39.67442],[-118.12941,39.67528],[-118.12877,39.67515],[-118.1275,39.67555],[-118.12683,39.67702],[-118.12592,39.67739],[-118.12529,39.67843],[-118.12419,39.67939],[-118.1236,39.67947],[-118.12359,39.6815],[-118.12336,39.68147],[-118.12261,39.68082],[-118.1228,39.68027],[-118.12222,39.67976],[-118.12294,39.67913],[-118.12321,39.67841],[-118.12341,39.6769],[-118.12318,39.67675],[-118.12389,39.67469],[-118.12393,39.67397],[-118.12334,39.67282],[-118.12345,39.67217],[-118.12489,39.67001],[-118.12629,39.66926],[-118.12778,39.66723],[-118.1285,39.66672],[-118.12918,39.6652],[-118.12962,39.66496],[-118.12942,39.66465],[-118.13052,39.66268],[-118.12993,39.66332],[-118.12991,39.66393],[-118.12935,39.66464],[-118.12955,39.66495],[-118.12912,39.66518],[-118.12843,39.6667],[-118.12772,39.6672],[-118.12692,39.66856],[-118.12492,39.66988],[-118.12433,39.67079],[-118.12384,39.66816],[-118.12724,39.66256],[-118.12738,39.66043],[-118.12826,39.65891],[-118.1287,39.6572],[-118.12807,39.65918],[-118.12731,39.66043],[-118.12717,39.66255],[-118.12378,39.66815],[-118.12426,39.67082],[-118.12326,39.67254],[-118.12386,39.67397],[-118.12382,39.67468],[-118.12311,39.67676],[-118.12334,39.67691],[-118.12314,39.67839],[-118.12288,39.6791],[-118.12214,39.67976],[-118.12273,39.68028],[-118.12254,39.68085],[-118.12411,39.68235],[-118.12313,39.6844],[-118.1235,39.68594],[-118.12315,39.68769],[-118.1234,39.68895],[-118.12315,39.68946],[-118.12211,39.69011],[-118.1219,39.69115],[-118.1222,39.69129],[-118.12218,39.69228],[-118.11887,39.69555],[-118.11851,39.69733],[-118.11871,39.69857],[-118.1182,39.70024],[-118.117,39.70155],[-118.11675,39.7024],[-118.11315,39.70573],[-118.11174,39.7066],[-118.11059,39.70637],[-118.10981,39.70768],[-118.10896,39.70777],[-118.10738,39.70902],[-118.10662,39.7092],[-118.10423,39.71183],[-118.10651,39.70815],[-118.11087,39.70405],[-118.11148,39.70212],[-118.11289,39.70025],[-118.11332,39.69847],[-118.11507,39.6962],[-118.11523,39.69523],[-118.11697,39.69389],[-118.11903,39.69302],[-118.12079,39.6913],[-118.12246,39.68799],[-118.12207,39.68623],[-118.12245,39.68591],[-118.12195,39.68553],[-118.12274,39.68409],[-118.12236,39.68325],[-118.12287,39.68315],[-118.12229,39.68322],[-118.12266,39.68409],[-118.12188,39.68552],[-118.12237,39.68592],[-118.12199,39.68623],[-118.12239,39.68798],[-118.12211,39.68869],[-118.11973,39.69047],[-118.11853,39.6923],[-118.11485,39.69486],[-118.11459,39.6956],[-118.11326,39.69655],[-118.113,39.6974],[-118.11164,39.6989],[-118.10959,39.69994],[-118.10942,39.70041],[-118.10782,39.70155],[-118.10604,39.70393],[-118.10587,39.70471],[-118.1045,39.70594],[-118.10373,39.70602],[-118.10281,39.70662],[-118.10188,39.7083],[-118.10166,39.70945],[-118.10015,39.7117],[-118.10086,39.71107],[-118.10173,39.70947],[-118.10195,39.70831],[-118.10287,39.70665],[-118.10376,39.70607],[-118.10454,39.70598],[-118.10593,39.70475],[-118.1061,39.70396],[-118.10788,39.70158],[-118.10948,39.70043],[-118.10964,39.69998],[-118.1117,39.69893],[-118.11306,39.69742],[-118.11331,39.69658],[-118.11465,39.69563],[-118.11491,39.69489],[-118.11859,39.69233],[-118.11978,39.6905],[-118.12205,39.6888],[-118.12008,39.69208],[-118.11898,39.69298],[-118.11693,39.69384],[-118.11517,39.6952],[-118.115,39.69618],[-118.11325,39.69845],[-118.11283,39.70023],[-118.11141,39.7021],[-118.1108,39.70403],[-118.10644,39.70813],[-118.10489,39.7108],[-118.10322,39.71274],[-118.10452,39.71185],[-118.10666,39.70925],[-118.10741,39.70907],[-118.10899,39.70782],[-118.10987,39.70771],[-118.11064,39.70641],[-118.11176,39.70666],[-118.1132,39.70576],[-118.11682,39.70243],[-118.11706,39.70158],[-118.11829,39.70015],[-118.12233,39.69725],[-118.12446,39.6967],[-118.12793,39.69517],[-118.12976,39.69486],[-118.13266,39.69476],[-118.13313,39.69494],[-118.13349,39.69564],[-118.1356,39.69567],[-118.13834,39.69402],[-118.13965,39.69385],[-118.14095,39.69766],[-118.14154,39.69822],[-118.14102,39.69764],[-118.13973,39.69386],[-118.14269,39.69404],[-118.14669,39.69562],[-118.14916,39.69608],[-118.15264,39.69844],[-118.15367,39.69853],[-118.15476,39.69947],[-118.15836,39.7007],[-118.16051,39.70054],[-118.16387,39.70124],[-118.16547,39.70124],[-118.16757,39.70201],[-118.173,39.70231],[-118.17535,39.70212],[-118.17867,39.70328],[-118.18025,39.70317]],[[-118.13417,39.65658],[-118.13338,39.65744],[-118.13248,39.65551],[-118.13218,39.65404],[-118.13265,39.65313],[-118.13217,39.65155],[-118.13245,39.64921],[-118.13314,39.64859],[-118.13313,39.64715],[-118.13384,39.646],[-118.13387,39.64496],[-118.13334,39.6436],[-118.13321,39.63961],[-118.13377,39.63854],[-118.13356,39.63806],[-118.13369,39.63595],[-118.13668,39.63595],[-118.13631,39.64037],[-118.13511,39.64285],[-118.13598,39.64542],[-118.13538,39.64718],[-118.13579,39.64814],[-118.1356,39.64875],[-118.13596,39.65134],[-118.13516,39.65259],[-118.13536,39.65314],[-118.13425,39.65463],[-118.13417,39.65658]],[[-118.13666,39.63589],[-118.13034,39.63589],[-118.1305,39.63405],[-118.13247,39.63147],[-118.13421,39.62843],[-118.13471,39.62632],[-118.13543,39.62494],[-118.13647,39.62379],[-118.1377,39.62312],[-118.13951,39.61724],[-118.14192,39.61409],[-118.14239,39.61247],[-118.1441,39.61115],[-118.14563,39.60927],[-118.14583,39.607],[-118.14544,39.60238],[-118.1461,39.59785],[-118.14791,39.59723],[-118.14891,39.59648],[-118.14923,39.59441],[-118.15341,39.58472],[-118.15733,39.58291],[-118.15818,39.5829],[-118.15888,39.58251],[-118.16219,39.58247],[-118.1643,39.58203],[-118.16638,39.58237],[-118.16734,39.58204],[-118.16948,39.58201],[-118.17321,39.58268],[-118.17638,39.58246],[-118.17957,39.583],[-118.18262,39.58403],[-118.18393,39.58635],[-118.18521,39.58787],[-118.18669,39.58877],[-118.18373,39.58884],[-118.18092,39.58942],[-118.17861,39.58918],[-118.17581,39.58951],[-118.17087,39.58817],[-118.16585,39.58835],[-118.15904,39.59002],[-118.15399,39.59324],[-118.15377,39.59574],[-118.15175,39.59648],[-118.15127,39.59796],[-118.14953,39.5997],[-118.14952,39.60321],[-118.14818,39.60553],[-118.14675,39.61249],[-118.14586,39.61434],[-118.14572,39.61622],[-118.14486,39.61745],[-118.14465,39.61876],[-118.14329,39.62156],[-118.14324,39.62268],[-118.14277,39.6236],[-118.14285,39.62462],[-118.14254,39.62493],[-118.14285,39.626],[-118.14179,39.62887],[-118.14231,39.63033],[-118.14181,39.63155],[-118.1422,39.63245],[-118.14222,39.63485],[-118.14273,39.63589],[-118.13681,39.63589],[-118.13749,39.63393],[-118.13734,39.6332],[-118.13797,39.63261],[-118.13791,39.63095],[-118.1396,39.62769],[-118.13952,39.62708],[-118.1382,39.6258],[-118.13803,39.62501],[-118.13925,39.62338],[-118.13994,39.61784],[-118.14057,39.61679],[-118.1423,39.61602],[-118.14052,39.61675],[-118.13987,39.61783],[-118.13918,39.62337],[-118.13795,39.62501],[-118.13814,39.62583],[-118.13946,39.62711],[-118.13953,39.62768],[-118.13784,39.63094],[-118.1379,39.6326],[-118.13735,39.63295],[-118.13742,39.63392],[-118.13698,39.63565],[-118.13666,39.63589]],[[-118.13019,39.63595],[-118.1291,39.63771],[-118.12805,39.63854],[-118.12778,39.64091],[-118.1257,39.6453],[-118.12526,39.63593],[-118.13019,39.63595]],[[-118.13019,39.63589],[-118.12468,39.63585],[-118.1221,39.63454],[-118.12519,39.63075],[-118.12641,39.62727],[-118.13283,39.62172],[-118.1341,39.61898],[-118.14191,39.61361],[-118.14126,39.61502],[-118.13945,39.61723],[-118.13763,39.62309],[-118.13643,39.62375],[-118.13537,39.62491],[-118.13465,39.6263],[-118.13414,39.62842],[-118.13241,39.63145],[-118.1307,39.63341],[-118.13019,39.63589]],[[-118.14171,39.61365],[-118.13435,39.61869],[-118.1352,39.61681],[-118.13649,39.61517],[-118.13769,39.61117],[-118.13729,39.60704],[-118.13794,39.60652],[-118.13828,39.60575],[-118.13769,39.60335],[-118.13812,39.59955],[-118.13748,39.59246],[-118.13902,39.58698],[-118.13836,39.58472],[-118.13753,39.58345],[-118.13446,39.58071],[-118.13229,39.57826],[-118.13218,39.57757],[-118.12941,39.57517],[-118.12821,39.57163],[-118.12749,39.57062],[-118.12746,39.5699],[-118.1346,39.57519],[-118.13825,39.57822],[-118.13885,39.57918],[-118.13865,39.58171],[-118.13956,39.58347],[-118.14001,39.58841],[-118.141,39.58994],[-118.14137,39.59237],[-118.14209,39.59348],[-118.14264,39.59559],[-118.14328,39.59645],[-118.14334,39.59886],[-118.14371,39.59933],[-118.14368,39.6001],[-118.14333,39.60044],[-118.14348,39.60081],[-118.14242,39.60257],[-118.14292,39.60584],[-118.14259,39.60739],[-118.14301,39.60807],[-118.14211,39.61169],[-118.14226,39.61277],[-118.14171,39.61365]],[[-118.12782,39.57008],[-118.12669,39.56911],[-118.12611,39.56676],[-118.12604,39.56318],[-118.12628,39.56173],[-118.12702,39.56054],[-118.1273,39.55766],[-118.12789,39.55627],[-118.12796,39.55297],[-118.12876,39.55059],[-118.13133,39.54709],[-118.13256,39.54274],[-118.13361,39.54157],[-118.13378,39.54061],[-118.13462,39.53954],[-118.1348,39.54117],[-118.13538,39.54226],[-118.13458,39.5429],[-118.1339,39.54481],[-118.13321,39.54567],[-118.13301,39.54624],[-118.13338,39.54687],[-118.13072,39.5515],[-118.13045,39.55278],[-118.13026,39.55503],[-118.13063,39.55578],[-118.13133,39.56017],[-118.13185,39.56134],[-118.12916,39.56617],[-118.12967,39.5674],[-118.12841,39.56984],[-118.12858,39.57066],[-118.12782,39.57008]],[[-118.13417,39.53985],[-118.13369,39.54066],[-118.13372,39.54125],[-118.13235,39.54309],[-118.13127,39.54707],[-118.12914,39.5498],[-118.12795,39.55273],[-118.12782,39.55626],[-118.12723,39.55765],[-118.12695,39.56053],[-118.12621,39.56172],[-118.12597,39.56317],[-118.12604,39.56677],[-118.12664,39.56918],[-118.1258,39.56889],[-118.12438,39.56707],[-118.1236,39.56435],[-118.12385,39.56286],[-118.12285,39.55963],[-118.12289,39.55632],[-118.12215,39.55365],[-118.12272,39.55165],[-118.12323,39.55103],[-118.12356,39.54908],[-118.12252,39.54607],[-118.122,39.54548],[-118.12267,39.54423],[-118.12304,39.54266],[-118.1248,39.54172],[-118.12561,39.54032],[-118.12694,39.54025],[-118.1272,39.53905],[-118.12694,39.53811],[-118.12764,39.53477],[-118.12681,39.52981],[-118.12613,39.52787],[-118.1231,39.52431],[-118.12006,39.5231],[-118.11548,39.51992],[-118.11287,39.51897],[-118.10978,39.51843],[-118.10684,39.51703],[-118.10465,39.51636],[-118.10148,39.51398],[-118.1002,39.51355],[-118.09752,39.51151],[-118.09549,39.51053],[-118.09933,39.5117],[-118.1028,39.5137],[-118.10486,39.51541],[-118.10784,39.51649],[-118.11118,39.51658],[-118.11224,39.51632],[-118.11406,39.51654],[-118.11523,39.51735],[-118.11968,39.51913],[-118.12059,39.52015],[-118.12149,39.52017],[-118.12495,39.52247],[-118.12556,39.52241],[-118.12803,39.52324],[-118.13418,39.52904],[-118.13469,39.53013],[-118.13515,39.53223],[-118.13539,39.53682],[-118.13488,39.53888],[-118.13417,39.53985]],[[-118.13158,39.55035],[-118.1328,39.54764],[-118.13328,39.54721],[-118.13402,39.54878],[-118.13426,39.55097],[-118.13544,39.55445],[-118.13257,39.55986],[-118.13124,39.55444],[-118.13151,39.55394],[-118.13162,39.55183],[-118.13163,39.55089],[-118.13128,39.55069],[-118.13158,39.55035]],[[-118.13147,39.55084],[-118.13144,39.55393],[-118.13117,39.55445],[-118.13253,39.55992],[-118.13189,39.56129],[-118.1314,39.56016],[-118.1307,39.55577],[-118.13033,39.55503],[-118.13079,39.55152],[-118.13147,39.55084]],[[-118.13204,39.56118],[-118.13254,39.56004],[-118.13204,39.56145],[-118.13204,39.56118]],[[-118.13201,39.56152],[-118.13265,39.56365],[-118.13346,39.56458],[-118.1347,39.56802],[-118.13454,39.5695],[-118.13536,39.57357],[-118.13463,39.57513],[-118.12863,39.57072],[-118.12844,39.57017],[-118.12974,39.56741],[-118.12923,39.56618],[-118.13201,39.56152]],[[-118.13477,39.56801],[-118.1339,39.56553],[-118.1358,39.56792],[-118.13688,39.57225],[-118.13894,39.57735],[-118.13931,39.58026],[-118.14039,39.58193],[-118.13981,39.58455],[-118.13943,39.58285],[-118.13876,39.58203],[-118.13892,39.57916],[-118.13667,39.57506],[-118.13609,39.57317],[-118.13579,39.56954],[-118.13477,39.56801]],[[-118.13482,39.56814],[-118.13573,39.56956],[-118.13602,39.57318],[-118.1366,39.57507],[-118.13806,39.57799],[-118.13467,39.57518],[-118.13543,39.57357],[-118.13461,39.56949],[-118.13482,39.56814]],[[-118.15382,39.59577],[-118.15392,39.59424],[-118.16103,39.59203],[-118.16428,39.59151],[-118.17,39.59227],[-118.17243,39.59368],[-118.1747,39.5942],[-118.17657,39.59509],[-118.17969,39.59584],[-118.18112,39.59649],[-118.18404,39.59675],[-118.17796,39.59816],[-118.17474,39.59853],[-118.16833,39.59867],[-118.16546,39.59987],[-118.16433,39.59997],[-118.16195,39.5992],[-118.15866,39.599],[-118.15247,39.60032],[-118.15184,39.59948],[-118.15039,39.59868],[-118.15133,39.59799],[-118.1518,39.59651],[-118.15382,39.59577]],[[-118.14762,39.60866],[-118.14784,39.60756],[-118.14853,39.6066],[-118.15062,39.60584],[-118.1527,39.60553],[-118.15516,39.60421],[-118.15829,39.6039],[-118.15967,39.60339],[-118.16311,39.60348],[-118.16558,39.603],[-118.16691,39.6035],[-118.17111,39.60407],[-118.17333,39.60502],[-118.17731,39.60765],[-118.17861,39.60996],[-118.17782,39.60938],[-118.17498,39.60877],[-118.16904,39.60682],[-118.16497,39.60731],[-118.16279,39.60806],[-118.15221,39.60719],[-118.14912,39.60784],[-118.14762,39.60866]],[[-118.14045,39.63594],[-118.14276,39.63594],[-118.14315,39.63851],[-118.14297,39.63994],[-118.1421,39.64156],[-118.14077,39.64297],[-118.14119,39.64471],[-118.14101,39.64555],[-118.13836,39.64883],[-118.13769,39.64923],[-118.13584,39.65196],[-118.13586,39.64814],[-118.13546,39.6472],[-118.13605,39.64541],[-118.13561,39.64425],[-118.13652,39.64324],[-118.13736,39.64135],[-118.13823,39.64077],[-118.13847,39.64015],[-118.13975,39.63895],[-118.13974,39.63802],[-118.14045,39.63594]],[[-118.14066,39.64623],[-118.14127,39.64488],[-118.14084,39.64298],[-118.14216,39.64159],[-118.14304,39.63995],[-118.14322,39.63851],[-118.14283,39.63594],[-118.14478,39.63594],[-118.14526,39.63963],[-118.14415,39.64448],[-118.1428,39.64551],[-118.14138,39.64825],[-118.1384,39.65123],[-118.13733,39.65313],[-118.13629,39.65381],[-118.13433,39.65645],[-118.13432,39.65464],[-118.13543,39.65316],[-118.13525,39.65255],[-118.1356,39.65202],[-118.13601,39.65195],[-118.13775,39.64927],[-118.13843,39.64885],[-118.13903,39.64779],[-118.14066,39.64623]],[[-118.13848,39.64008],[-118.13817,39.64074],[-118.13726,39.64138],[-118.13646,39.64322],[-118.1356,39.64419],[-118.13519,39.64286],[-118.13638,39.64038],[-118.13676,39.63595],[-118.14022,39.63594],[-118.13968,39.63894],[-118.13848,39.64008]],[[-118.15989,39.5679],[-118.1592,39.5681],[-118.16529,39.56498],[-118.16726,39.56492],[-118.16846,39.56442],[-118.16965,39.56431],[-118.17806,39.56519],[-118.17351,39.56574],[-118.1703,39.56648],[-118.16405,39.56641],[-118.15989,39.5679]],[[-118.14051,39.57214],[-118.1448,39.57583],[-118.14694,39.57941],[-118.14812,39.58296],[-118.14829,39.58438],[-118.14818,39.58778],[-118.14735,39.58917],[-118.14705,39.587],[-118.14554,39.58205],[-118.14425,39.58024],[-118.14235,39.57557],[-118.13992,39.57172],[-118.14051,39.57214]],[[-118.19216,39.52415],[-118.19998,39.51993],[-118.20657,39.51798],[-118.21104,39.51595],[-118.21022,39.51703],[-118.20608,39.51924],[-118.20113,39.52064],[-118.1985,39.52245],[-118.19535,39.52376],[-118.19216,39.52415]],[[-118.13855,39.51563],[-118.13892,39.51816],[-118.13828,39.51992],[-118.1373,39.51765],[-118.13616,39.51716],[-118.13535,39.5161],[-118.13246,39.51517],[-118.12912,39.51463],[-118.12503,39.51209],[-118.11653,39.51101],[-118.1116,39.50823],[-118.11075,39.5082],[-118.10667,39.50553],[-118.11313,39.50608],[-118.12036,39.50588],[-118.12254,39.50649],[-118.12586,39.50684],[-118.12725,39.50763],[-118.13092,39.50841],[-118.1357,39.50858],[-118.13648,39.50893],[-118.13995,39.5093],[-118.13974,39.51129],[-118.13876,39.51278],[-118.13855,39.51563]],[[-118.1229,39.51182],[-118.12501,39.51214],[-118.12909,39.51467],[-118.13244,39.51522],[-118.13532,39.51614],[-118.13611,39.51721],[-118.13724,39.51767],[-118.13781,39.51926],[-118.12788,39.51602],[-118.12441,39.5157],[-118.12281,39.51495],[-118.12047,39.51467],[-118.116,39.51124],[-118.1121,39.50943],[-118.11078,39.50824],[-118.11157,39.50828],[-118.11686,39.51117],[-118.11943,39.51126],[-118.12166,39.51189],[-118.1229,39.51182]],[[-118.1392,39.50924],[-118.13697,39.50883],[-118.13176,39.50703],[-118.12692,39.50436],[-118.12418,39.50416],[-118.11914,39.5019],[-118.1127,39.49671],[-118.10777,39.49347],[-118.10731,39.4929],[-118.10736,39.49248],[-118.10846,39.49027],[-118.10838,39.48917],[-118.10741,39.48739],[-118.10609,39.48665],[-118.10933,39.48735],[-118.1125,39.48899],[-118.11707,39.48877],[-118.11896,39.48906],[-118.12336,39.49247],[-118.12849,39.49404],[-118.13354,39.49513],[-118.13736,39.49508],[-118.14039,39.49571],[-118.14245,39.49754],[-118.1429,39.49854],[-118.1424,39.49965],[-118.14322,39.49817],[-118.14342,39.496],[-118.14388,39.49483],[-118.14465,39.49396],[-118.14587,39.49348],[-118.1471,39.49239],[-118.14745,39.49013],[-118.1486,39.48849],[-118.14855,39.4897],[-118.15002,39.49137],[-118.14988,39.49174],[-118.14816,39.49309],[-118.14558,39.49654],[-118.14395,39.49819],[-118.14346,39.49921],[-118.14229,39.50009],[-118.14352,39.49924],[-118.14402,39.49821],[-118.14563,39.49657],[-118.14822,39.49312],[-118.14994,39.49176],[-118.15009,39.49134],[-118.14862,39.48969],[-118.14895,39.48799],[-118.14898,39.48972],[-118.15012,39.49105],[-118.1504,39.49188],[-118.14816,39.49339],[-118.1481,39.49392],[-118.14654,39.49612],[-118.14805,39.49807],[-118.14554,39.50102],[-118.14408,39.50204],[-118.14366,39.50354],[-118.14199,39.50484],[-118.141,39.50746],[-118.14001,39.51223],[-118.13882,39.514],[-118.13883,39.51279],[-118.13981,39.51131],[-118.13977,39.51028],[-118.14016,39.50947],[-118.1398,39.50804],[-118.14024,39.50681],[-118.14017,39.5059],[-118.14194,39.50251],[-118.1419,39.50147],[-118.14187,39.5025],[-118.1401,39.50589],[-118.14017,39.5068],[-118.13973,39.50804],[-118.13995,39.50925],[-118.1392,39.50924]],[[-118.10711,39.4872],[-118.1079,39.48813],[-118.10844,39.48979],[-118.10726,39.49286],[-118.10638,39.49217],[-118.103,39.49107],[-118.09759,39.48008],[-118.10136,39.48125],[-118.10327,39.48286],[-118.10463,39.48588],[-118.10711,39.4872]],[[-118.11401,39.48905],[-118.11202,39.48882],[-118.10948,39.48737],[-118.11373,39.48896],[-118.11509,39.48892],[-118.11401,39.48905]],[[-118.14637,39.50023],[-118.14809,39.49801],[-118.14967,39.4968],[-118.1518,39.49435],[-118.15363,39.49116],[-118.15611,39.48942],[-118.15646,39.48827],[-118.15731,39.49005],[-118.15754,39.49295],[-118.1561,39.49398],[-118.15531,39.49611],[-118.15297,39.49821],[-118.15219,39.49973],[-118.14872,39.50225],[-118.1476,39.50373],[-118.14563,39.505],[-118.14455,39.50679],[-118.14236,39.50846],[-118.14156,39.5104],[-118.14162,39.51101],[-118.13872,39.5151],[-118.13854,39.51477],[-118.13885,39.51405],[-118.14008,39.51224],[-118.14045,39.51104],[-118.14031,39.5105],[-118.14155,39.50762],[-118.1415,39.50711],[-118.1424,39.50579],[-118.1446,39.50432],[-118.14482,39.50335],[-118.1454,39.50294],[-118.14541,39.5024],[-118.14646,39.50078],[-118.14637,39.50023]],[[-118.15683,39.48889],[-118.156,39.48616],[-118.1561,39.48383],[-118.15582,39.4835],[-118.15653,39.48119],[-118.15716,39.48071],[-118.16097,39.48136],[-118.16468,39.48065],[-118.16821,39.47915],[-118.17098,39.47887],[-118.17537,39.47692],[-118.17778,39.47716],[-118.17998,39.47784],[-118.18384,39.47802],[-118.18665,39.47877],[-118.18822,39.47832],[-118.18998,39.47832],[-118.19199,39.47855],[-118.194,39.47838],[-118.1958,39.47884],[-118.19209,39.48035],[-118.18991,39.48064],[-118.18759,39.48149],[-118.18619,39.48151],[-118.17898,39.48383],[-118.17588,39.48382],[-118.17363,39.48434],[-118.16663,39.48364],[-118.16328,39.48528],[-118.16167,39.48667],[-118.15891,39.48822],[-118.15683,39.48889]],[[-118.15702,39.48074],[-118.15646,39.48117],[-118.15579,39.48345],[-118.15493,39.48103],[-118.15534,39.47799],[-118.15392,39.47519],[-118.15373,39.473],[-118.153,39.47256],[-118.15419,39.47089],[-118.15514,39.47026],[-118.15735,39.46999],[-118.1582,39.46942],[-118.16058,39.4687],[-118.161,39.46826],[-118.16389,39.4682],[-118.16652,39.4661],[-118.16834,39.46616],[-118.17142,39.46467],[-118.16997,39.46673],[-118.16784,39.46826],[-118.16737,39.46904],[-118.16619,39.46957],[-118.16512,39.47094],[-118.16358,39.47204],[-118.16208,39.474],[-118.15978,39.47602],[-118.15894,39.47747],[-118.15717,39.47938],[-118.15702,39.48074]],[[-118.15495,39.4703],[-118.15421,39.4708],[-118.15388,39.46997],[-118.15495,39.46946],[-118.15489,39.46855],[-118.1553,39.4681],[-118.15649,39.46771],[-118.158,39.46668],[-118.16112,39.46639],[-118.16511,39.46406],[-118.16648,39.46293],[-118.16945,39.46224],[-118.16708,39.46258],[-118.16109,39.46634],[-118.15797,39.46663],[-118.15487,39.46847],[-118.15412,39.46538],[-118.15694,39.46435],[-118.16008,39.46385],[-118.16183,39.46253],[-118.16292,39.46238],[-118.16418,39.46164],[-118.16518,39.4618],[-118.16625,39.46155],[-118.16416,39.46159],[-118.16289,39.46233],[-118.16178,39.46248],[-118.16004,39.46381],[-118.15692,39.46429],[-118.15412,39.46533],[-118.15477,39.46321],[-118.15699,39.46207],[-118.15718,39.46013],[-118.15821,39.45849],[-118.16147,39.45589],[-118.16289,39.45603],[-118.16394,39.45561],[-118.16617,39.45556],[-118.16776,39.45579],[-118.17045,39.4555],[-118.17494,39.4557],[-118.17625,39.45511],[-118.17965,39.45519],[-118.18117,39.45589],[-118.18589,39.4571],[-118.19134,39.45747],[-118.19818,39.45539],[-118.19133,39.45741],[-118.18591,39.45705],[-118.1812,39.45584],[-118.17966,39.45513],[-118.17623,39.45506],[-118.17493,39.45565],[-118.17382,39.45559],[-118.17817,39.45377],[-118.18027,39.45188],[-118.18307,39.45201],[-118.18663,39.45113],[-118.19389,39.45178],[-118.19845,39.45101],[-118.20108,39.45116],[-118.20445,39.4503],[-118.21014,39.44975],[-118.21111,39.44936],[-118.21012,39.4497],[-118.20444,39.45025],[-118.20106,39.45111],[-118.19845,39.45095],[-118.19388,39.45172],[-118.18688,39.45108],[-118.18449,39.45144],[-118.18553,39.45076],[-118.18896,39.44951],[-118.19072,39.44921],[-118.19242,39.44836],[-118.19813,39.44748],[-118.20005,39.4476],[-118.20197,39.44816],[-118.20411,39.44767],[-118.20611,39.44843],[-118.20776,39.44849],[-118.21103,39.44922],[-118.20778,39.44844],[-118.20614,39.44838],[-118.20412,39.44761],[-118.20197,39.4481],[-118.20007,39.44755],[-118.19812,39.44743],[-118.19239,39.44831],[-118.19069,39.44917],[-118.18894,39.44946],[-118.1855,39.4507],[-118.18326,39.45191],[-118.18033,39.45185],[-118.18414,39.44879],[-118.19051,39.44554],[-118.19249,39.44344],[-118.19657,39.44337],[-118.20529,39.44471],[-118.21004,39.44647],[-118.21116,39.44818],[-118.21234,39.44878],[-118.21423,39.44916],[-118.21146,39.44967],[-118.20827,39.45118],[-118.20508,39.45311],[-118.19987,39.45524],[-118.19732,39.45729],[-118.18953,39.45793],[-118.18684,39.45769],[-118.18544,39.4579],[-118.18422,39.45863],[-118.18304,39.45876],[-118.18002,39.46016],[-118.17905,39.46119],[-118.17708,39.46169],[-118.16831,39.4661],[-118.16648,39.46606],[-118.16407,39.46807],[-118.16098,39.46821],[-118.16054,39.46866],[-118.15817,39.46937],[-118.15732,39.46995],[-118.15495,39.4703]],[[-118.15499,39.46295],[-118.15423,39.46434],[-118.15327,39.4616],[-118.15614,39.45982],[-118.15753,39.45944],[-118.15711,39.46012],[-118.15692,39.46205],[-118.15499,39.46295]],[[-118.1627,39.45597],[-118.16196,39.45584],[-118.16384,39.4542],[-118.16516,39.45383],[-118.16602,39.45315],[-118.16924,39.45246],[-118.17223,39.45236],[-118.16781,39.45526],[-118.16393,39.45556],[-118.1627,39.45597]],[[-118.17472,39.45187],[-118.17348,39.45205],[-118.17658,39.45116],[-118.17733,39.45126],[-118.17472,39.45187]],[[-118.1771,39.4514],[-118.17951,39.45046],[-118.1838,39.44799],[-118.18668,39.44721],[-118.18977,39.44506],[-118.18879,39.44616],[-118.18681,39.44746],[-118.18446,39.44808],[-118.17834,39.45355],[-118.17684,39.45438],[-118.17363,39.4556],[-118.1674,39.45567],[-118.16922,39.45522],[-118.17149,39.45408],[-118.17345,39.4524],[-118.1771,39.4514]],[[-118.1889,39.44614],[-118.1899,39.44498],[-118.19175,39.44399],[-118.19046,39.44551],[-118.1889,39.44614]],[[-118.18591,39.44777],[-118.18409,39.44875],[-118.18047,39.45171],[-118.1845,39.44812],[-118.18591,39.44777]],[[-118.17341,39.45236],[-118.17144,39.45404],[-118.16918,39.45517],[-118.16685,39.45555],[-118.16785,39.45531],[-118.17237,39.45233],[-118.17447,39.45196],[-118.17341,39.45236]],[[-118.19663,39.45727],[-118.20134,39.45775],[-118.20901,39.463],[-118.21289,39.465],[-118.20463,39.4624],[-118.1989,39.46108],[-118.19247,39.45766],[-118.19445,39.45773],[-118.19663,39.45727]],[[-118.19335,39.45815],[-118.19887,39.46113],[-118.2046,39.46245],[-118.21392,39.46538],[-118.21041,39.46478],[-118.20797,39.46474],[-118.20674,39.46421],[-118.20501,39.46402],[-118.19862,39.46395],[-118.19368,39.46449],[-118.18891,39.46421],[-118.1856,39.46462],[-118.18372,39.46414],[-118.17973,39.46405],[-118.17842,39.46484],[-118.17554,39.46495],[-118.1726,39.46618],[-118.17004,39.46672],[-118.17137,39.46517],[-118.17149,39.46465],[-118.17248,39.46397],[-118.17783,39.46143],[-118.17909,39.46124],[-118.18006,39.4602],[-118.18307,39.45881],[-118.18426,39.45868],[-118.18609,39.45776],[-118.18954,39.45799],[-118.1923,39.45764],[-118.19335,39.45815]],[[-118.205,39.46407],[-118.20672,39.46426],[-118.20795,39.4648],[-118.21221,39.46517],[-118.21078,39.46502],[-118.20769,39.46552],[-118.20556,39.46619],[-118.20408,39.46731],[-118.20321,39.46746],[-118.19809,39.46748],[-118.19564,39.46715],[-118.1916,39.46738],[-118.1883,39.46659],[-118.18412,39.46678],[-118.18072,39.46614],[-118.17584,39.46691],[-118.17291,39.46694],[-118.17145,39.46767],[-118.16835,39.46793],[-118.17002,39.46677],[-118.17263,39.46622],[-118.17556,39.465],[-118.17844,39.46489],[-118.17973,39.46411],[-118.18371,39.46419],[-118.1856,39.46467],[-118.18891,39.46427],[-118.19368,39.46454],[-118.19862,39.46401],[-118.205,39.46407]],[[-118.20829,39.46555],[-118.20555,39.46694],[-118.20422,39.46727],[-118.2056,39.46623],[-118.20829,39.46555]],[[-118.20838,39.46559],[-118.20642,39.46684],[-118.2049,39.46718],[-118.20838,39.46559]],[[-118.13885,39.51505],[-118.1425,39.50995],[-118.14639,39.50751],[-118.14879,39.50559],[-118.15007,39.50288],[-118.15046,39.50262],[-118.15166,39.50284],[-118.15443,39.50379],[-118.15213,39.50452],[-118.14968,39.50484],[-118.14917,39.50577],[-118.14748,39.50711],[-118.14713,39.50773],[-118.14561,39.50845],[-118.14499,39.50964],[-118.14266,39.511],[-118.14011,39.51491],[-118.13877,39.51548],[-118.13885,39.51505]],[[-118.14637,39.50054],[-118.14533,39.50291],[-118.14475,39.50333],[-118.14454,39.50429],[-118.14235,39.50576],[-118.14143,39.50709],[-118.14148,39.50761],[-118.14089,39.50871],[-118.14206,39.50486],[-118.14372,39.50357],[-118.14415,39.50206],[-118.14632,39.50028],[-118.14637,39.50054]],[[-118.20153,39.44061],[-118.19771,39.44049],[-118.20001,39.43926],[-118.2028,39.43959],[-118.20395,39.43939],[-118.20653,39.43988],[-118.20153,39.44061]],[[-118.19925,39.43958],[-118.201,39.43733],[-118.20366,39.43601],[-118.20114,39.43833],[-118.19925,39.43958]],[[-118.20149,39.43698],[-118.20387,39.43445],[-118.20566,39.43368],[-118.2073,39.43353],[-118.21046,39.4316],[-118.2145,39.42984],[-118.21617,39.43046],[-118.21823,39.43189],[-118.21929,39.43201],[-118.21692,39.43238],[-118.21454,39.43449],[-118.21356,39.43499],[-118.21135,39.43537],[-118.2068,39.43484],[-118.2056,39.43496],[-118.20487,39.43559],[-118.203,39.43611],[-118.20149,39.43698]],[[-118.20652,39.43362],[-118.20576,39.43362],[-118.20661,39.43297],[-118.20808,39.43273],[-118.21094,39.43104],[-118.21419,39.42991],[-118.21043,39.43156],[-118.20726,39.43348],[-118.20652,39.43362]],[[-118.21989,39.43192],[-118.22133,39.43231],[-118.21878,39.43236],[-118.21708,39.43351],[-118.21478,39.43437],[-118.21696,39.43242],[-118.21989,39.43192]],[[-118.2194,39.43239],[-118.22145,39.43236],[-118.22224,39.43286],[-118.22662,39.43332],[-118.22932,39.4344],[-118.2273,39.43381],[-118.22081,39.43453],[-118.21996,39.43519],[-118.21706,39.43627],[-118.21572,39.43636],[-118.20999,39.43978],[-118.20562,39.43979],[-118.20396,39.43933],[-118.20281,39.43954],[-118.20006,39.43922],[-118.20525,39.43794],[-118.20831,39.43583],[-118.20958,39.43535],[-118.21135,39.43542],[-118.21358,39.43504],[-118.216,39.43381],[-118.21713,39.43355],[-118.2188,39.43241],[-118.2194,39.43239]],[[-118.2004,39.43894],[-118.20316,39.43644],[-118.20505,39.43556],[-118.20543,39.43506],[-118.20679,39.43489],[-118.20945,39.43536],[-118.20827,39.43579],[-118.20521,39.43789],[-118.20317,39.43858],[-118.2004,39.43894]],[[-118.15261,39.45936],[-118.15252,39.45874],[-118.15149,39.45816],[-118.15144,39.45759],[-118.15185,39.45705],[-118.15164,39.45599],[-118.15079,39.45546],[-118.15065,39.45482],[-118.15078,39.45218],[-118.15231,39.44987],[-118.15262,39.45099],[-118.15239,39.45192],[-118.1518,39.45252],[-118.15228,39.45418],[-118.1518,39.45575],[-118.15284,39.45806],[-118.15357,39.45878],[-118.15261,39.45936]],[[-118.15223,39.44989],[-118.15141,39.45099],[-118.15152,39.45011],[-118.15092,39.44902],[-118.15185,39.44801],[-118.15211,39.44684],[-118.15283,39.44602],[-118.15286,39.4476],[-118.15223,39.44989]],[[-118.15189,39.4475],[-118.15179,39.44798],[-118.15097,39.44871],[-118.15095,39.44957],[-118.14832,39.44988],[-118.14552,39.44914],[-118.14369,39.44717],[-118.14073,39.44657],[-118.13857,39.44491],[-118.1457,39.44607],[-118.14838,39.44528],[-118.15036,39.44565],[-118.15126,39.4454],[-118.15152,39.44553],[-118.15189,39.4475]],[[-118.15036,39.44559],[-118.14711,39.44484],[-118.14509,39.44334],[-118.1442,39.44207],[-118.14088,39.44023],[-118.13744,39.43713],[-118.13186,39.43585],[-118.13628,39.43626],[-118.13818,39.43693],[-118.13954,39.43811],[-118.13998,39.43926],[-118.14201,39.44017],[-118.14652,39.44067],[-118.15034,39.44169],[-118.15095,39.44144],[-118.15193,39.44486],[-118.15162,39.44567],[-118.15127,39.44535],[-118.15036,39.44559]],[[-118.13601,39.43667],[-118.1374,39.43717],[-118.14083,39.44027],[-118.14414,39.44211],[-118.14507,39.44327],[-118.14282,39.44212],[-118.13811,39.43809],[-118.13556,39.43667],[-118.13601,39.43667]],[[-118.15752,39.42711],[-118.15598,39.42911],[-118.15486,39.42984],[-118.15588,39.429],[-118.15619,39.42717],[-118.15665,39.42649],[-118.15866,39.42666],[-118.15752,39.42711]],[[-118.1551,39.42959],[-118.15518,39.42872],[-118.15591,39.42804],[-118.15581,39.42898],[-118.1551,39.42959]],[[-118.16846,39.42086],[-118.16821,39.42158],[-118.16764,39.42195],[-118.16767,39.42134],[-118.16846,39.42086]],[[-118.15077,39.41571],[-118.15063,39.41452],[-118.15127,39.41333],[-118.15248,39.41297],[-118.15823,39.41437],[-118.15917,39.41409],[-118.16198,39.41419],[-118.16374,39.4139],[-118.16634,39.41427],[-118.15924,39.41552],[-118.15351,39.41562],[-118.15209,39.41534],[-118.15077,39.41571]],[[-118.15515,39.41364],[-118.15254,39.413],[-118.15368,39.41136],[-118.15346,39.41051],[-118.15545,39.41022],[-118.15615,39.40966],[-118.15853,39.40896],[-118.15901,39.40936],[-118.15907,39.40989],[-118.15877,39.41198],[-118.15924,39.4125],[-118.16136,39.41341],[-118.15515,39.41364]],[[-118.15737,39.40921],[-118.15619,39.4096],[-118.15822,39.40712],[-118.15825,39.40617],[-118.15988,39.40613],[-118.16091,39.40572],[-118.16244,39.40593],[-118.16083,39.40683],[-118.15851,39.4089],[-118.15737,39.40921]],[[-118.15946,39.40614],[-118.15855,39.40615],[-118.16044,39.40545],[-118.16103,39.40567],[-118.15946,39.40614]],[[-118.15859,39.41338],[-118.16142,39.41344],[-118.16301,39.41389],[-118.16198,39.41413],[-118.15915,39.41403],[-118.15824,39.41432],[-118.15536,39.41371],[-118.15859,39.41338]],[[-118.1664,39.41431],[-118.17203,39.41437],[-118.17365,39.41482],[-118.17693,39.4147],[-118.17939,39.41508],[-118.17398,39.41588],[-118.16531,39.4146],[-118.1664,39.41431]],[[-118.17978,39.41505],[-118.1776,39.41482],[-118.1806,39.41391],[-118.18524,39.41313],[-118.18883,39.41369],[-118.19159,39.41344],[-118.19422,39.41395],[-118.1975,39.41362],[-118.19954,39.41305],[-118.20013,39.41309],[-118.20271,39.41458],[-118.20646,39.41533],[-118.20128,39.41441],[-118.19823,39.41441],[-118.19478,39.41516],[-118.18716,39.41415],[-118.18412,39.41432],[-118.18351,39.41476],[-118.18079,39.41515],[-118.17978,39.41505]],[[-118.16534,39.4147],[-118.17135,39.41556],[-118.16977,39.41595],[-118.16735,39.41557],[-118.16459,39.41589],[-118.16217,39.41575],[-118.16375,39.41477],[-118.16534,39.4147]],[[-118.16969,39.41598],[-118.16842,39.41625],[-118.16548,39.41621],[-118.16474,39.4159],[-118.16734,39.41562],[-118.16969,39.41598]],[[-118.16211,39.41572],[-118.15972,39.4159],[-118.16368,39.41474],[-118.16211,39.41572]],[[-118.15965,39.41588],[-118.15903,39.41592],[-118.15969,39.4154],[-118.16284,39.41485],[-118.15965,39.41588]],[[-118.15881,39.41596],[-118.15731,39.41599],[-118.15919,39.4156],[-118.15881,39.41596]],[[-118.1581,39.41582],[-118.15428,39.41597],[-118.15088,39.41563],[-118.15211,39.41539],[-118.15351,39.41568],[-118.15917,39.41554],[-118.1581,39.41582]],[[-118.15915,39.40124],[-118.15814,39.40402],[-118.15767,39.40253],[-118.15915,39.40124]],[[-118.17619,39.387],[-118.17544,39.38686],[-118.17393,39.38535],[-118.17693,39.38542],[-118.17747,39.38594],[-118.17934,39.38646],[-118.17619,39.387]],[[-118.20527,39.39044],[-118.20018,39.38925],[-118.2026,39.38951],[-118.20565,39.39052],[-118.20527,39.39044]],[[-118.22599,39.40643],[-118.2261,39.40425],[-118.22528,39.40223],[-118.22425,39.40097],[-118.22308,39.40006],[-118.22165,39.39968],[-118.22109,39.39873],[-118.21913,39.39839],[-118.21627,39.39732],[-118.21967,39.39752],[-118.22304,39.39946],[-118.22475,39.40106],[-118.22561,39.40143],[-118.22649,39.40281],[-118.22599,39.40643]],[[-118.22975,39.41155],[-118.22897,39.41095],[-118.23129,39.41101],[-118.22975,39.41155]],[[-118.23548,39.41121],[-118.23496,39.41133],[-118.23575,39.41085],[-118.23615,39.41104],[-118.23548,39.41121]],[[-118.24748,39.41596],[-118.24554,39.41566],[-118.24462,39.41513],[-118.24317,39.41308],[-118.2443,39.41377],[-118.24603,39.41547],[-118.24806,39.41604],[-118.24748,39.41596]],[[-118.25387,39.41752],[-118.25139,39.41702],[-118.25012,39.41624],[-118.24915,39.41612],[-118.25098,39.41606],[-118.25409,39.41676],[-118.25722,39.41706],[-118.26174,39.41676],[-118.25387,39.41752]],[[-118.17276,39.38029],[-118.17285,39.38225],[-118.17245,39.38101],[-118.17276,39.38029]],[[-118.29444,39.42077],[-118.2929,39.42005],[-118.29114,39.41871],[-118.28928,39.41501],[-118.28908,39.41366],[-118.29444,39.42077]],[[-118.2144,39.36169],[-118.2186,39.36241],[-118.2229,39.36491],[-118.225,39.36535],[-118.22615,39.3661],[-118.21887,39.36451],[-118.21537,39.36274],[-118.2141,39.36182],[-118.2144,39.36169]],[[-118.1645,39.38027],[-118.16361,39.38475],[-118.16338,39.3889],[-118.1627,39.38945],[-118.16282,39.38873],[-118.16231,39.38603],[-118.16367,39.38359],[-118.164,39.37917],[-118.1645,39.38027]],[[-118.15728,39.35805],[-118.15829,39.36028],[-118.15867,39.36264],[-118.15862,39.36344],[-118.158,39.364],[-118.15737,39.36553],[-118.15885,39.36803],[-118.15778,39.36822],[-118.15561,39.36946],[-118.15476,39.36964],[-118.14956,39.36978],[-118.14713,39.37036],[-118.14611,39.36955],[-118.14434,39.36973],[-118.14027,39.37154],[-118.13657,39.37259],[-118.13356,39.37286],[-118.13119,39.37357],[-118.12985,39.37493],[-118.12601,39.3762],[-118.1243,39.37717],[-118.1198,39.37825],[-118.11725,39.37946],[-118.11525,39.37974],[-118.11138,39.38096],[-118.10767,39.38125],[-118.11041,39.3803],[-118.11314,39.3778],[-118.11534,39.37494],[-118.1163,39.37219],[-118.11721,39.37148],[-118.11741,39.37051],[-118.11876,39.36915],[-118.12085,39.36786],[-118.12435,39.36634],[-118.12515,39.36464],[-118.12663,39.3633],[-118.1302,39.36147],[-118.13086,39.36054],[-118.1319,39.35982],[-118.13327,39.35929],[-118.13716,39.35926],[-118.13856,39.35896],[-118.14154,39.35698],[-118.14218,39.35685],[-118.14523,39.35743],[-118.14739,39.35717],[-118.15338,39.35723],[-118.15457,39.35689],[-118.15728,39.35805]]],[[[-118.06067,39.34655],[-118.06081,39.3463],[-118.06059,39.34667],[-118.06067,39.34655]],[[-118.1292,39.3503],[-118.12659,39.35087],[-118.12383,39.35266],[-118.12105,39.35291],[-118.11704,39.35466],[-118.11258,39.35566],[-118.10548,39.35979],[-118.10349,39.36058],[-118.10756,39.35764],[-118.11207,39.3554],[-118.11321,39.3542],[-118.11485,39.35341],[-118.11607,39.35215],[-118.11876,39.35042],[-118.11923,39.34972],[-118.12109,39.3489],[-118.12311,39.34842],[-118.12519,39.34871],[-118.1292,39.3503]],[[-118.12261,39.3529],[-118.12024,39.35341],[-118.12107,39.35296],[-118.12261,39.3529]],[[-118.11901,39.34991],[-118.11481,39.35337],[-118.11316,39.35416],[-118.11202,39.35536],[-118.10752,39.3576],[-118.10325,39.36073],[-118.10415,39.35955],[-118.10436,39.35862],[-118.10565,39.35745],[-118.10768,39.35684],[-118.10904,39.35552],[-118.11305,39.35346],[-118.11475,39.35195],[-118.11763,39.35034],[-118.11901,39.34991]],[[-118.12163,39.36437],[-118.11884,39.36518],[-118.11668,39.36517],[-118.1129,39.36615],[-118.11104,39.36627],[-118.11507,39.36479],[-118.12163,39.36437]],[[-118.11504,39.37017],[-118.116,39.37],[-118.11231,39.37228],[-118.11023,39.37284],[-118.10612,39.37286],[-118.10449,39.37317],[-118.10243,39.37478],[-118.10289,39.37379],[-118.10384,39.37319],[-118.10735,39.37197],[-118.11504,39.37017]],[[-118.13218,39.46664],[-118.13276,39.46681],[-118.12965,39.46655],[-118.1279,39.46587],[-118.13218,39.46664]],[[-118.12794,39.46597],[-118.1295,39.46655],[-118.12859,39.46655],[-118.12733,39.46595],[-118.12794,39.46597]],[[-118.12725,39.46597],[-118.12829,39.4665],[-118.12516,39.46569],[-118.12575,39.46555],[-118.12725,39.46597]],[[-118.12598,39.46603],[-118.12747,39.46643],[-118.12658,39.46638],[-118.12598,39.46603]],[[-118.1272,39.46589],[-118.1266,39.46574],[-118.12777,39.46585],[-118.1272,39.46589]],[[-118.12556,39.46869],[-118.12615,39.4686],[-118.12307,39.47093],[-118.11968,39.47083],[-118.1181,39.47142],[-118.11726,39.47113],[-118.1185,39.47046],[-118.1218,39.46976],[-118.12402,39.46864],[-118.12556,39.46869]],[[-118.0766,39.50648],[-118.08133,39.51],[-118.08394,39.51034],[-118.08908,39.50982],[-118.08725,39.51],[-118.08564,39.51097],[-118.08391,39.51131],[-118.08127,39.51099],[-118.07934,39.50998],[-118.07471,39.50608],[-118.07236,39.50584],[-118.0707,39.50511],[-118.06886,39.50369],[-118.06739,39.5016],[-118.07391,39.50585],[-118.0766,39.50648]],[[-118.05424,39.51321],[-118.05706,39.51484],[-118.05611,39.51461],[-118.05472,39.5137],[-118.0539,39.51366],[-118.0532,39.51287],[-118.05424,39.51321]]]]},"properties":{"Wetlands.ATTRIBUTE":"R4SBJ","Wetlands.WETLAND_TYPE":"Riverine","Wetlands.ACRES":2052.3948557432764}}]}