{"type":"FeatureCollection","crs":{"type":"name","properties":{"name":"EPSG:4326"}},"features":[{"type":"Feature","id":11889,"geometry":{"type":"Polygon","coordinates":[[[-117.6682,39.79913],[-117.67284,39.79915],[-117.67285,39.79552],[-117.6682,39.79551],[-117.6682,39.79913],[-117.66355,39.79912],[-117.66356,39.80142],[-117.66239,39.80167],[-117.66072,39.8006],[-117.65844,39.79789],[-117.65777,39.79206],[-117.65608,39.78724],[-117.65444,39.7859],[-117.65262,39.78603],[-117.65029,39.78482],[-117.65111,39.77997],[-117.64646,39.77218],[-117.64558,39.7683],[-117.64608,39.76473],[-117.64405,39.76289],[-117.64501,39.75987],[-117.64444,39.75719],[-117.64606,39.7566],[-117.64696,39.75361],[-117.64651,39.7527],[-117.64283,39.75118],[-117.64245,39.7497],[-117.64077,39.7488],[-117.63993,39.74678],[-117.62874,39.74091],[-117.62555,39.73725],[-117.61995,39.73762],[-117.61717,39.73609],[-117.61332,39.7323],[-117.61503,39.72775],[-117.61322,39.72565],[-117.61755,39.71047],[-117.62002,39.70765],[-117.62278,39.70644],[-117.63629,39.70086],[-117.64381,39.69951],[-117.65059,39.69561],[-117.65551,39.69446],[-117.65581,39.69067],[-117.66292,39.6845],[-117.66577,39.68084],[-117.67146,39.67768],[-117.68949,39.67406],[-117.69274,39.67382],[-117.6952,39.67486],[-117.69655,39.67691],[-117.69522,39.67976],[-117.69864,39.68341],[-117.6993,39.68697],[-117.70536,39.68825],[-117.70887,39.68985],[-117.71192,39.69238],[-117.71931,39.69579],[-117.72137,39.6994],[-117.7231,39.69915],[-117.72405,39.69788],[-117.72511,39.69296],[-117.72432,39.69242],[-117.72221,39.69294],[-117.72202,39.69157],[-117.72017,39.69089],[-117.72153,39.68928],[-117.72077,39.68669],[-117.72093,39.65035],[-117.72265,39.64944],[-117.73183,39.65529],[-117.72776,39.65189],[-117.71578,39.64579],[-117.71,39.64157],[-117.71323,39.638],[-117.74236,39.61452],[-117.74745,39.61845],[-117.7526,39.62437],[-117.76693,39.635],[-117.77111,39.64661],[-117.77903,39.64882],[-117.78313,39.65247],[-117.78649,39.65717],[-117.78692,39.65981],[-117.79013,39.66247],[-117.78875,39.66404],[-117.78993,39.66508],[-117.78891,39.66674],[-117.78958,39.67046],[-117.79345,39.67186],[-117.79627,39.67434],[-117.80412,39.67493],[-117.80551,39.67659],[-117.80999,39.67833],[-117.81035,39.67914],[-117.80875,39.6798],[-117.81153,39.68126],[-117.81267,39.68275],[-117.81442,39.68265],[-117.81589,39.68092],[-117.81807,39.68043],[-117.81691,39.68166],[-117.81825,39.68222],[-117.81621,39.68316],[-117.81585,39.68443],[-117.81638,39.68325],[-117.81844,39.68229],[-117.81712,39.68164],[-117.81823,39.68032],[-117.81614,39.6806],[-117.81434,39.68249],[-117.81276,39.6826],[-117.81168,39.68114],[-117.80895,39.67974],[-117.81053,39.67922],[-117.81016,39.67822],[-117.80564,39.67645],[-117.80424,39.6748],[-117.79634,39.67418],[-117.79358,39.67172],[-117.78975,39.67036],[-117.78912,39.66675],[-117.79014,39.66506],[-117.78896,39.66405],[-117.79023,39.66335],[-117.79033,39.66242],[-117.7871,39.65973],[-117.78669,39.65711],[-117.78331,39.65238],[-117.77915,39.64869],[-117.77128,39.64651],[-117.76711,39.63492],[-117.75307,39.62448],[-117.74753,39.61829],[-117.74251,39.6144],[-117.78761,39.57794],[-117.79515,39.58692],[-117.80686,39.59436],[-117.80483,39.59234],[-117.79531,39.5868],[-117.78776,39.57781],[-117.80545,39.5629],[-117.81205,39.55604],[-117.81849,39.55811],[-117.8274,39.5579],[-117.83982,39.56479],[-117.84275,39.56814],[-117.8515,39.57099],[-117.85241,39.57284],[-117.85512,39.57473],[-117.85542,39.5764],[-117.85821,39.5797],[-117.86035,39.58658],[-117.85988,39.58949],[-117.85729,39.59433],[-117.85703,39.59794],[-117.86214,39.59946],[-117.86262,39.60146],[-117.86483,39.60324],[-117.8628,39.60137],[-117.86232,39.59936],[-117.85724,39.59788],[-117.85821,39.59211],[-117.86002,39.58967],[-117.86423,39.59611],[-117.86602,39.59639],[-117.8659,39.59572],[-117.86742,39.59579],[-117.86832,39.59458],[-117.87631,39.59388],[-117.88745,39.60051],[-117.8904,39.6007],[-117.89079,39.6003],[-117.88858,39.59784],[-117.88895,39.59722],[-117.89321,39.59537],[-117.89624,39.59595],[-117.89764,39.5945],[-117.90209,39.59246],[-117.90237,39.59],[-117.90353,39.58947],[-117.90583,39.58961],[-117.90774,39.59069],[-117.91166,39.59033],[-117.91611,39.59215],[-117.91768,39.59208],[-117.92048,39.59031],[-117.92552,39.59154],[-117.93006,39.5911],[-117.93657,39.59351],[-117.93859,39.58816],[-117.94448,39.58431],[-117.94386,39.58111],[-117.93887,39.57723],[-117.93924,39.5763],[-117.94407,39.57487],[-117.94419,39.57342],[-117.93531,39.57506],[-117.93531,39.57346],[-117.92935,39.57334],[-117.92719,39.57045],[-117.92423,39.56908],[-117.92423,39.56607],[-117.92695,39.56186],[-117.92681,39.5599],[-117.92813,39.56037],[-117.9317,39.5543],[-117.9355,39.55019],[-117.93214,39.55338],[-117.92796,39.56025],[-117.92721,39.55941],[-117.92662,39.55982],[-117.92675,39.5618],[-117.92413,39.56571],[-117.92375,39.56759],[-117.91713,39.56942],[-117.9233,39.56765],[-117.92412,39.56925],[-117.92747,39.57094],[-117.92908,39.57335],[-117.92597,39.57336],[-117.92592,39.57759],[-117.92308,39.57761],[-117.92005,39.57609],[-117.91785,39.57631],[-117.91446,39.57525],[-117.91012,39.57532],[-117.90723,39.57248],[-117.89868,39.56777],[-117.89518,39.56812],[-117.88756,39.56519],[-117.88523,39.56565],[-117.88027,39.56484],[-117.87487,39.55874],[-117.86789,39.5579],[-117.86248,39.55283],[-117.85394,39.55198],[-117.8395,39.54062],[-117.83846,39.53825],[-117.83859,39.53467],[-117.83725,39.53313],[-117.83731,39.53098],[-117.83576,39.52676],[-117.83243,39.52195],[-117.83456,39.51962],[-117.83624,39.51471],[-117.83584,39.51051],[-117.83646,39.50737],[-117.83445,39.50332],[-117.83401,39.49806],[-117.85009,39.50145],[-117.85426,39.50306],[-117.85816,39.50336],[-117.86302,39.50552],[-117.86086,39.50605],[-117.85798,39.50514],[-117.85885,39.50621],[-117.85792,39.50702],[-117.85906,39.50622],[-117.85805,39.50529],[-117.85945,39.50529],[-117.86083,39.50621],[-117.86318,39.50566],[-117.867,39.50781],[-117.86673,39.50723],[-117.8704,39.50519],[-117.86528,39.50498],[-117.85785,39.50234],[-117.8636,39.50048],[-117.86317,39.49816],[-117.86426,39.49662],[-117.86296,39.49813],[-117.86343,39.50038],[-117.85646,39.50254],[-117.8549,39.50206],[-117.84986,39.49711],[-117.84799,39.49697],[-117.84627,39.49513],[-117.8374,39.49158],[-117.83442,39.48798],[-117.8343,39.48163],[-117.8467,39.47671],[-117.85059,39.47606],[-117.85285,39.47348],[-117.85484,39.47246],[-117.86375,39.47092],[-117.86656,39.46781],[-117.87261,39.46577],[-117.87363,39.46479],[-117.87405,39.46236],[-117.87674,39.46169],[-117.87876,39.45962],[-117.88289,39.45197],[-117.89012,39.44595],[-117.89773,39.44357],[-117.90202,39.44034],[-117.91238,39.43746],[-117.91509,39.44123],[-117.92041,39.44458],[-117.92499,39.4519],[-117.92465,39.45603],[-117.92204,39.4568],[-117.92119,39.46159],[-117.92565,39.46558],[-117.92994,39.46552],[-117.92575,39.46543],[-117.9213,39.46135],[-117.92223,39.45688],[-117.92483,39.45611],[-117.9252,39.45244],[-117.92648,39.45117],[-117.92601,39.44992],[-117.92855,39.44701],[-117.92737,39.444],[-117.92569,39.44281],[-117.92598,39.44076],[-117.92476,39.43981],[-117.92446,39.43782],[-117.92042,39.43344],[-117.92014,39.43198],[-117.91809,39.43149],[-117.91658,39.42945],[-117.98361,39.40286],[-117.98335,39.41327],[-117.98652,39.41738],[-117.98806,39.42502],[-117.99061,39.42844],[-117.98931,39.43081],[-117.99159,39.44016],[-117.98927,39.44401],[-117.9908,39.44473],[-117.99081,39.44551],[-117.98812,39.45138],[-117.98378,39.45692],[-117.98003,39.46347],[-117.97542,39.45647],[-117.97408,39.45189],[-117.97522,39.45653],[-117.97991,39.46365],[-117.97956,39.46514],[-117.97874,39.46514],[-117.97874,39.46878],[-117.97406,39.46878],[-117.97405,39.47604],[-117.96938,39.47604],[-117.96938,39.47967],[-117.97268,39.47967],[-117.97477,39.48239],[-117.97524,39.48685],[-117.9782,39.49623],[-117.98245,39.49659],[-117.98298,39.5051],[-118.00947,39.50516],[-118.01118,39.51148],[-118.01118,39.51519],[-118.01416,39.51933],[-118.01421,39.52314],[-118.01105,39.52314],[-118.01106,39.52176],[-117.99803,39.52182],[-117.99806,39.52318],[-118.00171,39.52316],[-118.00171,39.52407],[-118.00871,39.52406],[-118.00871,39.52496],[-118.00989,39.52496],[-118.00988,39.52353],[-118.01339,39.52404],[-118.0134,39.52495],[-118.01457,39.52494],[-118.01456,39.52586],[-118.0134,39.52586],[-118.01339,39.52676],[-118.01105,39.52677],[-118.01106,39.53082],[-118.01253,39.5308],[-118.01255,39.53163],[-118.01106,39.53166],[-118.01106,39.53401],[-118.01806,39.5336],[-118.03454,39.54129],[-118.04442,39.54171],[-118.05047,39.54072],[-118.05774,39.54103],[-118.08091,39.54279],[-118.08535,39.54464],[-118.09652,39.54653],[-118.11114,39.54639],[-118.09082,39.56276],[-118.08394,39.57698],[-118.06725,39.59981],[-118.05625,39.59143],[-118.05566,39.59015],[-118.04032,39.58254],[-118.03469,39.57782],[-118.02185,39.57178],[-118.01949,39.57001],[-118.01881,39.56802],[-118.0133,39.56342],[-118.00764,39.56097],[-118.01317,39.56355],[-118.01865,39.56813],[-118.01931,39.5701],[-118.02172,39.57191],[-118.03457,39.57795],[-118.04019,39.58267],[-118.05553,39.59028],[-118.05609,39.59154],[-118.06714,39.59996],[-118.0621,39.60725],[-118.05706,39.60988],[-118.05291,39.61532],[-118.05088,39.62039],[-118.05036,39.62417],[-118.03557,39.65055],[-118.0267,39.65735],[-118.01924,39.66129],[-118.00965,39.65407],[-117.99946,39.64336],[-117.99658,39.63893],[-117.99168,39.63444],[-117.98277,39.63189],[-117.97473,39.63127],[-117.97704,39.63206],[-117.98272,39.63205],[-117.99149,39.63453],[-117.99356,39.63607],[-117.99877,39.64354],[-118.0013,39.64588],[-118.00102,39.66014],[-118.00275,39.66525],[-118.00242,39.67227],[-118.00225,39.67308],[-117.9955,39.6748],[-117.98686,39.67871],[-117.96978,39.68934],[-117.95264,39.68558],[-117.92462,39.68288],[-117.91385,39.68043],[-117.911,39.67789],[-117.90666,39.67601],[-117.90535,39.67424],[-117.90158,39.67305],[-117.89936,39.66907],[-117.8932,39.66534],[-117.89313,39.66366],[-117.8953,39.66081],[-117.89387,39.65607],[-117.89477,39.65499],[-117.89575,39.65051],[-117.89818,39.6469],[-117.90423,39.64404],[-117.90646,39.64194],[-117.90472,39.63678],[-117.90644,39.63303],[-117.90484,39.62818],[-117.90483,39.62513],[-117.91091,39.62209],[-117.90484,39.62479],[-117.90462,39.6282],[-117.90623,39.63304],[-117.90451,39.6367],[-117.90625,39.6419],[-117.90405,39.64394],[-117.89803,39.64678],[-117.89556,39.65044],[-117.89457,39.65494],[-117.89366,39.65607],[-117.89509,39.66079],[-117.8927,39.66482],[-117.89923,39.66921],[-117.9013,39.67299],[-117.90035,39.67382],[-117.89565,39.67307],[-117.89173,39.67144],[-117.88404,39.66984],[-117.87594,39.66485],[-117.88396,39.66999],[-117.89166,39.67159],[-117.89549,39.67321],[-117.90306,39.67365],[-117.9135,39.6809],[-117.92752,39.68364],[-117.92722,39.70823],[-117.88774,39.70815],[-117.8778,39.7197],[-117.87689,39.72363],[-117.87682,39.73083],[-117.87412,39.73582],[-117.87253,39.74253],[-117.87246,39.74871],[-117.87323,39.74996],[-117.87105,39.75207],[-117.86241,39.74708],[-117.85288,39.74448],[-117.84299,39.74053],[-117.83234,39.73361],[-117.81755,39.72742],[-117.813,39.72339],[-117.80991,39.72185],[-117.80841,39.71943],[-117.80121,39.71656],[-117.79535,39.71589],[-117.79489,39.72648],[-117.79741,39.72866],[-117.79987,39.72796],[-117.80803,39.72253],[-117.81043,39.72208],[-117.81729,39.72748],[-117.83127,39.73343],[-117.8314,39.75124],[-117.8154,39.75132],[-117.80967,39.74631],[-117.82057,39.75623],[-117.82063,39.75791],[-117.81924,39.75794],[-117.81899,39.7601],[-117.8166,39.76278],[-117.81623,39.76777],[-117.81323,39.77125],[-117.81089,39.77061],[-117.8091,39.77139],[-117.80517,39.76906],[-117.79825,39.76222],[-117.79044,39.75832],[-117.78569,39.75419],[-117.77911,39.75029],[-117.77668,39.74662],[-117.77127,39.74306],[-117.76824,39.74255],[-117.7623,39.73979],[-117.75966,39.73965],[-117.75702,39.74064],[-117.75513,39.74458],[-117.75258,39.74665],[-117.75329,39.7476],[-117.75693,39.74786],[-117.7567,39.76368],[-117.75571,39.76329],[-117.7545,39.76512],[-117.75506,39.76714],[-117.75665,39.76776],[-117.75645,39.78083],[-117.7609,39.77931],[-117.76614,39.78157],[-117.77419,39.77813],[-117.77961,39.77759],[-117.78756,39.7797],[-117.79165,39.78243],[-117.79358,39.78473],[-117.79327,39.81225],[-117.79102,39.81388],[-117.78434,39.81625],[-117.77463,39.82189],[-117.77472,39.83866],[-117.69554,39.83875],[-117.69454,39.83775],[-117.69313,39.83167],[-117.69136,39.83128],[-117.68809,39.83252],[-117.68265,39.82788],[-117.67887,39.82314],[-117.67209,39.82054],[-117.66899,39.81566],[-117.66876,39.81404],[-117.66229,39.80746],[-117.66426,39.80274],[-117.6682,39.80276],[-117.6682,39.79913]]]},"properties":{"OBJECTID":11889,"FeatClass":"Designation","Category":"Designation","Own_Type":"DESG","Own_Name":"DESG","Loc_Own":"","Mang_Type":"FED","Mang_Name":"BLM","Loc_Mang":"","Des_Tp":"WSA","Loc_Ds":"","Unit_Nm":"Clan Alpine Mountains Wilderness Study Area","Loc_Nm":"Clan Alpine Mountains","State_Nm":"NV","Agg_Src":"USGS_PADUS4_0Designation_BLM_National_NLCS_WildernessStudyAreas","GIS_Src":"BLM_National_NLCS_Wilderness_and_WildernessStudyAreas_poly/nlcs.gdb/nlcs_wld/nlcs_wsa_poly","Src_Date":"2022/03/07","GIS_Acres":195766,"Source_PAID":"NLCS000668","WDPA_Cd":76508,"Pub_Access":"RA","Access_Src":"GAP - Default","Access_Dt":"2024","GAP_Sts":"2","GAPCdSrc":"Interagency Wilderness Steering Committee","GAPCdDt":"2014","IUCN_Cat":"Ib","IUCNCtSrc":"GAP - Default","IUCNCtDt":"2024","Date_Est":"1992","Comments":"","EsmtHldr":null,"EHoldTyp":null,"WebServiceMangName":"BLM","TranspPct":null,"Shape__Area":1337462777.4140625,"Shape__Length":441152.31356575829}},{"type":"Feature","id":12264,"geometry":{"type":"Polygon","coordinates":[[[-118.15142,39.92304],[-118.12772,39.90026],[-118.1271,39.90077],[-118.12453,39.89911],[-118.12232,39.89955],[-118.11551,39.8983],[-118.11278,39.89936],[-118.10749,39.89988],[-118.10515,39.90132],[-118.10326,39.90377],[-118.10019,39.90397],[-118.10006,39.90257],[-118.09774,39.90113],[-118.09792,39.89935],[-118.09695,39.89724],[-118.0931,39.89269],[-118.09232,39.88928],[-118.08908,39.88671],[-118.08688,39.88803],[-118.08488,39.88793],[-118.08261,39.89096],[-118.07713,39.88946],[-118.07258,39.89114],[-118.07007,39.88713],[-118.06509,39.88563],[-118.06558,39.88343],[-118.06822,39.88061],[-118.06808,39.8789],[-118.06628,39.87644],[-118.06595,39.87235],[-118.0646,39.87063],[-118.06505,39.8684],[-118.06411,39.86862],[-118.06404,39.86731],[-118.05993,39.8652],[-118.06008,39.86462],[-118.05776,39.86292],[-118.0545,39.86173],[-118.05013,39.8624],[-118.04628,39.86129],[-118.0413,39.86496],[-118.03688,39.86667],[-118.04142,39.8651],[-118.04612,39.86149],[-118.05013,39.86257],[-118.05441,39.86189],[-118.05856,39.86357],[-118.0594,39.86443],[-118.05571,39.86401],[-118.05768,39.86469],[-118.05937,39.86643],[-118.06353,39.86771],[-118.06404,39.86878],[-118.06489,39.86852],[-118.06439,39.87066],[-118.06574,39.87239],[-118.06607,39.87647],[-118.06788,39.87896],[-118.06801,39.88061],[-118.06539,39.88336],[-118.06485,39.88554],[-118.06781,39.88711],[-118.06994,39.88726],[-118.07259,39.89156],[-118.07004,39.89514],[-118.07065,39.89914],[-118.06909,39.90109],[-118.07177,39.9038],[-118.07289,39.9081],[-118.0739,39.90925],[-118.07347,39.91124],[-118.07445,39.91342],[-118.07257,39.9155],[-118.07673,39.92053],[-118.07617,39.92148],[-118.07292,39.92001],[-118.07042,39.92163],[-118.07077,39.92303],[-118.0659,39.92359],[-118.06499,39.92422],[-118.06504,39.92522],[-118.06103,39.9277],[-118.06031,39.92895],[-118.05766,39.92993],[-118.05998,39.93231],[-118.05931,39.93427],[-118.05731,39.93389],[-118.05688,39.9374],[-118.05018,39.93427],[-118.04985,39.9325],[-118.04522,39.93309],[-118.0444,39.93399],[-118.04458,39.93289],[-118.04851,39.93194],[-118.05014,39.93042],[-118.04974,39.92945],[-118.0508,39.92894],[-118.04977,39.92834],[-118.04946,39.92701],[-118.04542,39.92524],[-118.0447,39.92529],[-118.04542,39.92651],[-118.03668,39.92308],[-118.03498,39.92382],[-118.03438,39.922],[-118.03621,39.91934],[-118.03468,39.91962],[-118.03519,39.91871],[-118.0326,39.91513],[-118.03298,39.91401],[-118.03089,39.90508],[-118.02814,39.90471],[-118.02666,39.9028],[-118.02339,39.90175],[-118.01898,39.89724],[-118.01041,39.89305],[-118.02001,39.89017],[-118.02312,39.89046],[-118.01326,39.88476],[-118.00954,39.88179],[-118.00737,39.87841],[-118.00855,39.8763],[-118.01094,39.87495],[-118.01672,39.87391],[-118.01594,39.86998],[-118.01684,39.86752],[-118.01654,39.8662],[-118.01779,39.86596],[-118.01859,39.85914],[-118.01764,39.85738],[-118.01512,39.85732],[-118.01502,39.85581],[-118.01355,39.85493],[-118.01245,39.85154],[-118.01466,39.84565],[-118.02039,39.84407],[-118.0253,39.83999],[-118.02673,39.83356],[-118.02945,39.83066],[-118.02683,39.82335],[-118.02797,39.81586],[-118.03357,39.81795],[-118.03429,39.81903],[-118.03905,39.82026],[-118.05141,39.82752],[-118.03916,39.82012],[-118.03439,39.81888],[-118.03369,39.81781],[-118.02802,39.81565],[-118.02911,39.81135],[-118.0338,39.80941],[-118.04608,39.80647],[-118.04607,39.80804],[-118.05092,39.80817],[-118.05093,39.80526],[-118.05306,39.8046],[-118.05373,39.80822],[-118.05556,39.81049],[-118.05402,39.8115],[-118.05316,39.81326],[-118.05947,39.81647],[-118.05336,39.8132],[-118.05577,39.81049],[-118.05393,39.80816],[-118.05326,39.80451],[-118.06317,39.80102],[-118.0702,39.8009],[-118.07025,39.79737],[-118.07899,39.79413],[-118.08818,39.77958],[-118.0913,39.78542],[-118.09742,39.78878],[-118.10168,39.79277],[-118.09758,39.78867],[-118.09147,39.78531],[-118.08829,39.77937],[-118.09579,39.76467],[-118.10509,39.75223],[-118.13259,39.72733],[-118.1364,39.71788],[-118.13725,39.71317],[-118.1369,39.70702],[-118.14182,39.6824],[-118.14725,39.68174],[-118.15263,39.678],[-118.1589,39.68123],[-118.19201,39.70814],[-118.19321,39.71023],[-118.20264,39.71494],[-118.20354,39.71455],[-118.20256,39.71309],[-118.2039,39.71351],[-118.20499,39.71192],[-118.20522,39.71287],[-118.21159,39.71246],[-118.21107,39.71396],[-118.21178,39.71236],[-118.20524,39.7127],[-118.20516,39.71167],[-118.2038,39.71336],[-118.20236,39.71302],[-118.2032,39.71466],[-118.20109,39.71429],[-118.19901,39.71255],[-118.19337,39.71013],[-118.19221,39.70806],[-118.18091,39.69928],[-118.1932,39.70257],[-118.19724,39.70441],[-118.2085,39.7054],[-118.21365,39.70289],[-118.20892,39.70513],[-118.20501,39.70536],[-118.19732,39.70425],[-118.19442,39.7031],[-118.19707,39.7036],[-118.2002,39.70312],[-118.20216,39.70192],[-118.20656,39.70218],[-118.21368,39.69789],[-118.21576,39.69857],[-118.22076,39.69573],[-118.22481,39.69501],[-118.22779,39.69347],[-118.23064,39.69387],[-118.2323,39.69254],[-118.23528,39.69264],[-118.2392,39.68984],[-118.24335,39.69099],[-118.24689,39.68875],[-118.25162,39.68915],[-118.2596,39.68751],[-118.26334,39.68865],[-118.26907,39.68767],[-118.27066,39.68836],[-118.27767,39.68813],[-118.28066,39.68877],[-118.28252,39.69031],[-118.28287,39.69144],[-118.28027,39.69047],[-118.2786,39.69243],[-118.27609,39.69279],[-118.27492,39.69391],[-118.27232,39.69284],[-118.27122,39.6933],[-118.26987,39.69467],[-118.26932,39.69731],[-118.26843,39.69703],[-118.26776,39.69825],[-118.26901,39.69933],[-118.26869,39.70013],[-118.26924,39.69928],[-118.26797,39.6983],[-118.26951,39.69738],[-118.27007,39.69474],[-118.27125,39.6935],[-118.27228,39.693],[-118.275,39.69406],[-118.27618,39.69294],[-118.27875,39.69256],[-118.28038,39.69061],[-118.28292,39.6916],[-118.28277,39.69041],[-118.29116,39.69581],[-118.29563,39.69715],[-118.31115,39.69512],[-118.30504,39.70501],[-118.30089,39.7049],[-118.29501,39.7034],[-118.29702,39.70492],[-118.30419,39.70641],[-118.28138,39.74337],[-118.27738,39.74067],[-118.27161,39.73306],[-118.26904,39.7308],[-118.26687,39.73048],[-118.26585,39.72891],[-118.26672,39.7306],[-118.26894,39.73094],[-118.27219,39.73391],[-118.27797,39.74155],[-118.28128,39.74352],[-118.27139,39.75902],[-118.26401,39.75617],[-118.25431,39.74598],[-118.26385,39.75627],[-118.27129,39.75917],[-118.26469,39.77193],[-118.2572,39.76691],[-118.2543,39.76674],[-118.25181,39.76756],[-118.2473,39.76614],[-118.24282,39.76123],[-118.24059,39.76044],[-118.24029,39.75822],[-118.23815,39.75745],[-118.23978,39.75888],[-118.23982,39.76094],[-118.24234,39.76162],[-118.24516,39.7641],[-118.24576,39.76577],[-118.2475,39.76678],[-118.25099,39.76807],[-118.25666,39.76728],[-118.26446,39.77242],[-118.25781,39.78532],[-118.24067,39.78284],[-118.2357,39.77954],[-118.22799,39.7795],[-118.22586,39.77459],[-118.2234,39.77456],[-118.22195,39.77199],[-118.21938,39.77039],[-118.21761,39.77022],[-118.21462,39.7726],[-118.21619,39.77515],[-118.22473,39.77641],[-118.2254,39.77872],[-118.22446,39.78022],[-118.23517,39.78038],[-118.24048,39.78326],[-118.25755,39.78573],[-118.25162,39.7952],[-118.23696,39.79196],[-118.23305,39.78982],[-118.23222,39.79033],[-118.23318,39.79228],[-118.23048,39.79687],[-118.21716,39.79689],[-118.21712,39.79993],[-118.2126,39.80004],[-118.21251,39.80395],[-118.2098,39.80355],[-118.20687,39.80067],[-118.20408,39.80022],[-118.20115,39.79864],[-118.20052,39.80003],[-118.19201,39.79982],[-118.1918,39.80422],[-118.20757,39.80453],[-118.20749,39.81522],[-118.21651,39.81524],[-118.21769,39.81427],[-118.21916,39.81523],[-118.22074,39.81518],[-118.22113,39.81379],[-118.22289,39.81269],[-118.2294,39.81418],[-118.23359,39.81625],[-118.24286,39.81757],[-118.24062,39.83837],[-118.23696,39.85287],[-118.22193,39.84945],[-118.21346,39.84852],[-118.22257,39.84974],[-118.23689,39.85303],[-118.23476,39.85784],[-118.23437,39.86193],[-118.2282,39.88119],[-118.22353,39.88044],[-118.20978,39.87479],[-118.22346,39.88059],[-118.22813,39.88135],[-118.21573,39.91184],[-118.20011,39.91068],[-118.19324,39.91303],[-118.1872,39.91296],[-118.18513,39.91423],[-118.1814,39.91395],[-118.17782,39.91745],[-118.17574,39.918],[-118.17506,39.91727],[-118.1747,39.918],[-118.17262,39.91824],[-118.17029,39.92049],[-118.16961,39.91955],[-118.17053,39.91607],[-118.16902,39.91556],[-118.16668,39.91704],[-118.16613,39.92015],[-118.16184,39.92502],[-118.16074,39.92812],[-118.16103,39.93047],[-118.15955,39.93247],[-118.15993,39.93468],[-118.15418,39.93133],[-118.15351,39.92838],[-118.15463,39.92725],[-118.15142,39.92304]],[[-118.23585,39.78145],[-118.23584,39.78145],[-118.23584,39.78145],[-118.23585,39.78145]],[[-118.07357,39.91859],[-118.07358,39.91859],[-118.07358,39.91859],[-118.07357,39.91859]]]},"properties":{"OBJECTID":12264,"FeatClass":"Designation","Category":"Designation","Own_Type":"DESG","Own_Name":"DESG","Loc_Own":"","Mang_Type":"FED","Mang_Name":"BLM","Loc_Mang":"","Des_Tp":"WSA","Loc_Ds":"","Unit_Nm":"Stillwater Range Wilderness Study Area","Loc_Nm":"Stillwater Range","State_Nm":"NV","Agg_Src":"USGS_PADUS4_0Designation_BLM_National_NLCS_WildernessStudyAreas","GIS_Src":"BLM_National_NLCS_Wilderness_and_WildernessStudyAreas_poly/nlcs.gdb/nlcs_wld/nlcs_wsa_poly","Src_Date":"2022/03/07","GIS_Acres":95706,"Source_PAID":"NLCS000708","WDPA_Cd":76511,"Pub_Access":"RA","Access_Src":"GAP - Default","Access_Dt":"2024","GAP_Sts":"2","GAPCdSrc":"Interagency Wilderness Steering Committee","GAPCdDt":"2014","IUCN_Cat":"Ib","IUCNCtSrc":"GAP - Default","IUCNCtDt":"2024","Date_Est":"1992","Comments":"","EsmtHldr":null,"EHoldTyp":null,"WebServiceMangName":"BLM","TranspPct":null,"Shape__Area":657137997.26953125,"Shape__Length":259377.856494418}},{"type":"Feature","id":12035,"geometry":{"type":"Polygon","coordinates":[[[-118.30435,39.61844],[-118.30108,39.61866],[-118.29309,39.6214],[-118.28715,39.62088],[-118.27824,39.61579],[-118.26535,39.60998],[-118.25928,39.61088],[-118.25452,39.6098],[-118.25164,39.60817],[-118.24635,39.60804],[-118.24403,39.60681],[-118.24628,39.60819],[-118.25145,39.60829],[-118.25443,39.60995],[-118.2594,39.61106],[-118.25827,39.61413],[-118.25532,39.61791],[-118.25502,39.61735],[-118.25343,39.6179],[-118.2513,39.62041],[-118.24794,39.62196],[-118.24429,39.62169],[-118.24196,39.62413],[-118.2368,39.62308],[-118.23454,39.62134],[-118.23441,39.61969],[-118.23021,39.61802],[-118.22805,39.61603],[-118.22394,39.61543],[-118.22795,39.61618],[-118.23008,39.61815],[-118.2344,39.6199],[-118.23435,39.62141],[-118.23675,39.62325],[-118.23835,39.62635],[-118.23612,39.63013],[-118.22877,39.63572],[-118.22168,39.63292],[-118.21905,39.63565],[-118.21441,39.63439],[-118.21319,39.63716],[-118.21419,39.63788],[-118.21381,39.6386],[-118.21048,39.63911],[-118.2076,39.6414],[-118.20095,39.64245],[-118.1916,39.63818],[-118.18858,39.63849],[-118.17831,39.63724],[-118.17744,39.63475],[-118.1785,39.63065],[-118.17451,39.62481],[-118.17282,39.61824],[-118.17366,39.61593],[-118.18209,39.6091],[-118.18335,39.60603],[-118.18142,39.60071],[-118.18372,39.59817],[-118.18385,39.59349],[-118.18695,39.58713],[-118.18606,39.58372],[-118.18501,39.583],[-118.17468,39.58091],[-118.17253,39.58111],[-118.16605,39.57878],[-118.16304,39.57647],[-118.15359,39.57632],[-118.15351,39.57151],[-118.1552,39.56311],[-118.15982,39.56312],[-118.15989,39.56141],[-118.15488,39.56244],[-118.15639,39.55481],[-118.15351,39.55192],[-118.15586,39.54608],[-118.15359,39.54305],[-118.1579,39.53564],[-118.15479,39.53228],[-118.15776,39.52848],[-118.1655,39.53266],[-118.1926,39.54112],[-118.20005,39.54091],[-118.21518,39.54201],[-118.21428,39.54139],[-118.20927,39.54131],[-118.20699,39.54024],[-118.20224,39.53535],[-118.20292,39.53223],[-118.20143,39.53042],[-118.20322,39.52891],[-118.20409,39.52634],[-118.2032,39.52478],[-118.20334,39.52166],[-118.20413,39.51946],[-118.21153,39.51617],[-118.21372,39.51385],[-118.22324,39.51167],[-118.22884,39.51434],[-118.23843,39.51603],[-118.24312,39.5184],[-118.24559,39.51829],[-118.25232,39.52272],[-118.25493,39.52342],[-118.26215,39.52757],[-118.26745,39.53273],[-118.27424,39.53549],[-118.26756,39.53259],[-118.26229,39.52744],[-118.25503,39.52328],[-118.25244,39.52259],[-118.24572,39.51814],[-118.24318,39.51824],[-118.2385,39.51588],[-118.22892,39.51419],[-118.22328,39.51151],[-118.21364,39.51369],[-118.21142,39.51603],[-118.20751,39.51809],[-118.20004,39.52063],[-118.19732,39.52279],[-118.19041,39.52467],[-118.18844,39.52564],[-118.18856,39.52661],[-118.18317,39.52872],[-118.17886,39.52621],[-118.17326,39.52443],[-118.15953,39.52259],[-118.15767,39.51233],[-118.16277,39.50648],[-118.15942,39.5026],[-118.16175,39.50086],[-118.15936,39.49334],[-118.15463,39.4317],[-118.16229,39.40622],[-118.17717,39.41369],[-118.19108,39.41468],[-118.19649,39.41407],[-118.20135,39.41453],[-118.21509,39.41777],[-118.22532,39.42367],[-118.2295,39.42504],[-118.23874,39.42618],[-118.24405,39.42601],[-118.2488,39.4302],[-118.25477,39.43333],[-118.25705,39.43326],[-118.26371,39.43554],[-118.26994,39.44075],[-118.27274,39.44418],[-118.2759,39.44609],[-118.27744,39.45166],[-118.27743,39.45504],[-118.28062,39.45949],[-118.28074,39.46565],[-118.28331,39.46809],[-118.28308,39.47336],[-118.28431,39.47596],[-118.28727,39.47971],[-118.29054,39.48246],[-118.29359,39.48386],[-118.29545,39.48663],[-118.29816,39.48846],[-118.29835,39.49173],[-118.3003,39.49305],[-118.29958,39.49498],[-118.30338,39.49786],[-118.30311,39.49953],[-118.30632,39.50543],[-118.30455,39.51012],[-118.30497,39.51278],[-118.30391,39.51641],[-118.30531,39.5207],[-118.30412,39.51642],[-118.30519,39.51279],[-118.30476,39.51015],[-118.30653,39.50537],[-118.30331,39.49948],[-118.30355,39.49775],[-118.29977,39.49491],[-118.3005,39.49299],[-118.29857,39.49171],[-118.29763,39.48707],[-118.29601,39.48629],[-118.29411,39.48348],[-118.29173,39.48238],[-118.30703,39.48617],[-118.30848,39.48935],[-118.3145,39.49601],[-118.32525,39.49344],[-118.32653,39.49467],[-118.32754,39.49804],[-118.33152,39.4999],[-118.33401,39.50286],[-118.33675,39.50174],[-118.33854,39.499],[-118.34481,39.49815],[-118.34624,39.49504],[-118.34809,39.49329],[-118.35332,39.49191],[-118.3547,39.48986],[-118.35602,39.4899],[-118.35757,39.49155],[-118.35995,39.49148],[-118.36376,39.49375],[-118.36644,39.49422],[-118.36795,39.49571],[-118.37447,39.49779],[-118.37768,39.50018],[-118.38293,39.50232],[-118.38531,39.50411],[-118.38733,39.50862],[-118.38894,39.50918],[-118.39551,39.5149],[-118.39893,39.51528],[-118.40756,39.5132],[-118.40906,39.51521],[-118.41271,39.51737],[-118.41677,39.52313],[-118.41841,39.52995],[-118.42057,39.53153],[-118.42326,39.53224],[-118.42498,39.53537],[-118.43089,39.53865],[-118.43116,39.54043],[-118.42886,39.54653],[-118.43301,39.56086],[-118.40419,39.56026],[-118.39192,39.56436],[-118.38818,39.55909],[-118.38886,39.55652],[-118.38622,39.54583],[-118.38665,39.54335],[-118.38305,39.54241],[-118.38224,39.54074],[-118.37773,39.53648],[-118.37235,39.53546],[-118.37761,39.53662],[-118.38207,39.54083],[-118.38288,39.54251],[-118.38645,39.54341],[-118.38601,39.54586],[-118.38864,39.55654],[-118.38797,39.55913],[-118.39172,39.56442],[-118.38848,39.5656],[-118.3821,39.57104],[-118.37897,39.57018],[-118.37863,39.56913],[-118.37713,39.56954],[-118.37676,39.5704],[-118.38173,39.57135],[-118.3761,39.57618],[-118.3693,39.58504],[-118.36479,39.58643],[-118.36776,39.58779],[-118.36713,39.60417],[-118.36211,39.60601],[-118.35707,39.60732],[-118.34837,39.60796],[-118.34222,39.6058],[-118.33798,39.6019],[-118.33959,39.59823],[-118.33862,39.59536],[-118.33634,39.59442],[-118.32881,39.59354],[-118.32436,39.59188],[-118.32105,39.58782],[-118.32425,39.59202],[-118.32876,39.59371],[-118.33834,39.59538],[-118.33937,39.59822],[-118.33772,39.60169],[-118.33932,39.60392],[-118.34207,39.60593],[-118.34675,39.60779],[-118.35019,39.60801],[-118.34081,39.61163],[-118.32777,39.61136],[-118.32126,39.6092],[-118.31313,39.60439],[-118.30606,39.60158],[-118.30384,39.59968],[-118.30377,39.59785],[-118.30482,39.59679],[-118.30693,39.59671],[-118.30798,39.59445],[-118.30872,39.59478],[-118.31065,39.59349],[-118.31056,39.59176],[-118.31143,39.59077],[-118.31271,39.59139],[-118.31193,39.59044],[-118.31037,39.59168],[-118.31049,39.59338],[-118.30863,39.59463],[-118.30783,39.59434],[-118.3068,39.59658],[-118.30472,39.59665],[-118.30356,39.59776],[-118.30363,39.59971],[-118.3074,39.60275],[-118.31294,39.6045],[-118.32062,39.60899],[-118.30643,39.60395],[-118.30023,39.59961],[-118.29378,39.59755],[-118.29224,39.59601],[-118.28455,39.59263],[-118.28288,39.59371],[-118.27329,39.59437],[-118.26576,39.59413],[-118.25808,39.59088],[-118.2521,39.5915],[-118.24756,39.59292],[-118.2442,39.59258],[-118.24759,39.59308],[-118.25215,39.59165],[-118.25806,39.59104],[-118.26568,39.59428],[-118.27234,39.59453],[-118.28289,39.59388],[-118.28449,39.5928],[-118.29212,39.59615],[-118.29367,39.59769],[-118.30011,39.59975],[-118.30635,39.60411],[-118.31858,39.60869],[-118.33062,39.61193],[-118.34095,39.61178],[-118.35046,39.608],[-118.35732,39.60744],[-118.36712,39.60435],[-118.35671,39.61703],[-118.32085,39.62679],[-118.31209,39.62102],[-118.30435,39.61844]]]},"properties":{"OBJECTID":12035,"FeatClass":"Designation","Category":"Designation","Own_Type":"DESG","Own_Name":"DESG","Loc_Own":"","Mang_Type":"FED","Mang_Name":"BLM","Loc_Mang":"","Des_Tp":"WSA","Loc_Ds":"","Unit_Nm":"Job Peak Wilderness Study Area","Loc_Nm":"Job Peak","State_Nm":"NV","Agg_Src":"USGS_PADUS4_0Designation_BLM_National_NLCS_WildernessStudyAreas","GIS_Src":"BLM_National_NLCS_Wilderness_and_WildernessStudyAreas_poly/nlcs.gdb/nlcs_wld/nlcs_wsa_poly","Src_Date":"2022/03/07","GIS_Acres":89754,"Source_PAID":"NLCS000677","WDPA_Cd":76510,"Pub_Access":"RA","Access_Src":"GAP - Default","Access_Dt":"2024","GAP_Sts":"2","GAPCdSrc":"Interagency Wilderness Steering Committee","GAPCdDt":"2014","IUCN_Cat":"Ib","IUCNCtSrc":"GAP - Default","IUCNCtDt":"2024","Date_Est":"1992","Comments":"","EsmtHldr":null,"EHoldTyp":null,"WebServiceMangName":"BLM","TranspPct":null,"Shape__Area":611406592.48046875,"Shape__Length":244312.91797579289}},{"type":"Feature","id":3028,"geometry":{"type":"MultiPolygon","coordinates":[[[[-118.08341,38.14745],[-118.0836,38.14728],[-118.08405,38.1476],[-118.08341,38.14745]]],[[[-118.08018,38.15296],[-118.07891,38.15252],[-118.08043,38.15271],[-118.08018,38.15296]]],[[[-118.88789,38.30024],[-118.88921,38.29972],[-118.89054,38.3006],[-118.88922,38.30113],[-118.88789,38.30024]]],[[[-118.71315,38.44701],[-118.71306,38.44324],[-118.71776,38.44289],[-118.73167,38.43941],[-118.73165,38.44363],[-118.72246,38.44359],[-118.72248,38.44719],[-118.71315,38.44701]]],[[[-118.70423,38.45443],[-118.70417,38.45076],[-118.70871,38.45076],[-118.70879,38.45442],[-118.70423,38.45443]]],[[[-118.69009,38.4573],[-118.68597,38.45784],[-118.68731,38.45574],[-118.68643,38.4554],[-118.68647,38.45391],[-118.68881,38.45263],[-118.69004,38.45042],[-118.69474,38.45054],[-118.69483,38.45783],[-118.69009,38.4573]]],[[[-118.66797,38.46505],[-118.66753,38.46173],[-118.67133,38.4607],[-118.67105,38.46181],[-118.67656,38.46165],[-118.67673,38.46487],[-118.66797,38.46505]]],[[[-118.68132,38.46838],[-118.6812,38.46478],[-118.68545,38.46469],[-118.68553,38.47184],[-118.68144,38.47198],[-118.68132,38.46838]]],[[[-118.67285,38.47961],[-118.67295,38.476],[-118.6771,38.47577],[-118.67707,38.4794],[-118.67285,38.47961]]],[[[-118.70422,38.47563],[-118.6949,38.47552],[-118.69486,38.47194],[-118.69952,38.47199],[-118.69954,38.46498],[-118.70885,38.46505],[-118.70883,38.47203],[-118.70419,38.47204],[-118.70422,38.47563]]],[[[-118.1053,38.58768],[-118.1053,38.58756],[-118.10536,38.58766],[-118.1053,38.58768]]],[[[-118.70422,38.47563],[-118.71352,38.47561],[-118.71348,38.47202],[-118.71812,38.47201],[-118.71821,38.4792],[-118.70423,38.47922],[-118.70422,38.47563]]],[[[-118.75001,38.49412],[-118.74551,38.49402],[-118.74584,38.49028],[-118.75027,38.49041],[-118.75001,38.49412]]],[[[-118.75001,38.49412],[-118.75888,38.49432],[-118.75871,38.5017],[-118.74504,38.50154],[-118.74527,38.49774],[-118.74975,38.49787],[-118.75001,38.49412]]],[[[-118.60002,38.52423],[-118.60005,38.52165],[-118.6048,38.52163],[-118.60478,38.52528],[-118.60954,38.52527],[-118.60955,38.53255],[-118.60475,38.53258],[-118.60476,38.52893],[-118.59998,38.52896],[-118.60002,38.52423]]],[[[-118.65105,38.51907],[-118.65104,38.50971],[-118.65565,38.5096],[-118.65566,38.51704],[-118.66032,38.51705],[-118.65936,38.48739],[-118.68572,38.48624],[-118.72767,38.48638],[-118.72756,38.49],[-118.74142,38.49016],[-118.74059,38.50139],[-118.73614,38.50123],[-118.73634,38.49749],[-118.73187,38.49737],[-118.73176,38.5156],[-118.71351,38.51536],[-118.71354,38.5117],[-118.72271,38.51168],[-118.7228,38.50076],[-118.72725,38.50092],[-118.72746,38.49362],[-118.72287,38.49352],[-118.72284,38.49711],[-118.71363,38.4971],[-118.71363,38.49349],[-118.70421,38.49347],[-118.70426,38.48991],[-118.69496,38.48988],[-118.69489,38.49348],[-118.69038,38.49348],[-118.69039,38.50071],[-118.67342,38.50125],[-118.6736,38.50898],[-118.67771,38.50868],[-118.67781,38.51245],[-118.68603,38.51175],[-118.68604,38.51543],[-118.69061,38.51542],[-118.69055,38.52631],[-118.69512,38.52633],[-118.69509,38.52998],[-118.65127,38.52994],[-118.65105,38.51907]]],[[[-118.6327,38.55807],[-118.62797,38.55808],[-118.62808,38.55443],[-118.63279,38.55439],[-118.6327,38.55807]]],[[[-118.6327,38.55807],[-118.63732,38.55811],[-118.63726,38.56173],[-118.64871,38.56183],[-118.63229,38.56904],[-118.6327,38.55807]]],[[[-118.65832,38.56257],[-118.65832,38.55895],[-118.66753,38.55896],[-118.66753,38.56372],[-118.65832,38.56612],[-118.65832,38.56257]]],[[[-117.91772,38.86467],[-117.91776,38.85928],[-117.92235,38.85929],[-117.92233,38.86292],[-117.92009,38.86291],[-117.91991,38.86653],[-117.91771,38.86652],[-117.91772,38.86467]]],[[[-118.69902,38.81168],[-118.69902,38.80902],[-118.70104,38.81168],[-118.69902,38.81168]]],[[[-118.71759,38.84064],[-118.71759,38.83702],[-118.72222,38.83702],[-118.72222,38.84063],[-118.71759,38.84064]]],[[[-118.92644,39.07096],[-118.92385,39.06945],[-118.92181,39.06946],[-118.92179,39.01859],[-118.91249,39.01863],[-118.91247,39.01137],[-118.90497,39.01138],[-118.90537,39.00871],[-118.90903,39.011],[-118.91069,39.01014],[-118.90816,39.00855],[-118.91141,39.00552],[-118.90978,39.00449],[-118.90685,39.00773],[-118.90316,39.00568],[-118.90316,39.00414],[-118.89426,39.00418],[-118.89424,38.98963],[-118.90315,38.98961],[-118.90316,38.98233],[-118.9119,38.98234],[-118.91013,38.98492],[-118.91173,38.98608],[-118.91265,38.98473],[-118.91736,38.98535],[-118.91793,38.98453],[-118.91946,38.98521],[-118.92157,38.98229],[-118.91973,38.98148],[-118.91935,38.98201],[-118.91862,38.9805],[-118.9168,38.98027],[-118.9178,38.97942],[-118.91625,38.9783],[-118.91244,38.98155],[-118.91244,38.97509],[-118.93055,38.97516],[-118.93035,38.96079],[-118.9217,38.96088],[-118.9217,38.95337],[-118.91248,38.95339],[-118.91259,38.93879],[-118.90334,38.9388],[-118.90338,38.93156],[-118.89431,38.93158],[-118.8943,38.92433],[-118.88501,38.92436],[-118.88496,38.90992],[-118.87565,38.90995],[-118.87563,38.90271],[-118.86632,38.90273],[-118.86633,38.88827],[-118.85706,38.88828],[-118.85707,38.88104],[-118.84779,38.88104],[-118.84781,38.8738],[-118.82921,38.87379],[-118.82925,38.86654],[-118.7968,38.86654],[-118.79681,38.85931],[-118.79215,38.85932],[-118.79216,38.85208],[-118.79101,38.85208],[-118.79101,38.84797],[-118.78174,38.84797],[-118.78174,38.8226],[-118.77248,38.8226],[-118.77249,38.81173],[-118.76786,38.81173],[-118.76787,38.80086],[-118.76324,38.80086],[-118.76324,38.79361],[-118.75861,38.7936],[-118.75863,38.7791],[-118.754,38.7791],[-118.75401,38.76561],[-118.75033,38.77201],[-118.74978,38.77443],[-118.74809,38.77626],[-118.74647,38.78114],[-118.74621,38.78682],[-118.74754,38.7899],[-118.74564,38.7936],[-118.7459,38.80482],[-118.745,38.80793],[-118.75011,38.80638],[-118.75396,38.8062],[-118.7574,38.80975],[-118.75694,38.81059],[-118.75884,38.81294],[-118.76052,38.81841],[-118.76321,38.82145],[-118.77114,38.82306],[-118.77138,38.82626],[-118.77521,38.83024],[-118.77389,38.83299],[-118.77461,38.83533],[-118.7768,38.83626],[-118.77654,38.83999],[-118.77756,38.84634],[-118.77894,38.84955],[-118.78036,38.84949],[-118.78091,38.85208],[-118.78275,38.85208],[-118.78212,38.85355],[-118.78317,38.8577],[-118.78542,38.86245],[-118.78755,38.86381],[-118.79214,38.86433],[-118.79213,38.86958],[-118.79397,38.87017],[-118.7955,38.87414],[-118.79537,38.87846],[-118.79803,38.88176],[-118.79695,38.88398],[-118.7991,38.88618],[-118.79807,38.88879],[-118.79913,38.89082],[-118.79659,38.89296],[-118.7921,38.89392],[-118.78949,38.89401],[-118.78645,38.89233],[-118.76699,38.89341],[-118.76063,38.89045],[-118.75524,38.88958],[-118.7491,38.89158],[-118.74141,38.88882],[-118.73798,38.88909],[-118.73859,38.89158],[-118.73074,38.89247],[-118.72316,38.88992],[-118.71999,38.88727],[-118.71721,38.88105],[-118.71738,38.87725],[-118.71906,38.87234],[-118.72427,38.86939],[-118.73039,38.86777],[-118.73336,38.86476],[-118.73504,38.85988],[-118.73368,38.85209],[-118.77145,38.85217],[-118.76856,38.84474],[-118.76673,38.84328],[-118.7641,38.84367],[-118.76332,38.84154],[-118.76102,38.84061],[-118.76013,38.83925],[-118.7615,38.83704],[-118.76089,38.83049],[-118.75845,38.82873],[-118.758,38.82623],[-118.75282,38.82239],[-118.7512,38.81809],[-118.74876,38.81746],[-118.74522,38.81512],[-118.74509,38.81196],[-118.74639,38.81043],[-118.74484,38.80949],[-118.74213,38.81008],[-118.74162,38.80639],[-118.73963,38.80537],[-118.73889,38.80197],[-118.73961,38.8006],[-118.73961,38.796],[-118.73844,38.79461],[-118.73798,38.79232],[-118.74058,38.78267],[-118.74319,38.77703],[-118.75129,38.76916],[-118.75357,38.76461],[-118.75196,38.76463],[-118.75302,38.76182],[-118.75339,38.76404],[-118.75663,38.76014],[-118.75636,38.75792],[-118.76126,38.75487],[-118.75989,38.75272],[-118.76043,38.75206],[-118.75815,38.75181],[-118.75909,38.75079],[-118.75861,38.75005],[-118.76054,38.7498],[-118.76083,38.74518],[-118.76344,38.74209],[-118.76341,38.73016],[-118.76608,38.72218],[-118.76407,38.72042],[-118.76386,38.71614],[-118.76183,38.71393],[-118.7627,38.71107],[-118.76211,38.70655],[-118.76515,38.70376],[-118.76812,38.69866],[-118.76765,38.69688],[-118.76574,38.69487],[-118.76572,38.69247],[-118.76631,38.69066],[-118.77071,38.68718],[-118.772,38.68452],[-118.77072,38.68016],[-118.7721,38.67675],[-118.77064,38.67549],[-118.77632,38.67555],[-118.77636,38.66831],[-118.77174,38.66832],[-118.77178,38.66107],[-118.83183,38.66106],[-118.83183,38.65382],[-118.8503,38.65382],[-118.85021,38.57375],[-118.84102,38.57381],[-118.84102,38.55925],[-118.83646,38.55931],[-118.83661,38.55569],[-118.83206,38.55575],[-118.83254,38.53056],[-118.81406,38.5307],[-118.81414,38.52337],[-118.81875,38.52338],[-118.81878,38.51973],[-118.81418,38.51971],[-118.81408,38.48725],[-118.7772,38.48658],[-118.77724,38.48307],[-118.78182,38.48325],[-118.78187,38.47859],[-118.78453,38.47664],[-118.7831,38.47544],[-118.7819,38.47619],[-118.78194,38.46549],[-118.75913,38.46516],[-118.75921,38.47608],[-118.75021,38.4759],[-118.75007,38.46871],[-118.74098,38.46861],[-118.74094,38.46505],[-118.73181,38.46501],[-118.73173,38.45793],[-118.72257,38.45794],[-118.72254,38.45436],[-118.73171,38.45436],[-118.73167,38.44721],[-118.74085,38.44723],[-118.74084,38.44367],[-118.75,38.44366],[-118.75008,38.42938],[-118.76359,38.42484],[-118.76946,38.42008],[-118.76923,38.41881],[-118.76705,38.4175],[-118.76928,38.41527],[-118.77206,38.41395],[-118.77139,38.41175],[-118.76991,38.41178],[-118.77011,38.41129],[-118.77299,38.41036],[-118.77366,38.40738],[-118.77835,38.40499],[-118.78286,38.399],[-118.78563,38.3962],[-118.78995,38.39354],[-118.79157,38.39065],[-118.79523,38.38787],[-118.80306,38.37892],[-118.80912,38.37468],[-118.84029,38.36453],[-118.85136,38.36323],[-118.87362,38.36484],[-118.89062,38.36129],[-118.89241,38.35967],[-118.8924,38.36072],[-118.90161,38.36072],[-118.90162,38.36019],[-118.90546,38.36562],[-118.90341,38.36767],[-118.90307,38.36991],[-118.90081,38.37421],[-118.90156,38.37825],[-118.90002,38.38197],[-118.89864,38.40812],[-118.90092,38.4226],[-118.90625,38.43653],[-118.90645,38.49007],[-118.90018,38.49371],[-118.89476,38.49958],[-118.89503,38.50121],[-118.89299,38.50401],[-118.89521,38.50771],[-118.90453,38.51243],[-118.90651,38.51434],[-118.9075,38.76466],[-118.90213,38.76466],[-118.90215,38.85193],[-119.01453,38.85196],[-119.01486,38.94519],[-119.0128,38.94827],[-119.00661,38.94844],[-119.00669,38.95014],[-118.97127,38.96385],[-118.97204,38.96509],[-119.00785,38.9506],[-119.01131,38.95051],[-118.93348,39.06942],[-118.92644,39.06944],[-118.92644,39.07096]]],[[[-118.9078,38.99194],[-118.90568,38.99189],[-118.90561,38.99353],[-118.91089,38.99366],[-118.91095,38.99201],[-118.9078,38.99194]]],[[[-118.93799,38.97253],[-118.93679,38.97103],[-118.93161,38.97181],[-118.93281,38.9733],[-118.93799,38.97253]]],[[[-118.83261,38.48725],[-118.83262,38.48365],[-118.83722,38.48375],[-118.83723,38.48016],[-118.828,38.48006],[-118.82798,38.4945],[-118.83261,38.49451],[-118.83261,38.48725]]],[[[-118.76365,38.45798],[-118.75906,38.45789],[-118.75909,38.46152],[-118.76824,38.46168],[-118.76823,38.45807],[-118.76365,38.45798]]],[[[-118.78652,38.44765],[-118.78199,38.44761],[-118.78197,38.45118],[-118.78651,38.45123],[-118.78652,38.44765]]],[[[-118.75921,38.42933],[-118.75465,38.42935],[-118.75463,38.43293],[-118.7592,38.43291],[-118.75918,38.4365],[-118.76374,38.4366],[-118.76375,38.42945],[-118.75921,38.42933]]],[[[-118.15314,39.24992],[-118.15351,39.24964],[-118.15317,39.25046],[-118.15314,39.24992]]],[[[-118.99615,39.10209],[-118.99637,39.11288],[-118.99617,39.11288],[-118.99615,39.10209]]],[[[-119.00076,39.11416],[-118.9995,39.11343],[-119.00076,39.11336],[-119.00076,39.11416]]],[[[-119.01357,39.11289],[-119.01242,39.11289],[-119.01431,39.11286],[-119.01403,39.12894],[-119.01539,39.12898],[-119.01353,39.12898],[-119.01357,39.11289]]],[[[-118.90319,39.15657],[-118.92152,39.15643],[-118.92151,39.15681],[-118.90319,39.15657]]],[[[-119.0321,39.13259],[-119.0321,39.12913],[-119.03275,39.12914],[-119.03309,39.13622],[-119.03211,39.13621],[-119.0321,39.13259]]],[[[-119.04144,39.13644],[-119.04213,39.13632],[-119.04222,39.14349],[-119.04143,39.14349],[-119.04144,39.13644]]],[[[-118.92178,39.14927],[-118.99614,39.14916],[-118.99613,39.15643],[-119.01082,39.15643],[-118.99593,39.15717],[-118.99593,39.14983],[-118.92178,39.14981],[-118.92178,39.14927]]],[[[-119.08797,39.14608],[-119.0853,39.14394],[-119.08909,39.14693],[-119.08879,39.15041],[-119.08797,39.15041],[-119.08797,39.14608]]],[[[-119.01444,39.16165],[-119.04145,39.16158],[-119.04146,39.16177],[-119.01444,39.16165]]],[[[-119.1018,39.15804],[-119.09927,39.1545],[-119.10212,39.15845],[-119.1018,39.15804]]],[[[-119.10459,39.16167],[-119.10449,39.16154],[-119.1047,39.16181],[-119.10459,39.16167]]],[[[-119.07721,39.16528],[-119.10739,39.16529],[-119.10749,39.16542],[-119.07721,39.16528]]],[[[-118.65051,39.4275],[-118.65049,39.42385],[-118.65993,39.42383],[-118.65995,39.43113],[-118.65053,39.43114],[-118.65051,39.4275]]],[[[-119.09957,39.37386],[-119.09957,39.37386],[-119.09961,39.37386],[-119.09957,39.37386]]],[[[-119.08092,39.38825],[-119.08085,39.37368],[-119.09957,39.37386],[-119.09984,39.38802],[-119.08092,39.38825]]],[[[-119.02466,39.40217],[-119.02477,39.38765],[-119.04348,39.3879],[-119.04309,39.4024],[-119.02466,39.40217]]],[[[-119.09984,39.38802],[-119.11796,39.38869],[-119.11799,39.39577],[-119.09963,39.39525],[-119.09984,39.38802]]],[[[-119.06147,39.40167],[-119.06218,39.38745],[-119.08092,39.38825],[-119.08041,39.403],[-119.06147,39.40167]]],[[[-119.04332,39.41694],[-119.04309,39.4024],[-119.06147,39.40167],[-119.06208,39.4167],[-119.04332,39.41694]]],[[[-118.98764,39.41649],[-119.00597,39.4165],[-119.00589,39.43102],[-118.98764,39.43084],[-118.98764,39.41649]]],[[[-119.02463,39.43124],[-119.02467,39.4167],[-119.04332,39.41694],[-119.04319,39.43153],[-119.02463,39.43124]]],[[[-119.00589,39.43102],[-119.02463,39.43124],[-119.02461,39.4385],[-119.00582,39.43828],[-119.00589,39.43102]]],[[[-118.75711,39.49311],[-118.75711,39.49214],[-118.75917,39.49114],[-118.75914,39.48981],[-118.76005,39.48983],[-118.76015,39.49125],[-118.76124,39.49131],[-118.76124,39.4931],[-118.75711,39.49311]]],[[[-119.11795,39.43546],[-119.11797,39.43184],[-119.11795,39.44636],[-119.11795,39.43546]]],[[[-119.00564,39.47471],[-119.00577,39.46016],[-119.02442,39.46037],[-119.0243,39.46755],[-119.01965,39.46752],[-119.0196,39.47112],[-119.01496,39.47111],[-119.01491,39.47472],[-119.00564,39.47471]]],[[[-118.57482,39.55231],[-118.57484,39.54874],[-118.5796,39.54862],[-118.57958,39.55584],[-118.57481,39.55587],[-118.57482,39.55231]]],[[[-119.11792,39.47537],[-119.11792,39.46815],[-119.11793,39.46091],[-119.11792,39.47537]]],[[[-119.08047,39.48967],[-119.06172,39.48948],[-119.06156,39.47488],[-119.08049,39.47515],[-119.08047,39.48967]]],[[[-119.09927,39.4899],[-119.09942,39.47539],[-119.11792,39.47537],[-119.11788,39.48989],[-119.09927,39.4899]]],[[[-118.98978,39.51104],[-118.9898,39.5074],[-118.99214,39.50743],[-118.99209,39.51472],[-118.98976,39.51469],[-118.98978,39.51104]]],[[[-118.07941,39.68888],[-118.07942,39.68707],[-118.08059,39.68707],[-118.08058,39.68888],[-118.07941,39.68888]]],[[[-119.08045,39.50418],[-119.08047,39.48967],[-119.09927,39.4899],[-119.09899,39.50444],[-119.08045,39.50418]]],[[[-119.11784,39.50442],[-119.1179,39.48989],[-119.11788,39.50442],[-119.11784,39.50442]]],[[[-118.58438,39.6031],[-118.58439,39.59946],[-118.59383,39.59947],[-118.59382,39.60677],[-118.58438,39.60675],[-118.58438,39.6031]]],[[[-119.08045,39.50418],[-119.08112,39.51865],[-119.06224,39.51859],[-119.06178,39.50404],[-119.08045,39.50418]]],[[[-119.09899,39.50444],[-119.11784,39.50442],[-119.11786,39.51907],[-119.09987,39.51891],[-119.09899,39.50444]]],[[[-119.09019,39.5517],[-119.09024,39.54807],[-119.09005,39.56254],[-119.09019,39.5517]]],[[[-119.00539,39.58079],[-119.00552,39.59147],[-119.00537,39.59147],[-119.00539,39.58079]]],[[[-118.96852,39.60633],[-118.96854,39.60632],[-118.96854,39.60633],[-118.96852,39.60633]]],[[[-118.85207,39.65481],[-118.85207,39.65113],[-118.87067,39.65111],[-118.87091,39.66607],[-118.85207,39.66601],[-118.85207,39.65481]]],[[[-118.26857,39.89876],[-118.26859,39.88426],[-118.2874,39.88426],[-118.28737,39.89876],[-118.26857,39.89876]]],[[[-118.77629,39.80383],[-118.7763,39.81109],[-118.77626,39.81109],[-118.77629,39.80383]]],[[[-118.24979,39.91326],[-118.24978,39.89877],[-118.26857,39.89876],[-118.26858,39.91325],[-118.24979,39.91326]]],[[[-118.231,39.92775],[-118.23098,39.91326],[-118.24979,39.91326],[-118.2498,39.92775],[-118.231,39.92775]]],[[[-118.26859,39.92774],[-118.26858,39.91325],[-118.28738,39.91325],[-118.2874,39.92774],[-118.26859,39.92774]]],[[[-118.21218,39.94224],[-118.21217,39.92775],[-118.231,39.92775],[-118.23102,39.94225],[-118.21218,39.94224]]],[[[-118.58885,39.88358],[-118.57032,39.88361],[-118.57032,39.88478],[-118.57029,39.88334],[-118.58885,39.88358]]],[[[-118.24981,39.94224],[-118.2498,39.92775],[-118.26859,39.92774],[-118.2686,39.94223],[-118.24981,39.94224]]],[[[-118.60806,39.88363],[-118.60806,39.88335],[-118.62688,39.88364],[-118.60806,39.88363]]],[[[-118.17463,39.96706],[-118.17465,39.96392],[-118.17679,39.96393],[-118.17677,39.96706],[-118.17463,39.96706]]],[[[-118.55165,39.89795],[-118.55165,39.8978],[-118.57029,39.89781],[-118.55165,39.89795]]],[[[-118.23103,39.95673],[-118.23102,39.94225],[-118.24981,39.94224],[-118.24983,39.95673],[-118.23103,39.95673]]],[[[-118.19337,39.97122],[-118.19171,39.97121],[-118.19173,39.96711],[-118.17932,39.96707],[-118.17933,39.96393],[-118.19338,39.96396],[-118.19337,39.97122]]],[[[-118.26861,39.95673],[-118.2686,39.94223],[-118.28741,39.94223],[-118.28743,39.95673],[-118.26861,39.95673]]],[[[-118.21221,39.97122],[-118.2122,39.95672],[-118.23103,39.95673],[-118.23105,39.97123],[-118.21221,39.97122]]],[[[-118.30624,39.95672],[-118.30622,39.94223],[-118.32452,39.94223],[-118.32452,39.95672],[-118.30624,39.95672]]],[[[-118.24984,39.97122],[-118.24983,39.95673],[-118.26861,39.95673],[-118.26862,39.97123],[-118.24984,39.97122]]],[[[-118.34333,39.95672],[-118.34333,39.94223],[-118.36216,39.94222],[-118.36216,39.95672],[-118.34333,39.95672]]],[[[-118.28744,39.97122],[-118.28743,39.95673],[-118.30624,39.95672],[-118.30625,39.97122],[-118.28744,39.97122]]],[[[-118.381,39.95672],[-118.381,39.94223],[-118.39984,39.94224],[-118.39986,39.95673],[-118.381,39.95672]]],[[[-118.23104,39.98572],[-118.23105,39.97123],[-118.24984,39.97122],[-118.24984,39.98572],[-118.23104,39.98572]]],[[[-118.32452,39.97123],[-118.32452,39.95672],[-118.34333,39.95672],[-118.34333,39.97122],[-118.32452,39.97123]]],[[[-118.1542,39.99946],[-118.17325,39.99937],[-118.17326,40.00216],[-118.15421,40.0022],[-118.1542,39.99946]]],[[[-118.17325,39.99937],[-118.17308,39.98479],[-118.15408,39.98487],[-118.1542,39.99946],[-118.14477,39.99947],[-118.14477,40.00222],[-118.01598,40.00241],[-118.01365,40.00113],[-118.01261,40.00241],[-117.99818,40.00242],[-117.54073,40.0011],[-117.54159,39.99926],[-117.54109,39.99799],[-117.53051,39.99],[-117.53135,39.98737],[-117.52539,39.9816],[-117.52378,39.97671],[-117.52169,39.97522],[-117.52033,39.97136],[-117.51868,39.97031],[-117.51336,39.96968],[-117.50581,39.96726],[-117.50815,39.96489],[-117.50786,39.96084],[-117.50429,39.95691],[-117.505,39.95529],[-117.50273,39.95394],[-117.50216,39.95186],[-117.49238,39.94756],[-117.49013,39.94613],[-117.48764,39.94304],[-117.48177,39.94302],[-117.47812,39.93977],[-117.47716,39.93755],[-117.4777,39.93669],[-117.47619,39.93562],[-117.47494,39.93327],[-117.47605,39.93275],[-117.47553,39.93118],[-117.4717,39.92574],[-117.47127,39.92339],[-117.46935,39.9213],[-117.47048,39.91705],[-117.46748,39.91358],[-117.46644,39.91099],[-117.46812,39.90806],[-117.46817,39.90648],[-117.46653,39.90187],[-117.46654,39.89612],[-117.46429,39.89377],[-117.46398,39.89148],[-117.46253,39.89089],[-117.46313,39.8887],[-117.46168,39.88804],[-117.46204,39.88564],[-117.46127,39.8829],[-117.4627,39.88069],[-117.46271,39.8788],[-117.46157,39.87344],[-117.46258,39.87139],[-117.4613,39.86956],[-117.46201,39.86691],[-117.46133,39.86526],[-117.46367,39.86355],[-117.46595,39.86348],[-117.46457,39.86106],[-117.46421,39.85814],[-117.47017,39.85406],[-117.47043,39.85232],[-117.46859,39.84902],[-117.47258,39.84334],[-117.47187,39.84213],[-117.47243,39.83994],[-117.47169,39.83747],[-117.47465,39.83603],[-117.47795,39.83726],[-117.47946,39.83677],[-117.48021,39.83603],[-117.4799,39.83489],[-117.48346,39.83368],[-117.48259,39.83256],[-117.48309,39.82931],[-117.48754,39.82604],[-117.48601,39.82223],[-117.48707,39.82077],[-117.48709,39.81838],[-117.4831,39.81108],[-117.48727,39.80857],[-117.48869,39.80629],[-117.48888,39.80262],[-117.48667,39.7986],[-117.48715,39.79553],[-117.48836,39.7949],[-117.48848,39.79148],[-117.48552,39.78617],[-117.4864,39.78365],[-117.4851,39.78254],[-117.48655,39.78054],[-117.48897,39.77962],[-117.48967,39.77683],[-117.49394,39.77276],[-117.49329,39.77068],[-117.49524,39.76828],[-117.49387,39.76603],[-117.49381,39.76494],[-117.49504,39.76359],[-117.4942,39.76136],[-117.49576,39.75904],[-117.49465,39.75643],[-117.49532,39.75503],[-117.49371,39.75368],[-117.49434,39.74688],[-117.48823,39.74539],[-117.48589,39.74201],[-117.48367,39.74067],[-117.47828,39.73958],[-117.47734,39.73896],[-117.47707,39.73597],[-117.47431,39.73417],[-117.47635,39.7288],[-117.47907,39.7249],[-117.4787,39.72358],[-117.4801,39.72027],[-117.48693,39.71227],[-117.48675,39.71115],[-117.48418,39.709],[-117.48365,39.70714],[-117.48653,39.70456],[-117.48633,39.70144],[-117.48024,39.69349],[-117.47966,39.69114],[-117.47174,39.68712],[-117.46655,39.68126],[-117.46493,39.68037],[-117.46432,39.67824],[-117.46539,39.67607],[-117.46928,39.67455],[-117.46764,39.67345],[-117.46961,39.67283],[-117.47011,39.67127],[-117.47362,39.66947],[-117.47389,39.66785],[-117.47132,39.66597],[-117.47186,39.66113],[-117.47352,39.65928],[-117.4761,39.65828],[-117.47798,39.656],[-117.47811,39.65194],[-117.47976,39.65054],[-117.48004,39.64916],[-117.48582,39.64621],[-117.48594,39.64432],[-117.48424,39.64199],[-117.48056,39.64057],[-117.47837,39.63803],[-117.47622,39.63775],[-117.47266,39.63431],[-117.46854,39.63353],[-117.46673,39.63478],[-117.4639,39.63326],[-117.46251,39.62833],[-117.46285,39.62611],[-117.46142,39.62496],[-117.46338,39.62099],[-117.46743,39.61847],[-117.47128,39.6141],[-117.47619,39.61138],[-117.47634,39.61223],[-117.47844,39.61194],[-117.47813,39.61024],[-117.47892,39.60847],[-117.48108,39.60847],[-117.48132,39.60498],[-117.48203,39.60498],[-117.48203,39.60711],[-117.48321,39.60711],[-117.48321,39.603],[-117.48108,39.603],[-117.48108,39.60436],[-117.47898,39.60401],[-117.47919,39.60244],[-117.4807,39.60057],[-117.47939,39.59963],[-117.47992,39.59814],[-117.47893,39.59747],[-117.47721,39.59282],[-117.47785,39.59125],[-117.47612,39.58584],[-117.47581,39.58133],[-117.47645,39.57798],[-117.48097,39.568],[-117.48005,39.56067],[-117.48183,39.55725],[-117.48111,39.55611],[-117.48142,39.55323],[-117.48508,39.54974],[-117.48425,39.54393],[-117.48511,39.54266],[-117.49083,39.53984],[-117.49444,39.53237],[-117.50026,39.528],[-117.50835,39.52894],[-117.50994,39.52931],[-117.51845,39.53588],[-117.52252,39.53197],[-117.52608,39.53263],[-117.53069,39.52854],[-117.53488,39.5262],[-117.54416,39.5248],[-117.54861,39.52533],[-117.55299,39.5276],[-117.556,39.52746],[-117.55756,39.525],[-117.56142,39.52244],[-117.5657,39.51713],[-117.57149,39.51769],[-117.5776,39.5166],[-117.5793,39.51774],[-117.58924,39.51564],[-117.58825,39.51357],[-117.58817,39.51018],[-117.58712,39.50946],[-117.58863,39.50683],[-117.58664,39.50409],[-117.58662,39.50223],[-117.58906,39.49955],[-117.59583,39.49779],[-117.59694,39.49603],[-117.60075,39.49315],[-117.60148,39.48904],[-117.61429,39.48815],[-117.61551,39.48065],[-117.61854,39.47835],[-117.6199,39.47586],[-117.62288,39.47444],[-117.62496,39.47387],[-117.63104,39.47517],[-117.63305,39.47408],[-117.63606,39.47047],[-117.63972,39.46934],[-117.64097,39.4678],[-117.64551,39.46849],[-117.64894,39.46583],[-117.65527,39.46556],[-117.65473,39.46333],[-117.65665,39.46096],[-117.6546,39.45863],[-117.65109,39.45662],[-117.6474,39.45735],[-117.64344,39.45639],[-117.6363,39.45039],[-117.63916,39.44504],[-117.63768,39.43802],[-117.64199,39.43389],[-117.64179,39.42835],[-117.64507,39.42475],[-117.64922,39.42527],[-117.65288,39.42353],[-117.6658,39.42291],[-117.66741,39.42175],[-117.6708,39.42222],[-117.67463,39.42057],[-117.67558,39.41651],[-117.67558,39.41149],[-117.67997,39.41104],[-117.68097,39.41029],[-117.68144,39.40776],[-117.68004,39.4044],[-117.68429,39.39932],[-117.68493,39.39603],[-117.68694,39.39314],[-117.69025,39.39045],[-117.69199,39.38711],[-117.69623,39.38383],[-117.70665,39.38243],[-117.70936,39.37946],[-117.71511,39.38137],[-117.71982,39.38142],[-117.72448,39.37875],[-117.72998,39.37832],[-117.73827,39.37954],[-117.74584,39.38376],[-117.75,39.38161],[-117.7498,39.37939],[-117.75299,39.37524],[-117.75526,39.37402],[-117.75571,39.36973],[-117.7588,39.36726],[-117.75805,39.36315],[-117.76116,39.35776],[-117.76072,39.35576],[-117.76155,39.35245],[-117.75862,39.34959],[-117.75835,39.34453],[-117.75598,39.34311],[-117.75667,39.3413],[-117.75948,39.33852],[-117.75947,39.33345],[-117.75854,39.33161],[-117.75494,39.3294],[-117.75515,39.32815],[-117.75339,39.32595],[-117.7531,39.3239],[-117.75079,39.32116],[-117.75067,39.31954],[-117.75179,39.31829],[-117.75049,39.3156],[-117.75192,39.30973],[-117.74564,39.30717],[-117.74344,39.30583],[-117.74271,39.30448],[-117.74264,39.30271],[-117.74404,39.30141],[-117.74199,39.30019],[-117.74071,39.2968],[-117.73845,39.29524],[-117.74081,39.29235],[-117.74144,39.28767],[-117.74252,39.28582],[-117.74037,39.2839],[-117.73183,39.27956],[-117.73048,39.27571],[-117.73102,39.27363],[-117.72921,39.26952],[-117.73047,39.26659],[-117.72629,39.26223],[-117.7248,39.25566],[-117.72185,39.24795],[-117.71495,39.24763],[-117.71391,39.24819],[-117.71299,39.24668],[-117.71378,39.24329],[-117.71705,39.24073],[-117.71661,39.23854],[-117.71724,39.23703],[-117.71972,39.23531],[-117.71897,39.23314],[-117.72018,39.23025],[-117.71871,39.22657],[-117.71928,39.22466],[-117.7209,39.22318],[-117.71945,39.21966],[-117.72207,39.21624],[-117.72188,39.21435],[-117.71906,39.21106],[-117.72552,39.2118],[-117.73447,39.20841],[-117.73521,39.20396],[-117.7376,39.20079],[-117.7402,39.19907],[-117.74156,39.19629],[-117.74338,39.19519],[-117.74144,39.19182],[-117.74367,39.18939],[-117.74649,39.18889],[-117.74736,39.18753],[-117.75063,39.18626],[-117.75232,39.184],[-117.7601,39.18448],[-117.76197,39.18391],[-117.76505,39.18115],[-117.76538,39.17738],[-117.77085,39.17409],[-117.77261,39.17197],[-117.77505,39.17164],[-117.782,39.1745],[-117.78431,39.17259],[-117.7845,39.17],[-117.7857,39.16841],[-117.78784,39.16801],[-117.78803,39.17007],[-117.79125,39.16892],[-117.79043,39.16599],[-117.78791,39.16301],[-117.78913,39.16113],[-117.79192,39.15961],[-117.79158,39.15743],[-117.78933,39.1564],[-117.78658,39.15249],[-117.78432,39.15133],[-117.78408,39.14961],[-117.78568,39.14781],[-117.78828,39.14898],[-117.79019,39.14749],[-117.79277,39.14691],[-117.79297,39.14317],[-117.7961,39.14415],[-117.79994,39.14309],[-117.80388,39.14498],[-117.80585,39.14398],[-117.80554,39.14072],[-117.80078,39.13739],[-117.79906,39.1368],[-117.79336,39.1385],[-117.79028,39.13663],[-117.79034,39.13372],[-117.78877,39.13085],[-117.78875,39.1285],[-117.79287,39.1263],[-117.79193,39.1233],[-117.79517,39.12086],[-117.79204,39.1182],[-117.79234,39.11385],[-117.78876,39.10891],[-117.7836,39.10609],[-117.77731,39.09948],[-117.77678,39.09793],[-117.77742,39.09677],[-117.77549,39.09342],[-117.75961,39.09605],[-117.75994,39.02821],[-117.80461,39.02766],[-117.80474,39.01319],[-117.80932,39.01311],[-117.80954,39.00589],[-117.80495,39.00598],[-117.80515,38.99897],[-117.81435,38.99859],[-117.81447,38.99137],[-117.82366,38.99114],[-117.82402,38.97676],[-117.83321,38.97636],[-117.83339,38.88112],[-117.89991,38.88088],[-117.89991,38.88372],[-117.90781,38.884],[-117.9078,38.88088],[-117.91015,38.8809],[-117.9103,38.87729],[-117.91498,38.87733],[-117.91484,38.88095],[-117.91953,38.881],[-117.91945,38.88646],[-117.9148,38.88643],[-117.91474,38.8919],[-117.92173,38.89192],[-117.92178,38.88647],[-117.92407,38.88649],[-117.92418,38.88286],[-117.92652,38.88289],[-117.92657,38.88108],[-117.9289,38.88109],[-117.92894,38.87743],[-117.93128,38.87745],[-117.93141,38.87199],[-117.94078,38.87202],[-117.94083,38.8702],[-117.9455,38.87022],[-117.94563,38.8611],[-117.93862,38.86111],[-117.9386,38.85566],[-117.93625,38.85566],[-117.93625,38.85204],[-117.92722,38.85197],[-117.92644,38.76816],[-118.02559,38.76927],[-117.69153,38.47356],[-117.95286,38.24606],[-118.24408,37.99014],[-118.24403,37.99338],[-118.31597,37.99322],[-118.38788,37.99452],[-118.38821,38.00906],[-118.46081,38.0098],[-118.4615,38.06769],[-118.47061,38.19692],[-118.47233,38.22576],[-118.47286,38.25473],[-118.6096,38.25467],[-118.57795,38.36019],[-118.58038,38.38635],[-118.58148,38.39112],[-118.60225,38.41565],[-118.48423,38.41495],[-118.48335,38.54674],[-118.46545,38.54734],[-118.44342,38.54673],[-118.44326,38.55049],[-118.43862,38.55049],[-118.43878,38.54675],[-118.42949,38.54678],[-118.42894,38.56163],[-118.46546,38.56204],[-118.46545,38.59139],[-118.55779,38.59068],[-118.55779,38.60598],[-118.57672,38.60598],[-118.57672,38.61945],[-118.62317,38.61945],[-118.62909,38.62224],[-118.62992,38.62469],[-118.63566,38.62873],[-118.63834,38.63168],[-118.63996,38.63609],[-118.64739,38.64193],[-118.65862,38.65712],[-118.66431,38.66174],[-118.66403,38.66293],[-118.65581,38.66922],[-118.65525,38.67086],[-118.65679,38.67521],[-118.65647,38.67744],[-118.66066,38.67744],[-118.65905,38.68459],[-118.65724,38.6887],[-118.65649,38.69478],[-118.65527,38.69718],[-118.65581,38.70275],[-118.65796,38.70817],[-118.66006,38.72377],[-118.65958,38.72747],[-118.65549,38.73546],[-118.65373,38.74078],[-118.65394,38.74996],[-118.65601,38.75329],[-118.66027,38.75546],[-118.67337,38.75951],[-118.67946,38.76331],[-118.68401,38.77542],[-118.69986,38.77542],[-118.70266,38.78203],[-118.70775,38.78996],[-118.62005,38.78926],[-118.62008,38.85205],[-118.45868,38.85206],[-118.45867,38.93868],[-118.47724,38.93869],[-118.47731,39.11251],[-118.53308,39.11258],[-118.5331,39.12708],[-118.56984,39.1271],[-118.56984,39.14159],[-118.53311,39.14157],[-118.53323,39.19817],[-118.57381,39.19818],[-118.57381,39.20542],[-118.63901,39.20542],[-118.639,39.19818],[-118.73976,39.19818],[-118.7386,39.16351],[-118.73939,39.15336],[-118.74118,39.14902],[-118.74422,39.14501],[-118.748,39.1418],[-118.79224,39.14184],[-118.79225,39.17083],[-118.90293,39.17098],[-118.8481,39.17129],[-118.84812,39.18532],[-118.86675,39.18534],[-118.86677,39.19821],[-118.89041,39.1982],[-118.89041,39.22721],[-118.90904,39.2272],[-118.90905,39.24169],[-118.93235,39.24169],[-118.93236,39.25618],[-118.951,39.25618],[-118.95102,39.27067],[-118.96967,39.27068],[-118.96969,39.28548],[-118.98773,39.28548],[-118.98776,39.29998],[-119.00681,39.29998],[-119.00681,39.31557],[-119.02549,39.31561],[-119.02551,39.33009],[-119.04422,39.33012],[-119.04427,39.34457],[-119.06291,39.34462],[-119.06231,39.34488],[-119.0623,39.35932],[-119.08089,39.3594],[-119.08085,39.37368],[-119.06218,39.37361],[-119.06221,39.36666],[-119.04353,39.36666],[-119.0435,39.37357],[-119.06218,39.37361],[-119.06218,39.38745],[-119.04348,39.3879],[-119.04349,39.38074],[-119.02471,39.38034],[-119.02477,39.38765],[-119.00605,39.3876],[-119.00598,39.40215],[-119.02466,39.40217],[-119.02467,39.4167],[-119.00597,39.4165],[-119.00598,39.40932],[-118.98763,39.40928],[-118.98764,39.41649],[-118.96886,39.41639],[-118.96884,39.40192],[-118.93131,39.40177],[-118.9313,39.38723],[-118.92195,39.38721],[-118.92197,39.37267],[-118.95049,39.37269],[-118.95048,39.35795],[-118.92249,39.35795],[-118.92248,39.32896],[-118.93181,39.32896],[-118.9318,39.28548],[-118.85723,39.28531],[-118.85728,39.25627],[-118.76428,39.25645],[-118.76401,39.26023],[-118.73775,39.26548],[-118.73177,39.26571],[-118.72664,39.26719],[-118.69934,39.26741],[-118.68872,39.26563],[-118.67008,39.26788],[-118.67005,39.27064],[-118.62977,39.27064],[-118.62978,39.28618],[-118.63142,39.28618],[-118.63149,39.31458],[-118.62213,39.31473],[-118.62213,39.31652],[-118.62446,39.31652],[-118.62445,39.31833],[-118.62679,39.31829],[-118.62678,39.32011],[-118.63146,39.32004],[-118.63144,39.41655],[-118.61253,39.41665],[-118.61267,39.43113],[-118.59372,39.43123],[-118.5939,39.44582],[-118.5563,39.44619],[-118.55605,39.46082],[-118.49994,39.46061],[-118.50008,39.47513],[-118.48168,39.47513],[-118.48163,39.50411],[-118.46292,39.50414],[-118.46285,39.54826],[-118.44409,39.54822],[-118.44408,39.56105],[-118.40631,39.56105],[-118.40632,39.57554],[-118.3876,39.57553],[-118.38762,39.60452],[-118.36888,39.60452],[-118.36889,39.63642],[-118.36179,39.63629],[-118.36133,39.66507],[-118.3603,39.67921],[-118.34263,39.67928],[-118.34283,39.72463],[-118.32407,39.7247],[-118.32453,39.76804],[-118.306,39.76807],[-118.30628,39.82609],[-118.28749,39.82612],[-118.28743,39.86972],[-118.2686,39.86972],[-118.26859,39.88426],[-118.24979,39.88425],[-118.24978,39.89877],[-118.23097,39.89877],[-118.23098,39.91326],[-118.21215,39.91326],[-118.21217,39.92775],[-118.1934,39.92774],[-118.19339,39.94223],[-118.21218,39.94224],[-118.2122,39.95672],[-118.19338,39.95671],[-118.19339,39.94947],[-118.17465,39.94946],[-118.17465,39.9567],[-118.16522,39.9567],[-118.16519,39.9659],[-118.15586,39.96593],[-118.15585,39.96757],[-118.14856,39.9676],[-118.14894,39.96921],[-118.14582,39.96921],[-118.14574,39.97251],[-118.14771,39.9725],[-118.14684,39.97473],[-118.1572,39.97506],[-118.15782,39.97348],[-118.16044,39.9742],[-118.15806,39.97536],[-118.16036,39.97615],[-118.16008,39.97778],[-118.16458,39.97557],[-118.1643,39.9772],[-118.16965,39.97716],[-118.16994,39.97553],[-118.17459,39.97706],[-118.17458,39.98478],[-118.19204,39.98472],[-118.19218,39.99931],[-118.17325,39.99937]]],[[[-118.09285,39.97075],[-118.09218,39.95274],[-118.08748,39.95273],[-118.08761,39.95634],[-118.08291,39.95632],[-118.08334,39.9671],[-118.08802,39.96713],[-118.08816,39.97073],[-118.09285,39.97075]]],[[[-117.90327,39.98948],[-117.90222,39.98889],[-117.89907,39.99215],[-117.90424,39.99499],[-117.90741,39.99169],[-117.90327,39.98948]]],[[[-117.89846,39.98982],[-117.89822,39.99093],[-117.90015,39.99093],[-117.90015,39.98982],[-117.89846,39.98982]]],[[[-118.0014,39.9421],[-118.00083,39.94043],[-118.00297,39.94054],[-118.00331,39.93643],[-118.00118,39.93632],[-118.0013,39.93481],[-117.99917,39.93471],[-117.99867,39.94059],[-118.0008,39.94682],[-118.00306,39.94694],[-118.0014,39.9421]]],[[[-118.00815,39.93483],[-118.01082,39.93802],[-118.01262,39.93713],[-118.00973,39.93367],[-118.00815,39.93483]]],[[[-117.98875,39.93145],[-117.98834,39.93174],[-117.99257,39.93144],[-117.98875,39.93145]]],[[[-117.99646,39.92622],[-117.99599,39.9245],[-117.99539,39.92479],[-117.99345,39.91759],[-117.99152,39.91855],[-117.99347,39.92575],[-117.99149,39.92672],[-117.99196,39.92845],[-117.99646,39.92622]]],[[[-117.99093,39.90739],[-117.98983,39.90669],[-117.98859,39.90784],[-117.98722,39.90696],[-117.98585,39.90823],[-117.99407,39.91349],[-117.99544,39.91223],[-117.98969,39.90854],[-117.99093,39.90739]]],[[[-118.00124,39.88771],[-118.00137,39.88406],[-117.98351,39.88393],[-117.98374,39.88775],[-118.00124,39.88771]]],[[[-118.19201,39.85277],[-118.19253,39.853],[-118.19852,39.84621],[-118.2033,39.84705],[-118.20363,39.84373],[-118.19839,39.8428],[-118.19746,39.84469],[-118.19339,39.84257],[-118.19281,39.83848],[-118.19309,39.83782],[-118.19506,39.83832],[-118.19546,39.83512],[-118.19021,39.83361],[-118.18487,39.83345],[-118.18469,39.83627],[-118.18206,39.83591],[-118.18168,39.83753],[-118.18406,39.83786],[-118.18361,39.83931],[-118.18485,39.83955],[-118.18204,39.84238],[-118.18426,39.84443],[-118.18261,39.84661],[-118.17977,39.84534],[-118.1787,39.84676],[-118.18093,39.84776],[-118.17568,39.84851],[-118.17851,39.84978],[-118.18376,39.84903],[-118.19201,39.85277]]],[[[-118.04962,39.84745],[-118.04785,39.84496],[-118.04316,39.84693],[-118.04387,39.84793],[-118.03864,39.8471],[-118.03999,39.84899],[-118.04118,39.84918],[-118.04038,39.84932],[-118.04069,39.85039],[-118.04336,39.84953],[-118.04521,39.84982],[-118.04962,39.84745]]],[[[-118.05093,39.80452],[-118.04609,39.80439],[-118.04607,39.80804],[-118.05092,39.80817],[-118.05093,39.80452]]],[[[-118.0803,39.77157],[-118.08506,39.77161],[-118.08503,39.76793],[-118.08978,39.76797],[-118.08987,39.76057],[-118.08512,39.76054],[-118.08503,39.76793],[-118.08028,39.76789],[-118.0803,39.77157],[-118.06581,39.77143],[-118.06552,39.79359],[-118.0607,39.79363],[-118.06063,39.79735],[-118.0558,39.79725],[-118.05578,39.80095],[-118.0702,39.8009],[-118.07063,39.78254],[-118.07549,39.78257],[-118.07548,39.77521],[-118.08032,39.77524],[-118.0803,39.77157]]],[[[-117.6682,39.79913],[-117.67284,39.79915],[-117.67285,39.79552],[-117.6682,39.79551],[-117.6682,39.79913],[-117.66355,39.79912],[-117.66356,39.80274],[-117.6682,39.80276],[-117.6682,39.79913]]],[[[-118.11085,39.70863],[-118.10616,39.70864],[-118.10616,39.71589],[-118.11554,39.71588],[-118.11554,39.70863],[-118.11085,39.70863]]],[[[-118.04307,39.68705],[-118.04296,39.67245],[-118.03362,39.67243],[-118.03373,39.68699],[-118.04307,39.68705],[-118.04311,39.69066],[-118.02431,39.69056],[-118.0243,39.68693],[-118.01489,39.68696],[-118.0149,39.69419],[-118.00547,39.6942],[-118.00585,39.70881],[-118.01528,39.70886],[-118.0149,39.69419],[-118.02433,39.69419],[-118.02434,39.70149],[-118.04322,39.7015],[-118.04282,39.71571],[-118.08055,39.71607],[-118.08054,39.69431],[-118.09871,39.69451],[-118.09823,39.67965],[-118.11556,39.67963],[-118.11557,39.65064],[-118.14369,39.65069],[-118.14368,39.63618],[-118.13679,39.63617],[-118.13676,39.57748],[-118.15329,39.57749],[-118.15201,39.5454],[-118.15911,39.4961],[-118.1583,39.49051],[-118.15932,39.47185],[-118.15596,39.45575],[-118.15432,39.42896],[-118.15797,39.419],[-118.15835,39.41598],[-118.16223,39.40787],[-118.17015,39.40859],[-118.17495,39.41218],[-118.17998,39.41441],[-118.20469,39.4144],[-118.20958,39.41549],[-118.21404,39.41723],[-118.2185,39.42017],[-118.22031,39.42252],[-118.22368,39.42356],[-118.25765,39.43034],[-118.26441,39.43833],[-118.2758,39.44512],[-118.28436,39.44512],[-118.2843,39.41613],[-118.29444,39.41613],[-118.29443,39.40164],[-118.30499,39.40164],[-118.30496,39.38714],[-118.31309,39.38714],[-118.31296,39.27423],[-118.3083,39.27382],[-118.30901,39.27364],[-118.31293,39.24164],[-118.31633,39.22715],[-118.31304,39.20267],[-118.30196,39.14566],[-118.27582,39.14565],[-118.2758,39.13116],[-118.23858,39.13116],[-118.23858,39.11667],[-118.18277,39.11666],[-118.18277,39.13116],[-118.16416,39.13116],[-118.16415,39.14927],[-118.15949,39.14927],[-118.15947,39.19815],[-118.15811,39.19815],[-118.15818,39.25878],[-118.15695,39.25823],[-118.15718,39.26012],[-118.15613,39.26155],[-118.15819,39.26247],[-118.1582,39.28752],[-118.13956,39.28752],[-118.13964,39.37455],[-118.1303,39.37456],[-118.13035,39.46152],[-118.13216,39.46152],[-118.13208,39.56299],[-118.11804,39.563],[-118.11806,39.63617],[-118.09683,39.63616],[-118.098,39.67263],[-118.08903,39.67253],[-118.08898,39.67621],[-118.08479,39.67617],[-118.08488,39.67986],[-118.07125,39.67982],[-118.07111,39.66531],[-118.06645,39.66529],[-118.06646,39.66891],[-118.06178,39.66892],[-118.06179,39.67257],[-118.0524,39.67251],[-118.05247,39.68705],[-118.04307,39.68705]]],[[[-117.56921,39.69518],[-117.56937,39.6662],[-117.55996,39.66616],[-117.55963,39.71684],[-117.57867,39.71691],[-117.57873,39.7023],[-117.56918,39.70243],[-117.56921,39.69518]]],[[[-117.68757,39.64671],[-117.69228,39.64672],[-117.69237,39.64309],[-117.7065,39.64311],[-117.70667,39.63588],[-117.69254,39.63582],[-117.69245,39.63945],[-117.68773,39.63945],[-117.68757,39.64671]]],[[[-117.65948,39.6685],[-117.66419,39.66846],[-117.66417,39.66484],[-117.65946,39.66487],[-117.65948,39.6685]]],[[[-117.6548,39.6758],[-117.65951,39.67575],[-117.6595,39.67213],[-117.65479,39.67217],[-117.6548,39.6758]]],[[[-117.71356,39.62427],[-117.71362,39.62063],[-117.71836,39.62036],[-117.71853,39.61678],[-117.70906,39.6173],[-117.70874,39.62815],[-117.7135,39.62791],[-117.71356,39.62427]]],[[[-117.48279,39.65775],[-117.4825,39.65699],[-117.48048,39.65745],[-117.48195,39.66139],[-117.48399,39.66094],[-117.48279,39.65775]]],[[[-117.92135,39.57757],[-117.92136,39.58119],[-117.93074,39.58119],[-117.93074,39.57757],[-117.93543,39.57756],[-117.93542,39.57394],[-117.92604,39.57395],[-117.92605,39.57758],[-117.92135,39.57757]]],[[[-117.75236,39.58839],[-117.75244,39.58476],[-117.73825,39.5846],[-117.73816,39.5882],[-117.74762,39.58833],[-117.74754,39.59196],[-117.75227,39.59203],[-117.75236,39.58839]]],[[[-118.02764,39.53724],[-118.02978,39.53721],[-118.02977,39.53336],[-118.02509,39.53343],[-118.02509,39.5317],[-118.01572,39.53167],[-118.01573,39.52313],[-118.01105,39.52314],[-118.01106,39.52176],[-117.99803,39.52182],[-117.99806,39.52318],[-118.00171,39.52316],[-118.00171,39.52407],[-118.00871,39.52406],[-118.00871,39.52496],[-118.00989,39.52496],[-118.00988,39.52353],[-118.01339,39.52404],[-118.0134,39.52495],[-118.01457,39.52494],[-118.01456,39.52586],[-118.0134,39.52586],[-118.01339,39.52676],[-118.01105,39.52677],[-118.01105,39.53082],[-118.01253,39.5308],[-118.01255,39.53163],[-118.01105,39.53166],[-118.01105,39.53401],[-118.01806,39.53399],[-118.01806,39.53218],[-118.0204,39.53218],[-118.0204,39.53399],[-118.02391,39.53399],[-118.02392,39.53489],[-118.02509,39.53489],[-118.02563,39.53627],[-118.02752,39.53625],[-118.02764,39.53724]]],[[[-117.76657,39.56658],[-117.76664,39.56294],[-117.77605,39.56288],[-117.7761,39.55925],[-117.7667,39.5593],[-117.76676,39.55567],[-117.76207,39.55569],[-117.76194,39.56297],[-117.75723,39.563],[-117.75716,39.56664],[-117.76657,39.56658]]],[[[-117.82306,39.54124],[-117.8277,39.54126],[-117.82763,39.53756],[-117.82298,39.53754],[-117.82306,39.54124],[-117.80424,39.54114],[-117.80428,39.54478],[-117.82314,39.54486],[-117.82306,39.54124]]],[[[-117.83234,39.54129],[-117.83718,39.54127],[-117.83708,39.53388],[-117.83223,39.53388],[-117.83234,39.54129]]],[[[-117.73447,39.55222],[-117.7345,39.54138],[-117.72514,39.54152],[-117.72495,39.55592],[-117.73434,39.55581],[-117.73447,39.55222]]],[[[-117.54937,39.58252],[-117.54821,39.58254],[-117.54821,39.58428],[-117.54937,39.58427],[-117.54937,39.58252]]],[[[-117.53655,39.5854],[-117.53655,39.5818],[-117.52806,39.58183],[-117.52807,39.58546],[-117.53655,39.5854]]],[[[-118.11473,39.47764],[-118.11478,39.47929],[-118.11276,39.47931],[-118.11725,39.48161],[-118.12041,39.48499],[-118.12163,39.48353],[-118.12015,39.48208],[-118.12139,39.481],[-118.1185,39.47756],[-118.11749,39.47843],[-118.11344,39.47717],[-118.11391,39.47373],[-118.1098,39.4735],[-118.10946,39.47544],[-118.10086,39.4743],[-118.09802,39.47336],[-118.0983,39.47237],[-118.09705,39.47227],[-118.09421,39.46988],[-118.09347,39.47041],[-118.0926,39.46967],[-118.08987,39.47162],[-118.0939,39.47569],[-118.09475,39.47509],[-118.09353,39.47772],[-118.09147,39.47699],[-118.08966,39.48067],[-118.09316,39.48111],[-118.09245,39.48204],[-118.09402,39.48303],[-118.09578,39.48326],[-118.09739,39.47963],[-118.09523,39.47877],[-118.09594,39.47632],[-118.09777,39.47646],[-118.09766,39.47466],[-118.10401,39.47747],[-118.10498,39.47818],[-118.10518,39.48032],[-118.1066,39.48061],[-118.10982,39.48023],[-118.1105,39.4777],[-118.11473,39.47764]]],[[[-117.76694,39.53384],[-117.76662,39.51576],[-117.75723,39.51577],[-117.75716,39.53388],[-117.76694,39.53384]]],[[[-117.5141,39.56719],[-117.50907,39.56708],[-117.509,39.57072],[-117.51399,39.57082],[-117.5141,39.56719]]],[[[-117.97873,39.47968],[-117.98299,39.47968],[-117.983,39.46514],[-117.97874,39.46514],[-117.97874,39.46878],[-117.97406,39.46878],[-117.97405,39.47604],[-117.96938,39.47604],[-117.96938,39.47967],[-117.97873,39.47968]]],[[[-118.0559,39.45765],[-118.0559,39.45917],[-118.05556,39.45818],[-118.05346,39.45842],[-118.05434,39.46243],[-118.05239,39.46261],[-118.05224,39.46656],[-118.05433,39.46637],[-118.05453,39.46731],[-118.05161,39.46677],[-118.05108,39.46826],[-118.04893,39.4679],[-118.04848,39.46951],[-118.05153,39.47002],[-118.05112,39.47337],[-118.05255,39.47356],[-118.04793,39.47362],[-118.0477,39.4752],[-118.05259,39.47514],[-118.05273,39.47418],[-118.05459,39.4742],[-118.05478,39.4725],[-118.06438,39.47418],[-118.06474,39.47292],[-118.06592,39.47313],[-118.06682,39.47074],[-118.06202,39.46989],[-118.0626,39.46767],[-118.06183,39.46754],[-118.06295,39.46698],[-118.06178,39.46519],[-118.06295,39.46482],[-118.06281,39.46308],[-118.06048,39.45938],[-118.05956,39.45967],[-118.06457,39.45644],[-118.05849,39.45083],[-118.05756,39.45155],[-118.05149,39.44684],[-118.05523,39.4448],[-118.05334,39.44392],[-118.05764,39.4375],[-118.0506,39.43467],[-118.04626,39.44115],[-118.04803,39.44186],[-118.05091,39.44135],[-118.05124,39.44245],[-118.04946,39.44339],[-118.04783,39.44285],[-118.04679,39.44367],[-118.04591,39.44224],[-118.04271,39.44321],[-118.0396,39.44126],[-118.03826,39.44253],[-118.04492,39.44673],[-118.04475,39.44796],[-118.05002,39.44841],[-118.05011,39.44775],[-118.05168,39.44902],[-118.05029,39.45011],[-118.05355,39.45265],[-118.05208,39.45384],[-118.05582,39.45675],[-118.05529,39.45718],[-118.0559,39.45765]]],[[[-117.82965,39.47943],[-117.82503,39.47945],[-117.82502,39.4758],[-117.81535,39.47591],[-117.8153,39.48317],[-117.82504,39.4831],[-117.82505,39.4867],[-117.83439,39.48666],[-117.83427,39.47941],[-117.82965,39.47943]]],[[[-118.07127,39.45725],[-118.07074,39.45766],[-118.0719,39.45984],[-118.07037,39.46033],[-118.07609,39.46504],[-118.07761,39.46389],[-118.07691,39.46334],[-118.07836,39.46222],[-118.07127,39.45725]]],[[[-117.82758,39.51546],[-117.82288,39.51555],[-117.82293,39.51916],[-117.82763,39.51906],[-117.82758,39.51546]]],[[[-117.79475,39.52292],[-117.79473,39.51928],[-117.77602,39.51939],[-117.77612,39.52667],[-117.79476,39.52655],[-117.79475,39.52292]]],[[[-117.72026,39.47137],[-117.72023,39.47872],[-117.72486,39.47883],[-117.72488,39.47149],[-117.72026,39.47137]]],[[[-117.71091,39.45285],[-117.71083,39.44213],[-117.70615,39.44202],[-117.70613,39.43845],[-117.70144,39.43835],[-117.70142,39.43479],[-117.69674,39.43479],[-117.69672,39.43122],[-117.69204,39.43122],[-117.6921,39.43836],[-117.69677,39.43836],[-117.6968,39.44192],[-117.70147,39.44192],[-117.7015,39.44548],[-117.70618,39.44559],[-117.70627,39.4563],[-117.71094,39.45642],[-117.71097,39.46015],[-117.71564,39.46027],[-117.71559,39.45297],[-117.71091,39.45285]]],[[[-117.83677,39.41446],[-117.84144,39.41446],[-117.84144,39.40722],[-117.83677,39.40722],[-117.83677,39.41446]]],[[[-117.72466,39.41007],[-117.72933,39.41007],[-117.72931,39.40649],[-117.72464,39.40649],[-117.72466,39.41007],[-117.7153,39.41001],[-117.71532,39.41359],[-117.72468,39.41365],[-117.72466,39.41007]]],[[[-118.12137,39.33376],[-118.12315,39.33193],[-118.1257,39.33225],[-118.12662,39.33081],[-118.12061,39.32976],[-118.11892,39.33059],[-118.12034,39.33186],[-118.11885,39.33444],[-118.12019,39.33513],[-118.12137,39.33376]]],[[[-117.70109,39.39196],[-117.71518,39.39211],[-117.71516,39.38853],[-117.70106,39.38839],[-117.70109,39.39196],[-117.69641,39.39198],[-117.69644,39.39557],[-117.70112,39.39553],[-117.70109,39.39196]]],[[[-118.03006,39.29118],[-118.03005,39.29028],[-118.03239,39.29028],[-118.03239,39.28846],[-118.02772,39.28847],[-118.02772,39.28575],[-118.02655,39.28575],[-118.02655,39.28756],[-118.02306,39.28756],[-118.02306,39.29119],[-118.01839,39.29119],[-118.0184,39.29481],[-118.03239,39.29481],[-118.03239,39.29118],[-118.03006,39.29118]]],[[[-117.9439,39.30568],[-117.9439,39.30206],[-117.93923,39.30206],[-117.93923,39.30568],[-117.9439,39.30568]]],[[[-117.88789,39.30931],[-117.8879,39.30569],[-117.89256,39.30569],[-117.89257,39.30206],[-117.87858,39.30207],[-117.87856,39.30932],[-117.88789,39.30931]]],[[[-118.15394,39.2525],[-118.15546,39.25323],[-118.15753,39.24966],[-118.15419,39.24806],[-118.15478,39.24667],[-118.1508,39.24457],[-118.14868,39.24463],[-118.14886,39.24874],[-118.15098,39.24869],[-118.1496,39.2503],[-118.15108,39.25148],[-118.15309,39.25064],[-118.15246,39.25212],[-118.15394,39.2525]]],[[[-117.9439,39.29482],[-117.9439,39.29844],[-117.94857,39.29844],[-117.94857,39.29482],[-117.9439,39.29482]]],[[[-117.74175,39.23477],[-117.73709,39.23478],[-117.73709,39.23927],[-117.74175,39.2393],[-117.74175,39.23477]]],[[[-118.37044,39.18918],[-118.37045,39.19816],[-118.36882,39.19816],[-118.36882,39.21265],[-118.40615,39.21267],[-118.40614,39.19817],[-118.40777,39.19817],[-118.40774,39.18187],[-118.37044,39.18171],[-118.37044,39.18918]]],[[[-118.35434,39.26439],[-118.35443,39.26686],[-118.34915,39.26649],[-118.34921,39.26808],[-118.34628,39.2678],[-118.34609,39.26944],[-118.35371,39.27011],[-118.35352,39.27175],[-118.35615,39.27193],[-118.3588,39.27196],[-118.3595,39.27032],[-118.36164,39.27035],[-118.36182,39.26876],[-118.35624,39.26864],[-118.3561,39.26452],[-118.35434,39.26439]]],[[[-118.41086,39.27795],[-118.41552,39.27794],[-118.41554,39.27069],[-118.40623,39.27069],[-118.4062,39.27795],[-118.41086,39.27795]]],[[[-118.75698,39.22354],[-118.75698,39.22472],[-118.7663,39.22472],[-118.76629,39.21747],[-118.75699,39.21747],[-118.75698,39.22354]]],[[[-118.73218,39.22943],[-118.7281,39.22943],[-118.72985,39.23396],[-118.73101,39.23486],[-118.73101,39.23622],[-118.7316,39.23622],[-118.7316,39.23758],[-118.73975,39.23803],[-118.7415,39.23713],[-118.74149,39.22943],[-118.73218,39.22943]]],[[[-118.5422,39.30043],[-118.54686,39.30044],[-118.5469,39.29681],[-118.54223,39.29681],[-118.5422,39.30043]]],[[[-118.58425,39.32866],[-118.58658,39.32866],[-118.58658,39.32504],[-118.58425,39.32504],[-118.58425,39.32866]]],[[[-118.58136,39.34922],[-118.58136,39.35103],[-118.58602,39.35103],[-118.58602,39.34922],[-118.58136,39.34922]]],[[[-118.57485,39.35926],[-118.57858,39.35926],[-118.57858,39.35745],[-118.57391,39.35745],[-118.57391,39.35926],[-118.57485,39.35926]]],[[[-118.57962,39.37683],[-118.5843,39.37682],[-118.58431,39.37319],[-118.57963,39.3732],[-118.57962,39.37683]]],[[[-118.14603,39.65251],[-118.14721,39.65251],[-118.1472,39.6516],[-118.14604,39.6516],[-118.14603,39.65251]]],[[[-118.21972,39.6716],[-118.22423,39.67139],[-118.22316,39.66997],[-118.21784,39.67021],[-118.21552,39.66743],[-118.21303,39.6676],[-118.21411,39.66902],[-118.21972,39.6716]]],[[[-118.2268,39.66989],[-118.22709,39.67123],[-118.23733,39.66923],[-118.23612,39.66518],[-118.22601,39.66778],[-118.2268,39.66989]]],[[[-117.75588,39.76336],[-117.7545,39.76512],[-117.75506,39.76714],[-117.75696,39.76788],[-117.7564,39.76587],[-117.75761,39.76404],[-117.75588,39.76336]]],[[[-117.79739,39.72597],[-117.80225,39.72025],[-117.79868,39.71844],[-117.79576,39.72188],[-117.79754,39.72279],[-117.79462,39.72623],[-117.7964,39.72713],[-117.79739,39.72597]]],[[[-118.40045,39.01579],[-118.40287,39.01523],[-118.40287,39.0116],[-118.40101,39.01161],[-118.39824,39.00917],[-118.39822,39.00436],[-118.38895,39.00436],[-118.38894,39.00074],[-118.37708,39.00075],[-118.37741,39.01525],[-118.37965,39.01525],[-118.37964,39.01887],[-118.38299,39.01887],[-118.38429,39.02002],[-118.38428,39.02249],[-118.38893,39.02249],[-118.38892,39.02611],[-118.39289,39.02612],[-118.39302,39.02777],[-118.39383,39.02828],[-118.3933,39.02887],[-118.39576,39.03049],[-118.39638,39.02975],[-118.40065,39.02975],[-118.4015,39.03058],[-118.40289,39.02929],[-118.40045,39.02692],[-118.40045,39.01579]]],[[[-118.3276,39.02019],[-118.32698,39.01904],[-118.32243,39.02099],[-118.3232,39.02249],[-118.3276,39.02019]]],[[[-118.32194,39.02083],[-118.32489,39.01384],[-118.3237,39.01354],[-118.32188,39.01742],[-118.31972,39.01674],[-118.31828,39.01962],[-118.32194,39.02083]]],[[[-117.77985,39.08266],[-117.78189,39.08223],[-117.78039,39.07828],[-117.78434,39.07426],[-117.78261,39.07331],[-117.78353,39.07229],[-117.78007,39.0704],[-117.77934,39.07121],[-117.77863,39.07032],[-117.77742,39.07043],[-117.77715,39.06864],[-117.7766,39.07139],[-117.7738,39.07145],[-117.77253,39.06761],[-117.77667,39.06732],[-117.7762,39.06322],[-117.77421,39.0594],[-117.77,39.0597],[-117.77199,39.06351],[-117.76988,39.06366],[-117.77036,39.06786],[-117.76754,39.06734],[-117.76759,39.07099],[-117.76552,39.07129],[-117.76647,39.07534],[-117.76914,39.07496],[-117.77189,39.07839],[-117.77376,39.07748],[-117.77113,39.08041],[-117.7746,39.0823],[-117.77672,39.07993],[-117.77781,39.08308],[-117.77985,39.08266]]],[[[-118.35305,38.95427],[-118.35402,38.95555],[-118.35524,38.95498],[-118.35426,38.95371],[-118.35305,38.95427]]],[[[-117.78112,39.06776],[-117.78156,39.07068],[-117.78366,39.07049],[-117.78304,39.0664],[-117.78094,39.06659],[-117.78112,39.06776]]],[[[-117.89922,39.02595],[-117.89026,39.02215],[-117.88925,39.0236],[-117.89822,39.02739],[-117.89922,39.02595]]],[[[-117.88623,38.99176],[-117.89035,38.99419],[-117.89144,38.9928],[-117.88904,38.99228],[-117.88703,38.99075],[-117.88623,38.99176],[-117.88265,38.98641],[-117.88129,38.98767],[-117.88543,38.99388],[-117.88893,38.99696],[-117.89309,38.9995],[-117.89444,38.99823],[-117.89029,38.9957],[-117.88623,38.99176]]],[[[-117.91484,38.98979],[-117.91691,38.98965],[-117.9173,38.98558],[-117.91918,38.98483],[-117.91766,38.98089],[-117.91371,38.98179],[-117.9111,38.97821],[-117.90901,38.97801],[-117.91161,38.9816],[-117.91313,38.98553],[-117.91523,38.98573],[-117.91484,38.98979]]],[[[-118.2638,38.91386],[-118.2638,38.91749],[-118.27306,38.9175],[-118.27306,38.91387],[-118.27769,38.91388],[-118.27768,38.90662],[-118.27305,38.90662],[-118.27304,38.89937],[-118.25916,38.89938],[-118.25917,38.91386],[-118.2638,38.91386]]],[[[-117.9401,38.96845],[-117.93991,38.96759],[-117.93886,38.96766],[-117.93928,38.96963],[-117.94033,38.96956],[-117.9401,38.96845]]],[[[-118.1973,38.9206],[-118.2015,38.92061],[-118.2016,38.91689],[-118.19277,38.91688],[-118.19272,38.92058],[-118.1973,38.9206]]],[[[-118.18802,38.93158],[-118.18343,38.93154],[-118.18343,38.93519],[-118.18802,38.93524],[-118.18801,38.94251],[-118.1926,38.94259],[-118.19261,38.93162],[-118.18802,38.93158]]],[[[-118.44589,38.859],[-118.44581,38.85828],[-118.44443,38.85916],[-118.44486,38.86303],[-118.44623,38.86215],[-118.44634,38.8631],[-118.45473,38.86254],[-118.45428,38.85844],[-118.44589,38.859]]],[[[-117.96347,38.93941],[-117.96332,38.93578],[-117.96796,38.93575],[-117.9678,38.9321],[-117.97242,38.93207],[-117.97219,38.92112],[-117.96757,38.92114],[-117.96766,38.9175],[-117.96304,38.91753],[-117.96311,38.91388],[-117.95386,38.91393],[-117.95381,38.91757],[-117.94457,38.91762],[-117.94451,38.9249],[-117.94911,38.92488],[-117.94933,38.93219],[-117.95395,38.93217],[-117.95419,38.93945],[-117.96347,38.93941]]],[[[-118.15691,38.88068],[-118.16151,38.88071],[-118.16161,38.87713],[-118.17081,38.87717],[-118.17091,38.87359],[-118.1571,38.87351],[-118.15736,38.86278],[-118.16659,38.86286],[-118.16678,38.85571],[-118.16216,38.85567],[-118.16234,38.84488],[-118.14845,38.84475],[-118.14814,38.86269],[-118.15275,38.86273],[-118.1524,38.87706],[-118.157,38.87709],[-118.15691,38.88068]]],[[[-117.9054,38.91273],[-117.90125,38.91088],[-117.90289,38.90865],[-117.90108,38.90784],[-117.89874,38.91105],[-117.898,38.91072],[-117.8973,38.91167],[-117.89605,38.91111],[-117.89544,38.91195],[-117.8997,38.91385],[-117.90031,38.91302],[-117.90152,38.91356],[-117.90197,38.91294],[-117.90444,38.91404],[-117.9054,38.91273]]],[[[-117.90209,38.9109],[-117.90399,38.91116],[-117.90428,38.9101],[-117.90238,38.90978],[-117.90209,38.9109]]],[[[-117.95431,38.89205],[-117.95438,38.8884],[-117.96369,38.88835],[-117.96386,38.88105],[-117.94517,38.88116],[-117.94501,38.8921],[-117.95431,38.89205]]],[[[-118.1998,38.8347],[-118.20425,38.83475],[-118.2042,38.83647],[-118.21093,38.83647],[-118.21093,38.82922],[-118.22483,38.82922],[-118.22483,38.81472],[-118.20491,38.81473],[-118.20495,38.81359],[-118.17722,38.81336],[-118.1768,38.82743],[-118.19538,38.82764],[-118.19516,38.83465],[-118.1998,38.8347]]],[[[-118.45825,38.77483],[-118.45937,38.77469],[-118.43969,38.77484],[-118.45825,38.77483]]],[[[-118.2341,38.84731],[-118.23411,38.85093],[-118.24338,38.85091],[-118.24338,38.85589],[-118.26196,38.85589],[-118.26195,38.8436],[-118.24338,38.84366],[-118.24338,38.83641],[-118.2341,38.83644],[-118.2341,38.84731]]],[[[-118.22947,38.8559],[-118.22671,38.8559],[-118.22671,38.85952],[-118.22208,38.85952],[-118.22208,38.86315],[-118.22671,38.86315],[-118.22671,38.86677],[-118.23597,38.86677],[-118.23597,38.85589],[-118.22947,38.8559]]],[[[-117.94345,38.84192],[-117.94349,38.84009],[-117.94113,38.84012],[-117.9411,38.84194],[-117.94345,38.84192]]],[[[-117.99651,38.83111],[-118.00113,38.83124],[-118.00109,38.82778],[-117.99646,38.82765],[-117.99651,38.83111]]],[[[-117.97317,38.81002],[-117.96853,38.80999],[-117.96863,38.81688],[-117.97327,38.81691],[-117.97317,38.81002]]],[[[-117.94505,38.78405],[-117.94339,38.78513],[-117.94388,38.78542],[-117.94761,38.78759],[-117.94887,38.78627],[-117.94505,38.78405]]],[[[-118.18276,38.72455],[-118.17811,38.7245],[-118.17819,38.73154],[-118.18747,38.73165],[-118.1874,38.7246],[-118.18276,38.72455]]],[[[-118.28452,38.70423],[-118.28916,38.7043],[-118.2893,38.70084],[-118.28001,38.70069],[-118.27988,38.70415],[-118.28452,38.70423]]],[[[-118.59984,38.643],[-118.60211,38.643],[-118.60211,38.63937],[-118.59518,38.63937],[-118.59518,38.64119],[-118.59749,38.64119],[-118.59749,38.643],[-118.59984,38.643]]],[[[-118.04351,38.73359],[-118.04339,38.73004],[-118.0387,38.72998],[-118.03881,38.73352],[-118.04351,38.73359]]],[[[-118.184,38.70698],[-118.18746,38.70702],[-118.18751,38.70351],[-118.18281,38.70345],[-118.18278,38.70697],[-118.184,38.70698]]],[[[-118.25716,38.69001],[-118.26183,38.69006],[-118.26195,38.68658],[-118.2666,38.68664],[-118.26673,38.68316],[-118.26208,38.6831],[-118.26232,38.67615],[-118.25301,38.67603],[-118.2525,38.68997],[-118.25716,38.69001]]],[[[-118.24372,38.66334],[-118.24373,38.66143],[-118.24839,38.66148],[-118.24841,38.65787],[-118.23959,38.6578],[-118.23956,38.66864],[-118.2437,38.66867],[-118.24372,38.66334]]],[[[-118.37671,38.60394],[-118.37592,38.60015],[-118.37378,38.59922],[-118.37196,38.60236],[-118.37249,38.60113],[-118.36889,38.60005],[-118.3672,38.60391],[-118.37023,38.60481],[-118.36944,38.606],[-118.37138,38.60735],[-118.37281,38.60521],[-118.37372,38.60627],[-118.37465,38.60411],[-118.37582,38.6073],[-118.37791,38.60722],[-118.37671,38.60394]]],[[[-118.00039,38.67097],[-117.99576,38.67097],[-117.99577,38.67459],[-118.00039,38.67459],[-118.00039,38.67097]]],[[[-118.37758,38.59842],[-118.37695,38.59958],[-118.38177,38.6012],[-118.3826,38.59968],[-118.37758,38.59842]]],[[[-118.39669,38.54712],[-118.39664,38.54335],[-118.39207,38.54346],[-118.39213,38.54727],[-118.39669,38.54712]]],[[[-118.42004,38.53943],[-118.42138,38.53825],[-118.41969,38.53578],[-118.4176,38.53549],[-118.41645,38.53687],[-118.42004,38.53943]]],[[[-118.11035,38.59344],[-118.10956,38.5918],[-118.1112,38.59077],[-118.10935,38.58692],[-118.10771,38.58795],[-118.10665,38.58575],[-118.10534,38.58635],[-118.09202,38.58508],[-118.07849,38.58533],[-118.07811,38.5848],[-118.07833,38.59027],[-118.09186,38.59002],[-118.10302,38.59079],[-118.10506,38.59458],[-118.10717,38.59462],[-118.10781,38.59548],[-118.10973,38.59481],[-118.10913,38.594],[-118.11035,38.59344]]],[[[-118.44414,38.48099],[-118.44241,38.482],[-118.44478,38.48355],[-118.442,38.48302],[-118.44059,38.48421],[-118.44618,38.48472],[-118.44994,38.48755],[-118.45136,38.48635],[-118.44414,38.48099]]],[[[-118.14278,38.53792],[-118.14284,38.53071],[-118.13822,38.5307],[-118.13817,38.5379],[-118.14278,38.53792]]],[[[-118.19416,38.515],[-118.19223,38.51376],[-118.1918,38.51417],[-118.19486,38.51613],[-118.19528,38.51572],[-118.19416,38.515]]],[[[-118.19295,38.51561],[-118.19059,38.5141],[-118.19003,38.51464],[-118.19239,38.51615],[-118.19295,38.51561]]],[[[-118.18949,38.51517],[-118.18953,38.51287],[-118.1849,38.51284],[-118.18483,38.51652],[-118.18948,38.51657],[-118.18949,38.51517]]],[[[-117.90211,38.56425],[-117.90326,38.56066],[-117.90549,38.56199],[-117.90614,38.56042],[-117.90442,38.5589],[-117.90205,38.55982],[-117.89682,38.55953],[-117.89527,38.56392],[-117.90211,38.56425]]],[[[-117.859,38.57191],[-117.86135,38.56914],[-117.86837,38.56976],[-117.87332,38.56846],[-117.87398,38.56035],[-117.86905,38.56169],[-117.85959,38.55993],[-117.85945,38.56157],[-117.8575,38.56096],[-117.858,38.56506],[-117.85872,38.56528],[-117.85844,38.56763],[-117.85757,38.56892],[-117.85453,38.57052],[-117.859,38.57191]]],[[[-118.12017,38.51516],[-118.11897,38.51606],[-118.12162,38.51852],[-118.12547,38.51572],[-118.12411,38.51447],[-118.1272,38.51214],[-118.12585,38.51089],[-118.12017,38.51516]]],[[[-118.1781,38.50016],[-118.17814,38.50196],[-118.17581,38.50194],[-118.17568,38.50915],[-118.18496,38.50916],[-118.18502,38.50552],[-118.18155,38.50556],[-118.18158,38.50376],[-118.18043,38.50378],[-118.18042,38.50017],[-118.1781,38.50016]]],[[[-118.47219,38.45525],[-118.47428,38.45515],[-118.47328,38.45115],[-118.47119,38.45124],[-118.47219,38.45525]]],[[[-118.10206,38.51443],[-118.10606,38.51179],[-118.10867,38.512],[-118.10882,38.50871],[-118.10034,38.5082],[-118.10272,38.50453],[-118.10043,38.50404],[-118.0972,38.50507],[-118.09747,38.50406],[-118.09057,38.50215],[-118.09016,38.50377],[-118.0926,38.50473],[-118.0894,38.50743],[-118.09162,38.50794],[-118.09305,38.50673],[-118.09423,38.5072],[-118.09407,38.51079],[-118.09492,38.51023],[-118.09924,38.51256],[-118.09684,38.51415],[-118.10206,38.51443]]],[[[-118.08583,38.51418],[-118.08608,38.51339],[-118.08099,38.51438],[-118.08131,38.51348],[-118.07893,38.51297],[-118.07727,38.51145],[-118.07854,38.51096],[-118.07172,38.50469],[-118.0696,38.50506],[-118.06866,38.50418],[-118.06701,38.5051],[-118.07693,38.51341],[-118.07672,38.51424],[-118.08077,38.51509],[-118.08049,38.51598],[-118.08557,38.51498],[-118.08583,38.51418]]],[[[-118.21684,38.47732],[-118.22082,38.47691],[-118.22095,38.47329],[-118.21476,38.47316],[-118.21462,38.47728],[-118.21684,38.47732]]],[[[-118.31793,38.45716],[-118.32304,38.46015],[-118.32399,38.45868],[-118.32198,38.45788],[-118.32071,38.45566],[-118.31966,38.45604],[-118.32042,38.45566],[-118.3176,38.4522],[-118.3167,38.45264],[-118.31658,38.45191],[-118.31425,38.45144],[-118.31145,38.45173],[-118.31173,38.45336],[-118.3162,38.45353],[-118.3174,38.455],[-118.31576,38.45425],[-118.3148,38.45572],[-118.31793,38.45716]]],[[[-118.12498,38.48377],[-118.12492,38.48012],[-118.11564,38.48011],[-118.11568,38.48375],[-118.12498,38.48377]]],[[[-118.55306,38.39354],[-118.54846,38.39348],[-118.54846,38.39712],[-118.55306,38.39718],[-118.55306,38.39354]]],[[[-118.26482,38.43981],[-118.26795,38.43705],[-118.26972,38.43795],[-118.27399,38.4362],[-118.27605,38.4373],[-118.27731,38.43618],[-118.2739,38.43434],[-118.2832,38.42458],[-118.27801,38.42179],[-118.26871,38.43156],[-118.26367,38.43475],[-118.26622,38.43612],[-118.26056,38.4408],[-118.25871,38.44121],[-118.26044,38.44214],[-118.26229,38.44173],[-118.26482,38.43981]]],[[[-117.94264,38.48892],[-117.94314,38.48742],[-117.94497,38.48731],[-117.94457,38.4832],[-117.94065,38.48344],[-117.9408,38.4916],[-117.94289,38.49148],[-117.94264,38.48892]]],[[[-118.26343,38.42528],[-118.26393,38.42802],[-118.26564,38.42711],[-118.26497,38.42574],[-118.26982,38.42419],[-118.26944,38.42342],[-118.27468,38.42337],[-118.27317,38.4203],[-118.26793,38.42035],[-118.26831,38.42112],[-118.26346,38.42267],[-118.26343,38.42528]]],[[[-117.76899,38.51239],[-117.76848,38.50988],[-117.77259,38.51034],[-117.77255,38.50869],[-117.76983,38.50882],[-117.76991,38.50719],[-117.76818,38.50638],[-117.76813,38.50522],[-117.76616,38.50518],[-117.7662,38.50719],[-117.76444,38.50706],[-117.76463,38.51116],[-117.76672,38.51131],[-117.76693,38.51235],[-117.76899,38.51239]]],[[[-118.14297,38.43992],[-118.14757,38.43995],[-118.14764,38.43267],[-118.13845,38.43258],[-118.13836,38.4399],[-118.14297,38.43992]]],[[[-118.53921,38.36433],[-118.53926,38.37523],[-118.54387,38.37526],[-118.54388,38.38253],[-118.54847,38.38257],[-118.5484,38.36073],[-118.55301,38.36075],[-118.55298,38.35347],[-118.54838,38.35345],[-118.54839,38.34981],[-118.54378,38.3498],[-118.54373,38.3281],[-118.54674,38.3281],[-118.54679,38.32439],[-118.5422,38.32438],[-118.54236,38.31346],[-118.53308,38.31343],[-118.53305,38.31707],[-118.51919,38.31698],[-118.51915,38.32424],[-118.51454,38.3242],[-118.51452,38.32792],[-118.5115,38.3279],[-118.51135,38.34607],[-118.52526,38.34611],[-118.52532,38.357],[-118.53455,38.35704],[-118.53457,38.36067],[-118.53919,38.36069],[-118.53921,38.36433]]],[[[-118.24778,38.41077],[-118.24703,38.40923],[-118.24318,38.41132],[-118.24399,38.41299],[-118.24778,38.41077]]],[[[-118.29468,38.4],[-118.2992,38.39996],[-118.29926,38.37119],[-118.31762,38.37118],[-118.31756,38.35657],[-118.29943,38.35656],[-118.29944,38.32737],[-118.25191,38.32732],[-118.25195,38.32367],[-118.24811,38.32368],[-118.2481,38.32732],[-118.24441,38.32733],[-118.24398,38.40029],[-118.29468,38.4]]],[[[-118.07865,38.43248],[-118.07864,38.42884],[-118.08326,38.42884],[-118.08324,38.4252],[-118.06934,38.42487],[-118.06936,38.43214],[-118.074,38.43231],[-118.07401,38.43595],[-118.07866,38.43613],[-118.07865,38.43248]]],[[[-118.06469,38.41746],[-118.06006,38.41731],[-118.06007,38.42456],[-118.0647,38.42472],[-118.06469,38.41746]]],[[[-118.11529,38.3992],[-118.11532,38.39742],[-118.11767,38.39745],[-118.1177,38.39566],[-118.12004,38.39569],[-118.12009,38.39209],[-118.11542,38.39206],[-118.11556,38.38491],[-118.10625,38.38487],[-118.10625,38.38304],[-118.10508,38.38304],[-118.10508,38.38487],[-118.09693,38.38483],[-118.09694,38.38847],[-118.10158,38.38847],[-118.10156,38.39572],[-118.11076,38.39566],[-118.11071,38.39925],[-118.11529,38.3992]]],[[[-118.05089,38.3702],[-118.05091,38.36657],[-118.0417,38.36654],[-118.04169,38.37017],[-118.05089,38.3702]]],[[[-118.1959,38.3382],[-118.19794,38.33809],[-118.19857,38.33637],[-118.20033,38.33632],[-118.20373,38.33865],[-118.20101,38.33973],[-118.20202,38.34111],[-118.20644,38.33894],[-118.21002,38.33963],[-118.21013,38.33704],[-118.21246,38.33744],[-118.21327,38.33627],[-118.21591,38.33727],[-118.2167,38.33606],[-118.22189,38.33672],[-118.22177,38.33529],[-118.21618,38.3346],[-118.21473,38.33507],[-118.2123,38.33386],[-118.2119,38.33447],[-118.20693,38.3343],[-118.20699,38.33305],[-118.1975,38.33242],[-118.19742,38.33406],[-118.19196,38.33342],[-118.19148,38.33665],[-118.19621,38.33726],[-118.1959,38.3382]]],[[[-118.10632,38.35204],[-118.10633,38.34843],[-118.11554,38.34843],[-118.11555,38.34482],[-118.11094,38.34482],[-118.11094,38.34121],[-118.10634,38.34121],[-118.10635,38.33759],[-118.08791,38.33758],[-118.08791,38.3412],[-118.07869,38.34119],[-118.07866,38.34482],[-118.0925,38.34482],[-118.09249,38.34843],[-118.09711,38.34843],[-118.09711,38.35204],[-118.10632,38.35204]]],[[[-118.17453,38.32387],[-118.17692,38.3253],[-118.18007,38.32201],[-118.18313,38.32383],[-118.1849,38.32198],[-118.18848,38.32411],[-118.19123,38.32124],[-118.18715,38.31881],[-118.18636,38.31964],[-118.18604,38.31778],[-118.18425,38.31788],[-118.18438,38.31942],[-118.17913,38.31629],[-118.17283,38.32287],[-118.17453,38.32387]]],[[[-118.25241,38.30188],[-118.25224,38.30915],[-118.25685,38.30916],[-118.25701,38.3019],[-118.25241,38.30188]]],[[[-118.37149,38.28196],[-118.37053,38.28342],[-118.37233,38.28416],[-118.37516,38.28532],[-118.37613,38.28386],[-118.37149,38.28196]]],[[[-118.33102,38.29106],[-118.32637,38.29105],[-118.32625,38.29832],[-118.33555,38.29832],[-118.33566,38.29106],[-118.33102,38.29106]]],[[[-118.32163,38.29832],[-118.31702,38.29832],[-118.31687,38.30559],[-118.32149,38.30559],[-118.32163,38.29832]]],[[[-118.21153,38.32357],[-118.20698,38.32353],[-118.20739,38.3308],[-118.212,38.33082],[-118.21204,38.32717],[-118.21606,38.32718],[-118.21608,38.32361],[-118.21153,38.32357]]],[[[-118.29817,38.31649],[-118.29355,38.31648],[-118.29351,38.32012],[-118.29812,38.32012],[-118.29817,38.31649],[-118.30277,38.3165],[-118.30283,38.31287],[-118.29822,38.31286],[-118.29817,38.31649]]],[[[-118.20553,38.31937],[-118.20114,38.31738],[-118.20242,38.31616],[-118.19797,38.3147],[-118.1953,38.31722],[-118.20422,38.32061],[-118.20553,38.31937]]],[[[-118.49144,38.31858],[-118.49524,38.31748],[-118.49606,38.31899],[-118.5007,38.31746],[-118.50069,38.32045],[-118.50532,38.32049],[-118.50532,38.3195],[-118.5073,38.31884],[-118.50649,38.31733],[-118.51131,38.31573],[-118.50997,38.31322],[-118.51,38.30961],[-118.50537,38.30957],[-118.50536,38.31055],[-118.48989,38.31567],[-118.49144,38.31858]]],[[[-118.32684,38.36761],[-118.33145,38.36764],[-118.33149,38.36397],[-118.32223,38.36391],[-118.32222,38.36757],[-118.32684,38.36761]]],[[[-117.96527,38.35394],[-117.96575,38.35276],[-117.96742,38.35319],[-117.96806,38.35162],[-117.97107,38.35238],[-117.97273,38.34935],[-117.97568,38.35009],[-117.97632,38.34852],[-117.97166,38.34734],[-117.9723,38.34578],[-117.96788,38.34466],[-117.96732,38.34452],[-117.96668,38.34608],[-117.96171,38.34483],[-117.96107,38.34639],[-117.96278,38.34683],[-117.96111,38.34986],[-117.9631,38.35037],[-117.96246,38.35193],[-117.96414,38.35236],[-117.96366,38.35353],[-117.96527,38.35394]]],[[[-118.33414,38.27652],[-118.33532,38.27788],[-118.33791,38.27662],[-118.33483,38.27332],[-118.33466,38.27194],[-118.33098,38.27068],[-118.33118,38.27227],[-118.33047,38.27289],[-118.33355,38.27444],[-118.33153,38.2748],[-118.33414,38.27652]]],[[[-118.34871,38.25116],[-118.34753,38.25106],[-118.3448,38.24755],[-118.33779,38.24915],[-118.34052,38.25265],[-118.33847,38.25299],[-118.34161,38.25819],[-118.34326,38.25792],[-118.34694,38.26084],[-118.35336,38.25946],[-118.34968,38.25654],[-118.34734,38.25286],[-118.34931,38.25231],[-118.34871,38.25116]]],[[[-118.09289,38.30131],[-118.09749,38.30132],[-118.09749,38.29768],[-118.09289,38.29768],[-118.09289,38.30131],[-118.07907,38.30129],[-118.07907,38.30492],[-118.09289,38.30495],[-118.09289,38.30131]]],[[[-118.27574,38.26185],[-118.27574,38.2582],[-118.26649,38.25821],[-118.26649,38.26185],[-118.27574,38.26185],[-118.27574,38.26549],[-118.28037,38.2655],[-118.28037,38.26186],[-118.27574,38.26185]]],[[[-118.06985,38.30127],[-118.06986,38.29764],[-118.06526,38.29764],[-118.06527,38.28311],[-118.06987,38.2831],[-118.06987,38.27947],[-118.07909,38.2795],[-118.07909,38.27587],[-118.0837,38.27588],[-118.0837,38.27225],[-118.06068,38.27222],[-118.06068,38.27585],[-118.05608,38.27586],[-118.05607,38.28676],[-118.04687,38.28676],[-118.04686,38.29765],[-118.06066,38.29765],[-118.06065,38.30128],[-118.06985,38.30127]]],[[[-118.10673,38.27589],[-118.10669,38.29042],[-118.11129,38.29042],[-118.11133,38.27589],[-118.10673,38.27589],[-118.10674,38.26862],[-118.10214,38.26862],[-118.10215,38.26499],[-118.08833,38.265],[-118.08831,38.27226],[-118.10213,38.27226],[-118.10212,38.27589],[-118.10673,38.27589]]],[[[-118.07449,38.26859],[-118.0745,38.26133],[-118.06529,38.26133],[-118.06528,38.26858],[-118.07449,38.26859]]],[[[-118.32195,38.21505],[-118.32417,38.21733],[-118.32129,38.21846],[-118.32277,38.22081],[-118.32565,38.21968],[-118.32849,38.22418],[-118.33519,38.22155],[-118.33368,38.21917],[-118.33222,38.21974],[-118.32906,38.21476],[-118.33235,38.21346],[-118.32877,38.20762],[-118.31733,38.21212],[-118.31885,38.21456],[-118.32397,38.21254],[-118.32484,38.21392],[-118.32195,38.21505]]],[[[-118.31604,38.21106],[-118.31609,38.2038],[-118.31167,38.20379],[-118.31158,38.21104],[-118.30712,38.21103],[-118.30725,38.21467],[-118.31626,38.21471],[-118.31604,38.21106]]],[[[-118.31669,38.22201],[-118.31648,38.21836],[-118.30739,38.21831],[-118.30765,38.22559],[-118.31691,38.22566],[-118.31669,38.22201]]],[[[-118.34583,38.23671],[-118.34598,38.24039],[-118.35463,38.24047],[-118.35441,38.23314],[-118.34567,38.23308],[-118.34583,38.23671]]],[[[-118.33615,38.24035],[-118.33403,38.24034],[-118.33386,38.24756],[-118.33805,38.24757],[-118.33816,38.24036],[-118.33615,38.24035]]],[[[-118.25726,38.2567],[-118.25379,38.2567],[-118.2544,38.25826],[-118.2525,38.25822],[-118.25271,38.26227],[-118.25476,38.2627],[-118.25495,38.26066],[-118.25908,38.26069],[-118.25726,38.2567]]],[[[-118.08369,38.28677],[-118.07909,38.28676],[-118.07908,38.29039],[-118.07447,38.29038],[-118.07447,38.29765],[-118.0883,38.29768],[-118.0883,38.28679],[-118.08369,38.28677]]],[[[-118.17924,38.21853],[-118.17465,38.21867],[-118.17422,38.22584],[-118.19265,38.22564],[-118.19304,38.21845],[-118.17924,38.21853]]],[[[-118.1607,38.22244],[-118.1609,38.21874],[-118.15633,38.21854],[-118.15592,38.22613],[-118.1605,38.22614],[-118.1607,38.22244]]],[[[-118.39811,38.15296],[-118.39377,38.15288],[-118.3937,38.15651],[-118.39807,38.15659],[-118.39811,38.15296]]],[[[-118.34962,38.15556],[-118.3499,38.15188],[-118.34512,38.15173],[-118.34489,38.15546],[-118.34962,38.15556]]],[[[-118.3594,38.15209],[-118.36364,38.15214],[-118.36333,38.1485],[-118.359,38.1484],[-118.3594,38.15209]]],[[[-118.32517,38.13665],[-118.32059,38.13661],[-118.32071,38.14034],[-118.32536,38.1404],[-118.32517,38.13665]]],[[[-118.22206,38.14356],[-118.22109,38.1421],[-118.21676,38.1444],[-118.21579,38.14294],[-118.20975,38.14489],[-118.20656,38.14677],[-118.20717,38.14769],[-118.20204,38.14843],[-118.20301,38.14988],[-118.20814,38.14914],[-118.20947,38.15114],[-118.2187,38.1473],[-118.21772,38.14584],[-118.22206,38.14356]]],[[[-118.20933,38.14208],[-118.21395,38.14016],[-118.21901,38.13938],[-118.21707,38.13646],[-118.212,38.13725],[-118.20739,38.13916],[-118.20933,38.14208]]],[[[-118.08279,38.15969],[-118.0878,38.15859],[-118.08794,38.15591],[-118.08796,38.15857],[-118.08868,38.1579],[-118.09384,38.15729],[-118.09359,38.15398],[-118.08899,38.15476],[-118.08902,38.15371],[-118.08755,38.15281],[-118.08541,38.15293],[-118.08725,38.15301],[-118.08691,38.15186],[-118.08344,38.15072],[-118.08294,38.15111],[-118.08484,38.15194],[-118.07726,38.15175],[-118.07733,38.15256],[-118.0794,38.15328],[-118.07561,38.15446],[-118.07713,38.15734],[-118.07788,38.15718],[-118.0778,38.15873],[-118.08266,38.15766],[-118.08279,38.15969]]],[[[-118.0878,38.14972],[-118.08737,38.15059],[-118.08931,38.15141],[-118.09438,38.15231],[-118.09458,38.15178],[-118.0926,38.15132],[-118.09345,38.1493],[-118.09112,38.14872],[-118.09136,38.14816],[-118.08429,38.14766],[-118.08469,38.14732],[-118.08262,38.14586],[-118.08106,38.14624],[-118.08247,38.14723],[-118.07518,38.14536],[-118.07479,38.14642],[-118.07547,38.14722],[-118.08038,38.14843],[-118.07519,38.14836],[-118.07514,38.14891],[-118.08238,38.14937],[-118.08338,38.14967],[-118.08134,38.14952],[-118.08123,38.15006],[-118.08377,38.15024],[-118.08506,38.14958],[-118.08402,38.14932],[-118.08565,38.14969],[-118.0859,38.149],[-118.0878,38.14972]]],[[[-118.07444,38.1457],[-118.07447,38.14515],[-118.06926,38.14497],[-118.06923,38.14552],[-118.07444,38.1457]]],[[[-118.11026,38.14782],[-118.10742,38.14853],[-118.10836,38.149],[-118.11307,38.14732],[-118.11274,38.14683],[-118.11026,38.14782]]],[[[-118.10623,38.14903],[-118.10234,38.15026],[-118.10279,38.15093],[-118.10623,38.14903]]],[[[-118.09882,38.15178],[-118.09655,38.152],[-118.09652,38.15255],[-118.09778,38.15243],[-118.1017,38.15205],[-118.10172,38.1515],[-118.09882,38.15178]]],[[[-118.1072,38.15299],[-118.10531,38.15368],[-118.10554,38.1542],[-118.10743,38.15351],[-118.1072,38.15299]]],[[[-118.09778,38.15534],[-118.0969,38.15546],[-118.09712,38.15598],[-118.10092,38.15545],[-118.10069,38.15494],[-118.09778,38.15534]]],[[[-118.19347,38.06614],[-118.19348,38.06255],[-118.20278,38.0626],[-118.20279,38.05897],[-118.20745,38.059],[-118.20746,38.05174],[-118.19815,38.0517],[-118.19815,38.05532],[-118.19349,38.0553],[-118.19349,38.05893],[-118.18884,38.0589],[-118.18882,38.06611],[-118.19347,38.06614]]],[[[-118.41868,39.95673],[-118.41866,39.94224],[-118.43934,39.94224],[-118.43921,39.95673],[-118.41868,39.95673]]],[[[-118.26864,39.98571],[-118.26862,39.97123],[-118.28744,39.97122],[-118.28747,39.98571],[-118.26864,39.98571]]],[[[-118.36216,39.97121],[-118.36216,39.95672],[-118.381,39.95672],[-118.381,39.97122],[-118.36216,39.97121]]],[[[-118.19218,39.99931],[-118.21043,39.99921],[-118.21041,39.98472],[-118.19335,39.98471],[-118.19337,39.97122],[-118.21221,39.97122],[-118.21222,39.98572],[-118.23104,39.98572],[-118.23107,40.00022],[-118.21044,40.00021],[-118.21045,40.00191],[-118.1922,40.00208],[-118.19218,39.99931]]],[[[-118.30629,39.98571],[-118.30625,39.97122],[-118.32452,39.97123],[-118.32451,39.98571],[-118.30629,39.98571]]],[[[-118.23107,40.00022],[-118.24985,40.00021],[-118.24985,40.00154],[-118.23107,40.00172],[-118.23107,40.00022]]],[[[-118.39989,39.97122],[-118.39986,39.95673],[-118.41868,39.95673],[-118.41871,39.97121],[-118.39989,39.97122]]],[[[-118.24985,40.00021],[-118.24984,39.98572],[-118.26864,39.98571],[-118.26866,40.00021],[-118.24985,40.00021]]],[[[-118.34335,39.98571],[-118.34333,39.97122],[-118.36216,39.97121],[-118.36218,39.98571],[-118.34335,39.98571]]],[[[-118.26866,40.00021],[-118.28748,40.00021],[-118.28749,40.00118],[-118.26866,40.00136],[-118.26866,40.00021]]],[[[-118.28748,40.00021],[-118.28747,39.98571],[-118.30629,39.98571],[-118.30631,40.0002],[-118.28748,40.00021]]],[[[-118.38102,39.98571],[-118.381,39.97122],[-118.39989,39.97122],[-118.39986,39.98571],[-118.38102,39.98571]]],[[[-118.30631,40.0002],[-118.32449,40.0002],[-118.32449,40.00081],[-118.30631,40.00099],[-118.30631,40.0002]]],[[[-118.32449,40.0002],[-118.32451,39.98571],[-118.34335,39.98571],[-118.34334,40.0002],[-118.32449,40.0002]]],[[[-118.41871,39.98572],[-118.41871,39.97121],[-118.43932,39.97121],[-118.4393,39.98572],[-118.41871,39.98572]]],[[[-118.34334,40.0002],[-118.36217,40.00042],[-118.34334,40.00062],[-118.34334,40.0002]]],[[[-118.36217,40.00021],[-118.36218,39.98571],[-118.38102,39.98571],[-118.38102,40.00021],[-118.36217,40.00021]]],[[[-118.38102,40.00021],[-118.38311,40.0002],[-118.38102,40.00023],[-118.38102,40.00021]]],[[[-118.39986,39.98571],[-118.41871,39.98572],[-118.41875,39.99982],[-118.39989,40.00002],[-118.39986,39.98571]]],[[[-118.43899,39.99579],[-118.43915,39.99942],[-118.43895,39.99942],[-118.43899,39.99579]]]]},"properties":{"OBJECTID":3028,"FeatClass":"Fee","Category":"Fee","Own_Type":"FED","Own_Name":"BLM","Loc_Own":"","Mang_Type":"FED","Mang_Name":"BLM","Loc_Mang":"BLM","Des_Tp":"PUB","Loc_Ds":"Bureau of Land Management NV","Unit_Nm":"Stillwater Field Office","Loc_Nm":"Bureau of Land Management","State_Nm":"NV","Agg_Src":"USGS_PADUS4_0Fee_BLM_SMA_ADMU_Union","GIS_Src":"BLM_National_Surface_Management_Agency/sma_wm.gdb","Src_Date":"2022/02/14","GIS_Acres":3582451,"Source_PAID":"","WDPA_Cd":0,"Pub_Access":"OA","Access_Src":"GAP - Default","Access_Dt":"2024","GAP_Sts":"3","GAPCdSrc":"GAP - Default","GAPCdDt":"2024","IUCN_Cat":"Other Conservation Area","IUCNCtSrc":"GAP - Default","IUCNCtDt":"2024","Date_Est":"","Comments":"","EsmtHldr":null,"EHoldTyp":null,"WebServiceMangName":"BLM","TranspPct":null,"Shape__Area":24093301042.492188,"Shape__Length":3470725.2580931317}}]}